student_id,RegEventId,semester_credits,SGPA,CGPA_to_date
1,2,26.00,4.46,4.46
10,2,26.00,7.88,7.88
100,2,26.00,7.19,7.19
1000,9,26.00,7.31,7.31
1001,9,26.00,5.58,5.58
1002,9,26.00,6.88,6.88
1003,9,26.00,7.23,7.23
1004,9,26.00,7.31,7.31
1005,9,26.00,5.54,5.54
1006,9,26.00,7.85,7.85
1007,9,26.00,7.85,7.85
1008,9,26.00,5.73,5.73
1009,9,26.00,8.85,8.85
101,2,26.00,7.35,7.35
1010,9,26.00,6.85,6.85
1011,9,26.00,7.38,7.38
1012,9,26.00,4.50,4.50
1013,9,26.00,7.35,7.35
1014,9,26.00,6.00,6.00
1015,9,26.00,5.81,5.81
1016,9,26.00,5.50,5.50
1017,9,26.00,7.81,7.81
1018,9,26.00,6.38,6.38
1019,9,26.00,7.69,7.69
102,2,26.00,8.08,8.08
1020,9,26.00,8.23,8.23
1021,9,26.00,6.69,6.69
1022,9,26.00,6.08,6.08
1023,9,26.00,6.23,6.23
1024,9,26.00,6.38,6.38
1025,9,26.00,6.88,6.88
1026,9,26.00,7.38,7.38
1027,9,26.00,5.00,5.00
1028,9,26.00,7.31,7.31
1029,9,26.00,6.62,6.62
103,2,26.00,8.15,8.15
1030,9,26.00,7.77,7.77
1031,9,26.00,7.31,7.31
1032,9,26.00,3.42,3.42
1033,9,26.00,7.54,7.54
1034,9,26.00,8.35,8.35
1035,9,26.00,8.42,8.42
1036,9,26.00,7.15,7.15
1037,9,26.00,7.04,7.04
1038,9,26.00,6.15,6.15
1039,9,26.00,5.31,5.31
104,2,26.00,7.12,7.12
1040,9,26.00,8.15,8.15
1041,9,26.00,5.08,5.08
1042,9,26.00,8.19,8.19
1043,9,26.00,4.46,4.46
1044,9,26.00,7.50,7.50
1045,9,26.00,6.62,6.62
1046,9,26.00,6.38,6.38
1047,9,26.00,6.50,6.50
1048,9,26.00,7.92,7.92
1049,9,26.00,8.54,8.54
105,2,26.00,8.35,8.35
1050,9,26.00,8.27,8.27
1051,9,26.00,6.35,6.35
1052,9,26.00,6.85,6.85
1053,9,26.00,8.46,8.46
1054,9,26.00,7.00,7.00
1055,9,26.00,5.96,5.96
1056,9,26.00,7.04,7.04
1057,9,26.00,5.69,5.69
1058,9,26.00,6.27,6.27
1059,9,26.00,5.46,5.46
106,2,26.00,6.62,6.62
1060,9,26.00,7.54,7.54
1061,9,26.00,8.38,8.38
1062,9,26.00,8.15,8.15
1063,9,26.00,7.62,7.62
1064,9,26.00,6.12,6.12
1065,9,26.00,8.31,8.31
1066,9,26.00,5.04,5.04
1067,9,26.00,6.15,6.15
1068,9,26.00,5.88,5.88
1069,9,26.00,6.85,6.85
107,2,26.00,7.04,7.04
1070,9,26.00,6.27,6.27
1071,9,26.00,5.04,5.04
1072,9,26.00,7.50,7.50
1073,9,26.00,6.42,6.42
1074,9,26.00,5.35,5.35
1075,9,26.00,7.31,7.31
1076,9,26.00,3.65,3.65
1077,9,26.00,5.58,5.58
1078,9,26.00,8.31,8.31
1079,9,26.00,5.81,5.81
108,2,26.00,6.08,6.08
1080,9,26.00,6.65,6.65
1081,9,26.00,5.54,5.54
1082,9,26.00,6.42,6.42
1083,9,26.00,6.08,6.08
1084,9,26.00,6.12,6.12
1085,9,26.00,6.92,6.92
1086,9,26.00,7.00,7.00
1087,9,26.00,7.73,7.73
1088,9,26.00,7.92,7.92
1089,9,26.00,7.73,7.73
109,2,26.00,6.50,6.50
1090,11,26.00,7.08,7.08
1091,11,26.00,8.04,8.04
1092,11,26.00,5.15,5.15
1093,11,26.00,5.73,5.73
1094,11,26.00,6.62,6.62
1095,11,26.00,7.08,7.08
1096,11,26.00,5.85,5.85
1097,11,26.00,5.35,5.35
1098,11,26.00,5.77,5.77
1099,11,26.00,6.35,6.35
11,2,26.00,6.15,6.15
110,2,26.00,6.38,6.38
1100,11,26.00,7.42,7.42
1101,11,26.00,7.73,7.73
1102,11,26.00,7.31,7.31
1103,11,26.00,8.27,8.27
1104,11,26.00,7.46,7.46
1105,11,26.00,6.08,6.08
1106,11,26.00,5.88,5.88
1107,11,26.00,5.23,5.23
1108,11,26.00,5.23,5.23
1109,11,26.00,5.92,5.92
111,2,26.00,5.73,5.73
1110,11,26.00,8.12,8.12
1111,11,26.00,5.46,5.46
1112,11,26.00,8.15,8.15
1113,11,26.00,7.38,7.38
1114,11,26.00,6.54,6.54
1115,11,26.00,6.92,6.92
1116,11,26.00,6.54,6.54
1117,11,26.00,7.73,7.73
1118,11,26.00,7.65,7.65
1119,11,26.00,6.69,6.69
112,2,26.00,7.73,7.73
1120,11,26.00,7.96,7.96
1121,11,26.00,6.69,6.69
1122,11,26.00,4.54,4.54
1123,11,26.00,5.23,5.23
1124,11,26.00,4.69,4.69
1125,11,26.00,6.23,6.23
1126,11,26.00,9.50,9.50
1127,11,26.00,7.35,7.35
1128,11,26.00,5.69,5.69
1129,11,26.00,6.69,6.69
113,2,26.00,5.35,5.35
1130,11,26.00,7.15,7.15
1131,11,26.00,6.42,6.42
1132,11,26.00,6.31,6.31
1133,11,26.00,6.69,6.69
1134,11,26.00,6.96,6.96
11344,492,22.00,3.73,3.73
11345,492,22.00,5.86,5.86
11346,492,22.00,6.55,6.55
11347,492,22.00,6.59,6.59
11348,492,22.00,4.68,4.68
11349,492,22.00,3.36,3.36
1135,11,26.00,6.50,6.50
11350,492,22.00,6.32,6.32
11351,492,22.00,4.09,4.09
11352,492,22.00,4.95,4.95
11353,492,22.00,4.50,4.50
11354,492,22.00,3.55,3.55
11355,492,22.00,6.68,6.68
11356,492,22.00,4.64,4.64
11357,492,22.00,5.55,5.55
11358,492,22.00,5.05,5.05
11359,492,22.00,4.91,4.91
1136,11,26.00,5.23,5.23
11360,492,22.00,4.05,4.05
11361,492,22.00,6.36,6.36
11362,492,22.00,5.82,5.82
11363,492,22.00,6.86,6.86
11364,492,22.00,6.77,6.77
11365,492,22.00,4.23,4.23
11366,492,22.00,4.36,4.36
11367,492,22.00,3.59,3.59
11368,492,22.00,5.77,5.77
11369,492,22.00,5.00,5.00
1137,11,26.00,7.35,7.35
11370,492,22.00,4.27,4.27
11371,492,22.00,4.14,4.14
11372,492,22.00,4.82,4.82
11373,492,22.00,5.45,5.45
11374,492,22.00,4.55,4.55
11375,492,22.00,5.09,5.09
11376,492,22.00,4.55,4.55
11377,492,22.00,5.23,5.23
11378,492,22.00,4.73,4.73
11379,492,22.00,5.45,5.45
1138,11,26.00,6.04,6.04
11380,492,22.00,5.36,5.36
11381,492,22.00,4.91,4.91
11382,492,22.00,4.14,4.14
11383,492,22.00,5.45,5.45
11384,492,22.00,2.09,2.09
11385,492,22.00,5.95,5.95
11386,492,22.00,5.77,5.77
11387,492,22.00,5.73,5.73
11388,492,22.00,6.32,6.32
11389,492,22.00,6.18,6.18
1139,11,26.00,5.73,5.73
11390,492,22.00,4.59,4.59
11391,492,22.00,4.55,4.55
11392,492,22.00,2.59,2.59
11393,492,22.00,3.59,3.59
11394,492,22.00,3.59,3.59
11395,492,22.00,2.91,2.91
11396,492,22.00,2.23,2.23
11397,492,22.00,5.59,5.59
11398,492,22.00,3.00,3.00
11399,492,22.00,4.95,4.95
114,2,26.00,6.19,6.19
1140,11,26.00,6.42,6.42
11400,492,22.00,6.05,6.05
11401,492,22.00,5.36,5.36
11402,492,22.00,3.14,3.14
11403,492,22.00,6.32,6.32
11404,492,22.00,5.05,5.05
11405,492,22.00,4.27,4.27
11406,492,22.00,4.45,4.45
11407,492,22.00,4.27,4.27
11408,492,22.00,5.77,5.77
11409,492,22.00,4.14,4.14
1141,11,26.00,6.15,6.15
11410,492,22.00,3.86,3.86
11411,492,22.00,5.18,5.18
11412,492,22.00,5.64,5.64
11413,492,22.00,4.86,4.86
11414,492,22.00,5.64,5.64
11415,492,22.00,5.36,5.36
11416,492,22.00,6.18,6.18
11417,492,22.00,4.73,4.73
11418,492,22.00,5.55,5.55
11419,492,22.00,4.86,4.86
1142,11,26.00,5.35,5.35
11420,492,22.00,2.14,2.14
11421,492,22.00,4.73,4.73
11422,492,22.00,3.36,3.36
11423,492,22.00,4.95,4.95
11424,492,22.00,5.36,5.36
11425,492,22.00,4.64,4.64
11426,492,22.00,5.32,5.32
11427,492,22.00,5.00,5.00
11428,492,22.00,6.09,6.09
11429,492,22.00,5.82,5.82
1143,11,26.00,6.50,6.50
11430,492,22.00,5.50,5.50
11431,492,22.00,4.77,4.77
11432,492,22.00,4.45,4.45
11433,492,22.00,4.82,4.82
11434,493,23.00,5.70,5.70
11435,493,23.00,5.26,5.26
11436,493,23.00,4.57,4.57
11437,493,23.00,6.61,6.61
11438,493,23.00,4.04,4.04
11439,493,23.00,4.83,4.83
1144,11,26.00,5.12,5.12
11440,493,23.00,4.57,4.57
11441,493,23.00,5.26,5.26
11442,493,23.00,6.00,6.00
11443,493,23.00,6.61,6.61
11444,493,23.00,6.52,6.52
11445,493,23.00,3.83,3.83
11446,493,23.00,2.78,2.78
11447,493,23.00,7.87,7.87
11448,493,23.00,4.70,4.70
11449,493,23.00,5.87,5.87
1145,11,26.00,5.81,5.81
11450,493,23.00,4.57,4.57
11451,493,23.00,7.26,7.26
11452,493,23.00,5.30,5.30
11453,493,23.00,6.87,6.87
11454,493,23.00,3.17,3.17
11455,493,23.00,4.74,4.74
11456,493,23.00,6.04,6.04
11457,493,23.00,6.91,6.91
11458,493,23.00,5.65,5.65
11459,493,23.00,6.22,6.22
1146,11,26.00,7.31,7.31
11460,493,23.00,7.61,7.61
11461,493,23.00,4.74,4.74
11462,493,23.00,4.91,4.91
11463,493,23.00,5.22,5.22
11464,493,23.00,5.35,5.35
11465,493,23.00,4.39,4.39
11466,493,23.00,4.43,4.43
11467,493,23.00,5.91,5.91
11468,493,23.00,5.17,5.17
11469,493,23.00,6.57,6.57
1147,11,26.00,4.62,4.62
11470,493,23.00,6.00,6.00
11471,493,23.00,5.65,5.65
11472,493,23.00,4.65,4.65
11473,493,23.00,7.09,7.09
11474,493,23.00,2.91,2.91
11475,493,23.00,5.91,5.91
11476,493,23.00,5.35,5.35
11477,493,23.00,6.87,6.87
11478,493,23.00,5.17,5.17
11479,493,23.00,5.48,5.48
1148,11,26.00,3.77,3.77
11480,493,23.00,3.22,3.22
11481,493,23.00,6.43,6.43
11482,493,23.00,5.35,5.35
11483,493,23.00,6.87,6.87
11484,493,23.00,3.74,3.74
11486,493,23.00,4.96,4.96
11487,493,23.00,4.70,4.70
11488,493,23.00,5.39,5.39
11489,493,23.00,5.65,5.65
1149,11,26.00,7.65,7.65
11490,493,23.00,7.39,7.39
11491,493,23.00,5.96,5.96
11492,493,23.00,5.87,5.87
11493,493,23.00,3.83,3.83
11494,493,23.00,5.22,5.22
11495,493,23.00,5.09,5.09
11496,493,23.00,6.26,6.26
11497,493,23.00,6.83,6.83
11498,493,23.00,5.57,5.57
11499,493,23.00,5.22,5.22
115,2,26.00,7.15,7.15
1150,11,26.00,5.54,5.54
11500,493,23.00,6.04,6.04
11501,493,23.00,6.70,6.70
11502,493,23.00,6.26,6.26
11503,493,23.00,4.04,4.04
11504,493,23.00,5.35,5.35
11505,493,23.00,4.00,4.00
11506,493,23.00,4.87,4.87
11507,493,23.00,5.78,5.78
11508,493,23.00,5.87,5.87
11509,493,23.00,4.22,4.22
1151,11,26.00,5.77,5.77
11510,493,23.00,6.61,6.61
11511,493,23.00,6.13,6.13
11512,493,23.00,4.83,4.83
11513,493,23.00,3.74,3.74
11514,493,23.00,6.35,6.35
11515,493,23.00,4.26,4.26
11516,493,23.00,5.96,5.96
11517,493,23.00,5.87,5.87
11518,493,23.00,4.39,4.39
11519,493,23.00,2.48,2.48
1152,11,26.00,7.73,7.73
11520,493,23.00,4.30,4.30
11521,493,23.00,4.13,4.13
1153,11,26.00,5.38,5.38
1154,11,26.00,7.12,7.12
1155,11,26.00,4.92,4.92
1156,11,26.00,7.12,7.12
1157,11,26.00,5.69,5.69
1158,11,26.00,7.69,7.69
1159,11,26.00,6.54,6.54
116,2,26.00,6.65,6.65
1160,11,26.00,7.38,7.38
1161,11,26.00,7.54,7.54
1162,11,26.00,8.27,8.27
1163,11,26.00,4.38,4.38
1164,11,26.00,5.31,5.31
1165,11,26.00,7.73,7.73
1166,11,26.00,7.08,7.08
1167,11,26.00,7.81,7.81
1168,11,26.00,5.27,5.27
1169,11,26.00,8.19,8.19
117,2,26.00,7.31,7.31
1170,11,26.00,6.73,6.73
1171,11,26.00,7.12,7.12
1172,11,26.00,6.81,6.81
1173,11,26.00,7.92,7.92
1174,11,26.00,6.46,6.46
1175,11,26.00,7.54,7.54
1176,11,26.00,5.88,5.88
1177,11,26.00,6.19,6.19
1178,11,26.00,5.88,5.88
1179,11,26.00,7.19,7.19
118,2,26.00,7.81,7.81
1180,11,26.00,5.38,5.38
11804,500,22.00,4.14,4.14
11805,500,22.00,2.91,2.91
11806,500,22.00,4.68,4.68
11807,500,22.00,3.64,3.64
11808,500,22.00,6.00,6.00
11809,500,22.00,5.55,5.55
1181,11,26.00,6.88,6.88
11810,500,22.00,4.91,4.91
11811,500,22.00,3.36,3.36
11812,500,22.00,6.14,6.14
11813,500,22.00,5.09,5.09
11814,500,22.00,5.23,5.23
11815,500,22.00,5.36,5.36
11816,500,22.00,4.91,4.91
11817,500,22.00,5.00,5.00
11818,500,22.00,4.77,4.77
11819,500,22.00,4.41,4.41
1182,11,26.00,6.08,6.08
11820,500,22.00,5.91,5.91
11821,500,22.00,6.09,6.09
11822,500,22.00,1.82,1.82
11823,500,22.00,5.95,5.95
11824,500,22.00,3.95,3.95
11825,500,22.00,5.36,5.36
11826,500,22.00,6.36,6.36
11827,500,22.00,3.68,3.68
11828,500,22.00,5.73,5.73
11829,500,22.00,6.27,6.27
1183,11,26.00,8.62,8.62
11830,500,22.00,4.27,4.27
11831,500,22.00,5.95,5.95
11832,500,22.00,5.05,5.05
11833,500,22.00,5.50,5.50
11834,500,22.00,4.18,4.18
11835,500,22.00,4.36,4.36
11836,500,22.00,4.09,4.09
11837,500,22.00,6.27,6.27
11838,500,22.00,5.32,5.32
11839,500,22.00,3.32,3.32
1184,11,26.00,5.12,5.12
11840,500,22.00,4.09,4.09
11841,500,22.00,5.27,5.27
11842,500,22.00,6.68,6.68
11843,500,22.00,2.41,2.41
11844,500,22.00,5.68,5.68
11845,500,22.00,3.73,3.73
11846,500,22.00,3.55,3.55
11847,500,22.00,4.55,4.55
11848,500,22.00,6.41,6.41
11849,500,22.00,4.14,4.14
1185,11,26.00,4.69,4.69
11850,500,22.00,6.41,6.41
11851,500,22.00,5.09,5.09
11852,500,22.00,4.14,4.14
11853,500,22.00,6.05,6.05
11854,500,22.00,4.27,4.27
11855,500,22.00,5.50,5.50
11856,500,22.00,5.77,5.77
11857,500,22.00,2.09,2.09
11858,500,22.00,6.05,6.05
11859,500,22.00,4.32,4.32
1186,11,26.00,7.00,7.00
11860,500,22.00,7.32,7.32
11861,500,22.00,5.82,5.82
11862,500,22.00,1.73,1.73
11863,500,22.00,6.00,6.00
11864,500,22.00,7.73,7.73
11865,500,22.00,2.73,2.73
11866,500,22.00,7.50,7.50
11867,500,22.00,3.59,3.59
11868,500,22.00,5.27,5.27
11869,500,22.00,5.64,5.64
1187,11,26.00,7.85,7.85
11870,500,22.00,7.00,7.00
11871,500,22.00,4.36,4.36
11872,500,22.00,4.55,4.55
11873,500,22.00,4.95,4.95
11874,500,22.00,6.45,6.45
11875,500,22.00,6.41,6.41
11876,500,22.00,2.95,2.95
11877,500,22.00,6.14,6.14
11878,500,22.00,4.36,4.36
11879,500,22.00,4.00,4.00
1188,11,26.00,6.54,6.54
11880,500,22.00,4.86,4.86
11881,500,22.00,5.23,5.23
11882,500,22.00,4.23,4.23
11883,500,22.00,5.50,5.50
11884,500,22.00,3.59,3.59
11885,500,22.00,4.59,4.59
11886,500,22.00,3.55,3.55
11887,500,22.00,5.05,5.05
11888,500,22.00,4.14,4.14
11889,500,22.00,3.41,3.41
1189,11,26.00,5.00,5.00
11890,500,22.00,3.55,3.55
11891,500,22.00,2.82,2.82
11892,500,22.00,5.18,5.18
11893,500,22.00,5.68,5.68
11894,501,14.00,2.86,2.86
11895,501,14.00,3.86,3.86
11896,501,14.00,3.86,3.86
11897,501,14.00,5.57,5.57
11898,501,14.00,5.14,5.14
11899,501,14.00,4.79,4.79
119,2,26.00,7.73,7.73
1190,11,26.00,7.31,7.31
11900,501,14.00,7.21,7.21
11901,501,14.00,5.57,5.57
11902,501,14.00,2.36,2.36
11903,501,14.00,2.14,2.14
11904,501,14.00,8.00,8.00
11905,501,14.00,6.86,6.86
11906,501,14.00,5.64,5.64
11907,501,14.00,6.21,6.21
11908,501,14.00,6.64,6.64
11909,501,14.00,4.71,4.71
1191,11,26.00,7.69,7.69
11910,501,14.00,5.14,5.14
11911,501,14.00,7.79,7.79
11912,501,14.00,3.64,3.64
11913,501,14.00,6.07,6.07
11914,501,14.00,6.50,6.50
11915,501,14.00,5.29,5.29
11916,501,14.00,4.29,4.29
11917,501,14.00,4.71,4.71
11918,501,14.00,5.36,5.36
11919,501,14.00,7.43,7.43
1192,11,26.00,6.42,6.42
11920,501,14.00,7.57,7.57
11921,501,14.00,4.36,4.36
11922,501,14.00,3.71,3.71
11923,501,14.00,5.79,5.79
11924,501,14.00,5.64,5.64
11925,501,14.00,7.29,7.29
11926,501,14.00,4.71,4.71
11927,501,14.00,6.21,6.21
11928,501,14.00,6.57,6.57
11929,501,14.00,5.79,5.79
1193,11,26.00,4.38,4.38
11930,501,14.00,4.93,4.93
11931,501,14.00,4.07,4.07
11932,501,14.00,4.00,4.00
11933,501,14.00,6.93,6.93
11934,501,14.00,3.07,3.07
11935,501,14.00,6.07,6.07
11936,501,14.00,3.71,3.71
11937,501,14.00,5.93,5.93
11938,501,14.00,5.86,5.86
11939,501,14.00,4.50,4.50
1194,11,26.00,5.54,5.54
11940,501,14.00,4.36,4.36
11941,501,14.00,5.57,5.57
11942,501,14.00,6.64,6.64
11943,501,14.00,5.79,5.79
11944,501,14.00,3.64,3.64
11946,501,14.00,5.14,5.14
11947,501,14.00,5.29,5.29
11948,501,14.00,7.14,7.14
11949,501,14.00,3.79,3.79
1195,11,26.00,5.62,5.62
11950,501,14.00,5.57,5.57
11951,501,14.00,6.07,6.07
11952,501,14.00,5.29,5.29
11953,501,14.00,6.86,6.86
11954,501,14.00,4.57,4.57
11955,501,14.00,4.64,4.64
11956,501,14.00,3.71,3.71
11957,501,14.00,4.93,4.93
11958,501,14.00,5.43,5.43
11959,501,14.00,3.93,3.93
1196,11,26.00,9.15,9.15
11960,501,14.00,4.07,4.07
11961,501,14.00,4.36,4.36
11962,501,14.00,6.93,6.93
11963,501,14.00,4.50,4.50
11964,501,14.00,4.50,4.50
11965,501,14.00,8.00,8.00
11966,501,14.00,6.29,6.29
11967,501,14.00,5.36,5.36
11968,501,14.00,4.29,4.29
11969,501,14.00,1.93,1.93
1197,11,26.00,8.50,8.50
11970,501,14.00,4.64,4.64
11971,501,14.00,5.86,5.86
11972,501,14.00,4.71,4.71
11973,501,14.00,7.43,7.43
11974,501,14.00,5.50,5.50
11975,501,14.00,4.79,4.79
11976,501,14.00,6.00,6.00
11977,501,14.00,5.43,5.43
11978,501,14.00,4.86,4.86
11979,501,14.00,5.00,5.00
1198,11,26.00,7.85,7.85
11980,501,14.00,5.64,5.64
11981,501,14.00,4.29,4.29
1199,11,26.00,8.19,8.19
12,2,26.00,7.35,7.35
120,2,26.00,5.35,5.35
1200,11,26.00,7.46,7.46
1201,11,26.00,7.62,7.62
1202,11,26.00,6.42,6.42
1203,11,26.00,8.04,8.04
1204,11,26.00,7.77,7.77
1205,11,26.00,6.88,6.88
1206,11,26.00,6.31,6.31
1207,11,26.00,5.69,5.69
1208,11,26.00,7.77,7.77
1209,11,26.00,5.19,5.19
121,2,26.00,6.69,6.69
1210,11,26.00,6.88,6.88
1211,11,26.00,7.15,7.15
1212,11,26.00,7.77,7.77
1213,11,26.00,5.77,5.77
1214,11,26.00,6.50,6.50
1215,11,26.00,6.35,6.35
1216,11,26.00,5.69,5.69
1217,11,26.00,7.77,7.77
1218,11,26.00,6.31,6.31
1219,11,26.00,9.12,9.12
122,2,26.00,5.00,5.00
1220,11,26.00,5.73,5.73
1221,11,26.00,4.92,4.92
1222,11,26.00,5.31,5.31
1223,11,26.00,7.00,7.00
1224,11,26.00,8.58,8.58
1225,11,26.00,7.85,7.85
1226,11,26.00,7.58,7.58
1227,11,26.00,7.12,7.12
1228,11,26.00,6.85,6.85
1229,11,26.00,6.50,6.50
123,2,26.00,6.19,6.19
1230,11,26.00,8.12,8.12
1231,11,26.00,6.12,6.12
1232,11,26.00,6.65,6.65
1233,11,26.00,6.85,6.85
1234,11,26.00,6.54,6.54
12346,581,25.00,8.48,8.48
12347,581,25.00,6.84,6.84
12348,581,25.00,5.56,5.56
12349,581,25.00,5.96,5.96
1235,11,26.00,5.31,5.31
12350,581,25.00,6.24,6.24
12351,581,25.00,6.40,6.40
12352,581,25.00,6.76,6.76
12353,581,25.00,6.04,6.04
12354,581,25.00,7.76,7.76
12355,581,25.00,7.04,7.04
12356,581,25.00,8.12,8.12
12357,581,25.00,6.16,6.16
12358,581,25.00,7.24,7.24
12359,581,25.00,5.52,5.52
1236,11,26.00,5.46,5.46
12360,581,25.00,6.64,6.64
12361,581,25.00,9.24,9.24
12362,581,25.00,7.64,7.64
12363,581,25.00,8.00,8.00
12364,581,25.00,5.96,5.96
12365,581,25.00,4.60,4.60
12366,581,25.00,7.68,7.68
12367,581,25.00,5.52,5.52
12368,581,25.00,8.88,8.88
12369,581,25.00,7.68,7.68
1237,11,26.00,6.69,6.69
12370,581,25.00,6.52,6.52
12371,581,25.00,5.96,5.96
12372,581,25.00,6.60,6.60
12373,581,25.00,7.44,7.44
12374,581,25.00,7.76,7.76
12375,581,25.00,6.32,6.32
12376,581,25.00,7.12,7.12
12377,581,25.00,7.48,7.48
12378,581,25.00,6.60,6.60
12379,581,25.00,7.36,7.36
1238,11,26.00,7.81,7.81
12380,581,25.00,8.64,8.64
12381,581,25.00,6.76,6.76
12382,581,25.00,8.40,8.40
12383,581,25.00,7.48,7.48
12384,581,25.00,4.16,4.16
12385,581,25.00,5.92,5.92
12386,581,25.00,6.88,6.88
12387,581,25.00,7.96,7.96
12388,581,25.00,8.08,8.08
12389,581,25.00,5.96,5.96
1239,11,26.00,9.12,9.12
12390,581,25.00,7.20,7.20
12391,581,25.00,6.12,6.12
12392,581,25.00,7.72,7.72
12393,581,25.00,7.20,7.20
12394,581,25.00,6.20,6.20
12395,581,25.00,7.52,7.52
12396,581,25.00,5.48,5.48
12397,581,25.00,6.56,6.56
12398,581,25.00,7.68,7.68
12399,581,25.00,7.48,7.48
124,2,26.00,8.46,8.46
1240,11,26.00,7.42,7.42
12400,581,25.00,6.88,6.88
12401,581,25.00,6.72,6.72
12402,581,25.00,5.60,5.60
12403,581,25.00,6.76,6.76
12404,581,25.00,4.64,4.64
12405,581,25.00,4.64,4.64
12406,581,25.00,6.64,6.64
12407,581,25.00,6.56,6.56
12408,581,25.00,5.84,5.84
12409,581,25.00,7.12,7.12
1241,11,26.00,4.46,4.46
12410,581,25.00,6.52,6.52
12411,581,22.00,5.50,5.50
12412,581,25.00,5.28,5.28
12413,581,25.00,4.40,4.40
12414,581,25.00,5.80,5.80
12415,581,25.00,8.48,8.48
12416,581,25.00,7.48,7.48
12417,581,25.00,7.48,7.48
12418,581,25.00,7.80,7.80
12419,581,25.00,5.16,5.16
1242,11,26.00,6.85,6.85
12420,582,24.00,9.04,9.04
12421,582,24.00,6.63,6.63
12422,582,24.00,6.21,6.21
12423,582,24.00,6.71,6.71
12424,582,24.00,4.92,4.92
12425,582,24.00,8.04,8.04
12426,582,24.00,8.25,8.25
12427,582,24.00,5.92,5.92
12428,582,24.00,5.42,5.42
12429,582,24.00,7.13,7.13
1243,11,26.00,9.19,9.19
12430,582,24.00,7.00,7.00
12431,582,24.00,7.63,7.63
12432,582,24.00,5.79,5.79
12433,582,24.00,5.25,5.25
12434,582,24.00,6.58,6.58
12435,582,24.00,5.96,5.96
12436,582,24.00,7.96,7.96
12437,582,24.00,6.79,6.79
12438,582,24.00,5.71,5.71
12439,582,24.00,4.88,4.88
1244,11,26.00,7.35,7.35
12440,582,24.00,3.58,3.58
12441,582,24.00,7.71,7.71
12442,582,24.00,6.92,6.92
12443,582,24.00,6.54,6.54
12444,582,24.00,7.71,7.71
12445,582,24.00,7.00,7.00
12446,582,24.00,7.00,7.00
12447,582,24.00,8.38,8.38
12448,582,24.00,4.83,4.83
12449,582,24.00,6.33,6.33
1245,11,26.00,5.85,5.85
12450,582,24.00,6.67,6.67
12451,582,24.00,5.92,5.92
12452,582,24.00,7.50,7.50
12453,582,24.00,6.08,6.08
12454,582,24.00,5.75,5.75
12455,582,24.00,7.17,7.17
12456,582,24.00,8.08,8.08
12457,582,24.00,6.29,6.29
12458,582,24.00,5.63,5.63
12459,582,24.00,6.21,6.21
1246,11,26.00,4.73,4.73
12460,582,24.00,7.38,7.38
12461,582,24.00,6.04,6.04
12462,582,24.00,7.54,7.54
12463,582,24.00,7.46,7.46
12464,582,24.00,7.04,7.04
12465,582,24.00,7.17,7.17
12466,582,24.00,7.00,7.00
12467,582,24.00,7.67,7.67
12468,582,24.00,7.88,7.88
12469,582,24.00,8.42,8.42
1247,11,26.00,6.73,6.73
12470,582,24.00,6.71,6.71
12471,582,24.00,6.75,6.75
12472,582,24.00,4.63,4.63
12473,582,24.00,6.63,6.63
12474,582,24.00,7.21,7.21
12475,582,24.00,5.63,5.63
12476,582,24.00,4.88,4.88
12477,582,24.00,3.25,3.25
12478,582,24.00,7.88,7.88
12479,582,24.00,8.00,8.00
1248,11,26.00,7.50,7.50
12480,582,24.00,5.08,5.08
12481,582,24.00,4.29,4.29
12482,582,24.00,7.25,7.25
12483,582,24.00,4.75,4.75
12484,582,24.00,5.88,5.88
12485,582,22.00,5.95,5.95
12486,582,24.00,7.88,7.88
12487,582,24.00,4.67,4.67
12488,582,24.00,8.67,8.67
12489,582,24.00,6.21,6.21
1249,11,26.00,5.27,5.27
12490,582,24.00,7.83,7.83
12491,582,24.00,7.00,7.00
12492,582,24.00,6.92,6.92
12493,582,24.00,7.21,7.21
12494,582,24.00,4.79,4.79
12495,582,24.00,7.08,7.08
12496,582,24.00,7.25,7.25
12497,582,24.00,7.75,7.75
12498,582,24.00,5.29,5.29
12499,582,24.00,6.63,6.63
125,2,26.00,8.69,8.69
1250,11,26.00,7.42,7.42
12500,582,24.00,7.46,7.46
12501,582,24.00,5.83,5.83
12502,582,24.00,7.00,7.00
12503,582,24.00,5.21,5.21
12504,582,24.00,7.92,7.92
12505,582,24.00,8.42,8.42
12506,582,24.00,6.96,6.96
1251,11,26.00,5.08,5.08
1252,11,26.00,5.92,5.92
1253,11,26.00,8.50,8.50
1254,11,26.00,7.73,7.73
1255,11,26.00,6.00,6.00
1256,10,26.00,8.12,8.12
1257,10,26.00,8.46,8.46
1258,10,26.00,6.35,6.35
1259,10,26.00,6.00,6.00
126,2,26.00,6.31,6.31
1260,10,26.00,6.77,6.77
1261,10,26.00,7.96,7.96
1262,10,26.00,7.12,7.12
1263,10,26.00,5.73,5.73
1264,10,26.00,5.96,5.96
1265,10,26.00,6.23,6.23
1266,10,26.00,6.58,6.58
1267,10,26.00,3.92,3.92
1268,10,26.00,5.77,5.77
1269,10,26.00,5.85,5.85
127,2,26.00,6.69,6.69
1270,10,26.00,7.85,7.85
1271,10,26.00,8.23,8.23
1272,10,26.00,6.15,6.15
1273,10,26.00,7.00,7.00
1274,10,26.00,6.42,6.42
1275,10,26.00,7.46,7.46
12756,589,26.00,7.65,7.65
12757,589,26.00,6.31,6.31
12758,589,26.00,5.38,5.38
12759,589,26.00,6.92,6.92
1276,10,26.00,5.00,5.00
12760,589,26.00,5.27,5.27
12761,589,26.00,7.08,7.08
12762,589,26.00,7.08,7.08
12763,589,26.00,7.04,7.04
12764,589,26.00,6.65,6.65
12765,589,26.00,6.15,6.15
12766,589,26.00,7.23,7.23
12767,589,26.00,7.15,7.15
12768,589,26.00,7.65,7.65
12769,589,26.00,6.27,6.27
1277,10,26.00,3.81,3.81
12770,589,26.00,8.04,8.04
12771,589,26.00,5.50,5.50
12772,589,26.00,7.31,7.31
12773,589,26.00,7.77,7.77
12774,589,26.00,7.15,7.15
12775,589,26.00,6.62,6.62
12776,589,26.00,4.81,4.81
12777,589,26.00,6.19,6.19
12778,589,26.00,6.46,6.46
12779,589,26.00,6.73,6.73
1278,10,26.00,6.38,6.38
12780,589,26.00,7.54,7.54
12781,589,26.00,6.31,6.31
12782,589,26.00,7.00,7.00
12783,589,26.00,6.69,6.69
12784,589,26.00,6.92,6.92
12785,589,26.00,6.19,6.19
12786,589,26.00,7.12,7.12
12787,589,26.00,6.42,6.42
12788,589,26.00,6.38,6.38
12789,589,26.00,8.15,8.15
1279,10,26.00,6.81,6.81
12790,589,26.00,3.88,3.88
12791,589,26.00,7.08,7.08
12792,589,26.00,6.50,6.50
12793,589,26.00,6.15,6.15
12794,589,26.00,9.04,9.04
12795,589,26.00,5.73,5.73
12796,589,26.00,7.31,7.31
12797,589,26.00,8.19,8.19
12798,589,26.00,7.65,7.65
12799,589,26.00,7.92,7.92
128,2,26.00,5.12,5.12
1280,10,26.00,4.31,4.31
12800,589,26.00,7.62,7.62
12801,589,26.00,7.04,7.04
12802,589,26.00,6.35,6.35
12803,589,26.00,6.88,6.88
12804,589,26.00,6.69,6.69
12805,589,26.00,6.96,6.96
12806,589,26.00,5.46,5.46
12807,589,26.00,7.69,7.69
12808,589,26.00,7.19,7.19
12809,589,26.00,7.92,7.92
1281,10,26.00,7.27,7.27
12810,589,26.00,7.42,7.42
12811,589,26.00,6.85,6.85
12812,589,26.00,5.00,5.00
12813,589,26.00,6.00,6.00
12814,589,26.00,5.19,5.19
12815,589,26.00,4.96,4.96
12816,589,26.00,7.12,7.12
12817,589,26.00,8.08,8.08
12818,589,26.00,8.23,8.23
12819,589,26.00,5.88,5.88
1282,10,26.00,7.04,7.04
12820,589,26.00,6.00,6.00
12821,589,26.00,5.12,5.12
12822,589,26.00,6.15,6.15
12823,589,26.00,7.38,7.38
12824,589,26.00,7.96,7.96
12825,589,26.00,7.00,7.00
12826,589,26.00,6.92,6.92
12827,589,26.00,4.96,4.96
12828,589,26.00,7.12,7.12
12829,589,26.00,8.15,8.15
1283,10,26.00,8.08,8.08
12830,590,24.00,6.67,6.67
12831,590,24.00,6.33,6.33
12832,590,24.00,4.50,4.50
12833,590,24.00,6.96,6.96
12834,590,24.00,5.92,5.92
12835,590,24.00,6.96,6.96
12836,590,24.00,6.46,6.46
12837,590,24.00,5.96,5.96
12838,590,24.00,7.08,7.08
12839,590,24.00,4.96,4.96
1284,10,26.00,7.00,7.00
12840,590,24.00,7.50,7.50
12841,590,24.00,7.46,7.46
12842,590,24.00,6.17,6.17
12843,590,24.00,6.38,6.38
12844,590,24.00,6.92,6.92
12845,590,24.00,6.88,6.88
12846,590,24.00,8.00,8.00
12847,590,24.00,3.83,3.83
12848,590,24.00,8.17,8.17
12849,590,24.00,6.58,6.58
1285,10,26.00,5.54,5.54
12850,590,24.00,6.29,6.29
12851,590,24.00,8.00,8.00
12852,590,24.00,6.79,6.79
12853,590,24.00,7.88,7.88
12854,590,24.00,7.00,7.00
12855,590,24.00,6.75,6.75
12856,590,24.00,7.71,7.71
12857,590,24.00,6.29,6.29
12858,590,24.00,6.75,6.75
12859,590,24.00,6.88,6.88
1286,10,26.00,6.42,6.42
12860,590,24.00,6.96,6.96
12861,590,24.00,7.96,7.96
12862,590,24.00,4.88,4.88
12863,590,24.00,7.75,7.75
12864,590,24.00,7.21,7.21
12865,590,24.00,7.04,7.04
12866,590,24.00,6.04,6.04
12867,590,24.00,4.67,4.67
12868,590,24.00,6.29,6.29
12869,590,24.00,6.25,6.25
1287,10,26.00,5.46,5.46
12870,590,24.00,5.92,5.92
12871,590,24.00,7.67,7.67
12872,590,24.00,5.08,5.08
12873,590,24.00,7.00,7.00
12874,590,24.00,7.38,7.38
12875,590,24.00,8.00,8.00
12876,590,24.00,6.50,6.50
12877,590,24.00,7.71,7.71
12878,590,24.00,6.58,6.58
12879,590,24.00,8.00,8.00
1288,10,26.00,6.23,6.23
12880,590,24.00,6.21,6.21
12881,590,24.00,4.13,4.13
12882,590,24.00,5.88,5.88
12883,590,24.00,6.92,6.92
12884,590,24.00,6.08,6.08
12885,590,24.00,5.42,5.42
12886,590,24.00,3.63,3.63
12887,590,24.00,7.96,7.96
12888,590,24.00,5.58,5.58
12889,590,24.00,7.58,7.58
1289,10,26.00,6.92,6.92
12890,590,24.00,5.92,5.92
12891,590,24.00,7.04,7.04
12892,590,24.00,6.75,6.75
12893,590,24.00,7.75,7.75
12894,590,24.00,5.83,5.83
12895,590,24.00,7.42,7.42
12896,590,24.00,6.58,6.58
12897,590,24.00,8.75,8.75
12898,590,24.00,4.25,4.25
12899,590,24.00,5.38,5.38
129,2,26.00,6.50,6.50
1290,10,26.00,8.58,8.58
12900,590,24.00,6.42,6.42
12901,590,24.00,7.25,7.25
12902,590,24.00,7.17,7.17
12903,590,24.00,7.79,7.79
12904,590,24.00,6.38,6.38
12905,590,24.00,7.63,7.63
12906,590,24.00,5.21,5.21
12907,590,24.00,6.08,6.08
12908,590,24.00,5.67,5.67
12909,590,24.00,6.21,6.21
1291,10,26.00,7.04,7.04
12910,590,24.00,8.88,8.88
12911,590,24.00,6.79,6.79
12912,590,24.00,7.08,7.08
12913,590,24.00,7.92,7.92
12914,590,24.00,7.96,7.96
12915,590,24.00,7.25,7.25
12916,590,24.00,7.63,7.63
1292,10,26.00,6.58,6.58
1293,10,26.00,7.54,7.54
1294,10,26.00,5.35,5.35
1295,10,26.00,7.85,7.85
1296,10,26.00,6.15,6.15
1297,10,26.00,5.69,5.69
1298,10,26.00,6.58,6.58
1299,10,26.00,4.50,4.50
13,2,26.00,6.88,6.88
130,2,26.00,6.65,6.65
1300,10,26.00,6.88,6.88
1301,10,26.00,7.69,7.69
1302,10,26.00,7.46,7.46
13022,622,3.00,8.00,8.00
13023,622,3.00,10.00,10.00
13025,622,3.00,6.00,6.00
13029,622,3.00,8.00,8.00
1303,10,26.00,7.38,7.38
1304,10,26.00,5.81,5.81
1305,10,26.00,4.54,4.54
1306,10,26.00,6.77,6.77
1307,10,26.00,8.46,8.46
1308,10,26.00,7.46,7.46
1309,10,26.00,7.54,7.54
131,2,26.00,4.35,4.35
1310,10,26.00,8.08,8.08
1311,10,26.00,7.62,7.62
1312,10,26.00,5.73,5.73
1313,10,26.00,5.92,5.92
1314,10,26.00,5.65,5.65
1315,10,26.00,6.85,6.85
1316,10,26.00,8.19,8.19
1317,10,26.00,3.77,3.77
1318,10,26.00,7.27,7.27
1319,10,26.00,5.54,5.54
13196,633,20.00,7.00,7.00
13197,633,20.00,8.40,8.40
13198,633,20.00,6.00,6.00
13199,633,20.00,8.65,8.65
132,2,26.00,6.46,6.46
1320,10,26.00,4.46,4.46
13200,633,20.00,7.95,7.95
13201,633,20.00,4.95,4.95
13202,633,20.00,6.10,6.10
13203,633,20.00,8.80,8.80
13204,633,20.00,5.75,5.75
13205,633,20.00,6.50,6.50
13206,633,20.00,6.60,6.60
13207,633,20.00,6.65,6.65
13208,633,20.00,6.75,6.75
13209,633,20.00,7.80,7.80
1321,10,26.00,6.27,6.27
13210,633,20.00,4.40,4.40
13211,633,20.00,6.45,6.45
13212,633,20.00,5.80,5.80
13213,633,20.00,7.50,7.50
13214,633,20.00,8.00,8.00
13215,633,20.00,6.50,6.50
13216,633,20.00,3.75,3.75
13217,633,20.00,7.15,7.15
13218,633,20.00,8.75,8.75
13219,633,20.00,8.30,8.30
13220,633,20.00,8.20,8.20
13221,633,20.00,8.15,8.15
13222,633,17.00,7.00,7.00
13223,633,20.00,3.90,3.90
13224,633,20.00,6.70,6.70
13225,633,20.00,7.45,7.45
13226,633,20.00,7.60,7.60
13227,633,20.00,4.05,4.05
13228,633,20.00,7.40,7.40
13229,633,20.00,4.40,4.40
1323,10,26.00,4.54,4.54
13230,633,20.00,8.45,8.45
13231,633,20.00,4.95,4.95
13232,633,20.00,7.65,7.65
13233,633,20.00,6.25,6.25
13234,633,20.00,4.65,4.65
13235,633,20.00,4.70,4.70
13236,633,20.00,7.85,7.85
13237,633,20.00,6.40,6.40
13238,633,20.00,4.85,4.85
13239,633,20.00,8.40,8.40
1324,10,26.00,7.38,7.38
13240,633,20.00,7.25,7.25
13241,633,20.00,4.80,4.80
13242,633,20.00,9.00,9.00
13243,633,20.00,7.05,7.05
13244,633,20.00,8.45,8.45
13245,633,20.00,7.45,7.45
13246,633,20.00,8.55,8.55
13247,633,20.00,6.70,6.70
13248,633,20.00,5.80,5.80
13249,633,20.00,6.35,6.35
1325,10,26.00,6.88,6.88
13250,633,20.00,6.35,6.35
13251,633,17.00,7.12,7.12
13252,633,20.00,8.30,8.30
13253,633,20.00,5.65,5.65
13254,633,20.00,6.95,6.95
13255,633,20.00,6.85,6.85
13256,633,20.00,4.45,4.45
13257,633,20.00,8.20,8.20
13258,633,20.00,7.50,7.50
13259,633,20.00,8.55,8.55
1326,10,26.00,7.62,7.62
13260,633,20.00,7.80,7.80
13261,633,20.00,5.20,5.20
13262,633,20.00,3.65,3.65
13263,633,20.00,5.95,5.95
13264,633,20.00,4.95,4.95
13265,634,22.00,7.32,7.32
13266,634,22.00,6.68,6.68
13267,634,22.00,7.27,7.27
13268,634,22.00,7.68,7.68
13269,634,22.00,6.36,6.36
1327,10,26.00,8.23,8.23
13270,634,22.00,8.09,8.09
13271,634,22.00,8.55,8.55
13272,634,22.00,7.09,7.09
13273,634,22.00,7.50,7.50
13274,634,22.00,5.77,5.77
13275,634,22.00,7.14,7.14
13276,634,22.00,7.00,7.00
13277,634,22.00,5.32,5.32
13278,634,22.00,5.86,5.86
13279,634,22.00,7.09,7.09
1328,10,26.00,7.65,7.65
13280,634,22.00,6.82,6.82
13281,634,22.00,5.14,5.14
13282,634,22.00,8.68,8.68
13283,634,22.00,7.00,7.00
13284,634,22.00,6.36,6.36
13285,634,22.00,6.91,6.91
13286,634,22.00,5.86,5.86
13287,634,22.00,7.91,7.91
13288,634,22.00,7.86,7.86
13289,634,22.00,7.32,7.32
1329,10,26.00,6.88,6.88
13290,634,22.00,7.59,7.59
13291,634,22.00,6.77,6.77
13292,634,22.00,7.14,7.14
13293,634,22.00,7.00,7.00
13294,634,22.00,6.09,6.09
13295,634,22.00,5.00,5.00
13296,634,22.00,4.18,4.18
13297,634,22.00,8.82,8.82
13298,634,22.00,6.73,6.73
13299,634,22.00,8.00,8.00
133,2,26.00,7.50,7.50
1330,10,26.00,6.23,6.23
13300,634,22.00,6.32,6.32
13301,634,22.00,7.23,7.23
13302,634,22.00,6.23,6.23
13303,634,22.00,6.14,6.14
13304,634,22.00,4.45,4.45
13305,634,22.00,6.86,6.86
13306,634,22.00,6.73,6.73
13307,634,22.00,5.95,5.95
13308,634,22.00,7.23,7.23
13309,634,22.00,5.95,5.95
1331,10,26.00,6.00,6.00
13310,634,22.00,5.68,5.68
13311,634,22.00,6.36,6.36
13312,634,22.00,5.50,5.50
13313,634,22.00,7.00,7.00
13314,634,22.00,4.68,4.68
13315,634,22.00,7.91,7.91
13316,634,22.00,6.59,6.59
13317,634,22.00,7.18,7.18
13318,634,22.00,6.91,6.91
13319,634,22.00,5.18,5.18
1332,10,26.00,7.50,7.50
13320,634,22.00,7.00,7.00
13321,634,22.00,7.45,7.45
13322,634,22.00,7.32,7.32
13323,634,22.00,8.41,8.41
13324,634,22.00,7.23,7.23
13325,634,22.00,4.50,4.50
13326,634,22.00,7.32,7.32
13327,634,22.00,8.05,8.05
13328,634,22.00,6.23,6.23
13329,634,22.00,8.32,8.32
1333,10,26.00,6.88,6.88
13330,634,22.00,4.55,4.55
13331,634,22.00,6.95,6.95
13332,634,22.00,6.45,6.45
13333,634,22.00,6.14,6.14
13334,634,22.00,4.50,4.50
13335,634,22.00,6.91,6.91
13336,634,22.00,6.91,6.91
13337,634,22.00,6.73,6.73
13338,634,22.00,7.86,7.86
13339,634,22.00,6.68,6.68
1334,10,26.00,7.38,7.38
13340,634,22.00,6.95,6.95
13341,634,22.00,5.95,5.95
13342,634,22.00,7.27,7.27
13343,634,22.00,6.91,6.91
13344,634,22.00,6.64,6.64
13345,634,22.00,4.77,4.77
13346,634,22.00,4.36,4.36
13347,634,22.00,7.05,7.05
13348,634,22.00,6.14,6.14
13349,634,22.00,4.86,4.86
1335,10,26.00,5.04,5.04
13350,634,22.00,4.64,4.64
1336,10,26.00,7.19,7.19
1337,10,26.00,6.23,6.23
1338,10,26.00,5.62,5.62
1339,10,26.00,7.31,7.31
134,2,26.00,6.92,6.92
1340,10,26.00,6.69,6.69
1341,10,26.00,8.38,8.38
1342,10,26.00,8.65,8.65
1343,10,26.00,5.38,5.38
1344,10,26.00,7.35,7.35
1345,10,26.00,8.19,8.19
1346,10,26.00,7.27,7.27
1347,10,26.00,5.50,5.50
1348,10,26.00,5.38,5.38
1349,10,26.00,5.85,5.85
135,2,26.00,8.62,8.62
1350,10,26.00,7.69,7.69
1351,10,26.00,6.00,6.00
1352,10,26.00,7.08,7.08
1353,10,26.00,7.15,7.15
1354,10,26.00,7.23,7.23
1355,10,26.00,8.15,8.15
1356,10,26.00,6.88,6.88
1357,10,26.00,8.58,8.58
13574,641,20.00,8.20,8.20
13575,641,20.00,3.05,3.05
13576,641,20.00,6.40,6.40
13577,641,20.00,7.55,7.55
13578,641,20.00,6.75,6.75
13579,641,20.00,5.55,5.55
1358,10,26.00,5.62,5.62
13580,641,20.00,7.85,7.85
13581,641,20.00,6.55,6.55
13582,641,20.00,5.50,5.50
13583,641,20.00,7.60,7.60
13584,641,20.00,7.80,7.80
13585,641,20.00,6.65,6.65
13586,641,20.00,7.85,7.85
13587,641,20.00,6.30,6.30
13588,641,20.00,6.80,6.80
13589,641,20.00,4.60,4.60
1359,10,26.00,7.92,7.92
13590,641,20.00,6.65,6.65
13591,641,20.00,8.05,8.05
13592,641,20.00,7.10,7.10
13593,641,20.00,7.55,7.55
13594,641,20.00,6.30,6.30
13595,641,20.00,9.05,9.05
13596,641,20.00,8.00,8.00
13597,641,20.00,5.25,5.25
13598,641,20.00,3.40,3.40
13599,641,20.00,6.90,6.90
136,2,26.00,7.62,7.62
1360,10,26.00,8.04,8.04
13600,641,23.00,6.87,6.87
13601,641,20.00,5.55,5.55
13602,641,20.00,6.30,6.30
13603,641,20.00,6.45,6.45
13604,641,20.00,5.95,5.95
13605,641,20.00,4.55,4.55
13606,641,20.00,7.20,7.20
13607,641,20.00,8.00,8.00
13608,641,20.00,6.85,6.85
13609,641,20.00,7.90,7.90
1361,10,26.00,5.27,5.27
13610,641,20.00,5.50,5.50
13611,641,20.00,7.45,7.45
13612,641,20.00,7.25,7.25
13613,641,20.00,7.15,7.15
13614,641,20.00,6.80,6.80
13615,641,20.00,7.50,7.50
13616,641,20.00,6.90,6.90
13617,641,20.00,3.70,3.70
13618,641,20.00,4.20,4.20
13619,641,20.00,7.75,7.75
1362,10,26.00,6.69,6.69
13620,641,20.00,6.45,6.45
13621,641,20.00,5.60,5.60
13622,641,20.00,7.65,7.65
13623,641,20.00,6.60,6.60
13624,641,20.00,6.25,6.25
13625,641,20.00,8.55,8.55
13626,641,20.00,6.25,6.25
13627,641,20.00,5.40,5.40
13628,641,20.00,7.30,7.30
13629,641,23.00,8.26,8.26
1363,10,26.00,5.92,5.92
13630,641,20.00,4.90,4.90
13631,641,20.00,6.30,6.30
13632,641,20.00,5.90,5.90
13633,641,20.00,5.95,5.95
13634,641,20.00,7.65,7.65
13635,641,20.00,8.30,8.30
13636,641,20.00,8.50,8.50
13637,641,20.00,8.15,8.15
13638,641,20.00,3.05,3.05
13639,641,20.00,7.35,7.35
1364,10,26.00,9.00,9.00
13640,641,20.00,6.50,6.50
13641,641,20.00,7.65,7.65
13642,641,20.00,6.65,6.65
13643,642,19.00,8.16,8.16
13644,642,19.00,4.63,4.63
13645,642,19.00,7.42,7.42
13646,642,19.00,3.11,3.11
13647,642,19.00,6.26,6.26
13648,642,19.00,5.21,5.21
13649,642,19.00,6.95,6.95
1365,10,26.00,6.65,6.65
13650,642,19.00,5.16,5.16
13651,642,19.00,4.89,4.89
13652,642,19.00,6.47,6.47
13653,642,19.00,9.16,9.16
13654,642,19.00,5.58,5.58
13655,642,19.00,8.21,8.21
13656,642,19.00,6.42,6.42
13657,642,19.00,6.42,6.42
13658,642,19.00,8.00,8.00
13659,642,19.00,2.32,2.32
1366,10,26.00,8.23,8.23
13660,642,19.00,7.00,7.00
13661,642,19.00,6.95,6.95
13662,642,19.00,7.00,7.00
13663,642,19.00,5.58,5.58
13664,642,19.00,6.11,6.11
13665,642,19.00,7.11,7.11
13666,642,19.00,6.89,6.89
13667,642,19.00,7.32,7.32
13668,642,19.00,5.00,5.00
13669,642,19.00,8.16,8.16
1367,10,26.00,6.77,6.77
13670,642,19.00,8.00,8.00
13671,642,19.00,8.37,8.37
13672,642,19.00,7.32,7.32
13673,642,19.00,7.95,7.95
13674,642,19.00,4.26,4.26
13675,642,19.00,6.95,6.95
13676,642,19.00,8.05,8.05
13677,642,19.00,9.11,9.11
13678,642,19.00,4.79,4.79
13679,642,19.00,8.11,8.11
1368,10,26.00,6.15,6.15
13680,642,19.00,6.32,6.32
13681,642,19.00,7.42,7.42
13682,642,19.00,8.32,8.32
13683,642,19.00,6.74,6.74
13684,642,19.00,4.26,4.26
13685,642,19.00,5.63,5.63
13686,642,19.00,6.74,6.74
13687,642,19.00,8.26,8.26
13688,642,19.00,6.74,6.74
13689,642,19.00,6.63,6.63
1369,10,26.00,5.19,5.19
13690,642,19.00,8.42,8.42
13691,642,19.00,6.74,6.74
13692,642,19.00,7.32,7.32
13693,642,19.00,5.68,5.68
13694,642,19.00,6.16,6.16
13695,642,19.00,8.42,8.42
13696,642,19.00,7.37,7.37
13697,642,19.00,6.32,6.32
13698,642,19.00,6.53,6.53
13699,642,19.00,8.32,8.32
137,2,26.00,4.58,4.58
1370,10,26.00,6.00,6.00
13700,642,19.00,7.47,7.47
13701,642,19.00,7.00,7.00
13702,642,19.00,8.84,8.84
13703,642,19.00,3.47,3.47
13704,642,19.00,6.79,6.79
13705,642,19.00,8.32,8.32
13706,642,19.00,7.47,7.47
13707,642,19.00,8.21,8.21
13708,642,19.00,6.42,6.42
13709,642,19.00,6.74,6.74
1371,10,26.00,6.46,6.46
13710,642,19.00,5.58,5.58
13711,642,19.00,8.58,8.58
13712,642,19.00,8.42,8.42
13713,642,19.00,6.89,6.89
13714,642,19.00,6.95,6.95
13715,642,19.00,6.11,6.11
13716,642,19.00,6.58,6.58
13717,642,19.00,4.05,4.05
13718,642,19.00,6.16,6.16
13719,642,19.00,8.74,8.74
1372,10,26.00,8.42,8.42
13720,642,19.00,7.16,7.16
13721,642,19.00,6.63,6.63
13722,642,19.00,7.74,7.74
13723,642,19.00,8.16,8.16
13724,642,19.00,7.32,7.32
13725,642,19.00,7.00,7.00
13726,642,19.00,7.63,7.63
13727,642,19.00,7.32,7.32
13728,642,19.00,5.68,5.68
1373,10,26.00,5.58,5.58
1374,10,26.00,5.92,5.92
1375,10,26.00,6.00,6.00
1376,10,26.00,3.46,3.46
1377,10,26.00,7.08,7.08
1378,10,26.00,7.00,7.00
1379,10,26.00,6.62,6.62
138,2,26.00,6.58,6.58
1380,10,26.00,4.92,4.92
1381,10,26.00,6.77,6.77
1382,10,26.00,7.62,7.62
1383,10,26.00,8.35,8.35
1384,10,26.00,3.62,3.62
1385,10,26.00,7.62,7.62
1386,10,26.00,5.38,5.38
1387,10,26.00,7.77,7.77
1388,10,26.00,8.12,8.12
1389,10,26.00,4.88,4.88
139,2,26.00,7.77,7.77
1390,10,26.00,3.00,3.00
1391,10,26.00,6.31,6.31
1392,10,26.00,7.31,7.31
1394,10,26.00,8.58,8.58
1395,10,26.00,6.69,6.69
1396,10,26.00,5.73,5.73
1397,10,26.00,5.19,5.19
1398,10,26.00,4.38,4.38
1399,10,26.00,3.92,3.92
14,2,26.00,7.00,7.00
140,2,26.00,6.38,6.38
1400,10,26.00,6.42,6.42
1401,10,26.00,6.65,6.65
1402,10,26.00,5.23,5.23
1403,10,26.00,7.50,7.50
1404,10,26.00,8.00,8.00
1405,10,26.00,6.12,6.12
1406,10,26.00,7.00,7.00
1407,10,26.00,6.08,6.08
1408,10,26.00,7.62,7.62
1409,10,26.00,8.35,8.35
141,2,26.00,8.19,8.19
1410,10,26.00,7.50,7.50
1411,10,26.00,5.54,5.54
1412,10,26.00,4.77,4.77
1413,10,26.00,6.69,6.69
1414,10,26.00,6.38,6.38
1415,10,26.00,7.65,7.65
1416,10,26.00,7.15,7.15
1417,10,26.00,8.08,8.08
1418,10,26.00,5.69,5.69
1419,10,26.00,7.85,7.85
142,2,26.00,7.31,7.31
1420,10,26.00,7.04,7.04
1421,10,26.00,6.35,6.35
1422,10,26.00,4.88,4.88
1423,10,26.00,6.50,6.50
1424,10,26.00,7.46,7.46
1425,10,26.00,6.31,6.31
1426,10,26.00,4.73,4.73
1427,10,26.00,7.23,7.23
1428,10,26.00,2.62,2.62
1429,10,26.00,8.23,8.23
143,2,26.00,4.38,4.38
1430,10,26.00,8.08,8.08
1431,10,26.00,6.62,6.62
1432,10,26.00,4.69,4.69
1433,10,26.00,7.08,7.08
1434,10,26.00,3.12,3.12
1435,10,26.00,8.00,8.00
1436,10,26.00,7.92,7.92
1437,10,26.00,7.27,7.27
1438,10,26.00,5.62,5.62
1439,10,26.00,6.81,6.81
144,2,26.00,7.73,7.73
1440,10,26.00,8.00,8.00
1441,10,26.00,6.35,6.35
1442,10,26.00,5.77,5.77
1443,10,26.00,7.04,7.04
1444,10,26.00,5.42,5.42
1445,10,26.00,7.04,7.04
1446,10,26.00,7.08,7.08
1447,10,26.00,6.35,6.35
1448,10,26.00,6.15,6.15
1449,10,26.00,5.69,5.69
145,2,26.00,6.58,6.58
1450,10,26.00,6.00,6.00
1452,10,26.00,7.85,7.85
1453,10,26.00,5.81,5.81
1454,10,26.00,7.50,7.50
1455,10,26.00,5.27,5.27
1456,10,26.00,7.00,7.00
1457,10,26.00,5.08,5.08
1458,10,26.00,6.15,6.15
1459,10,26.00,7.04,7.04
146,2,26.00,7.50,7.50
1460,10,26.00,6.08,6.08
1461,10,26.00,6.00,6.00
1462,10,26.00,8.19,8.19
1463,10,26.00,5.73,5.73
1464,10,26.00,7.00,7.00
1465,10,26.00,7.15,7.15
1466,10,26.00,4.65,4.65
1467,10,26.00,7.69,7.69
1468,10,26.00,7.92,7.92
1469,12,26.00,5.62,5.62
147,2,26.00,6.27,6.27
1470,12,26.00,6.96,6.96
1471,12,26.00,3.46,3.46
1472,12,26.00,7.42,7.42
1473,12,26.00,6.35,6.35
1474,12,26.00,6.31,6.31
1475,12,26.00,7.58,7.58
1476,12,26.00,6.46,6.46
1477,12,26.00,8.19,8.19
1478,12,26.00,8.31,8.31
1479,12,26.00,4.31,4.31
148,2,26.00,7.69,7.69
1480,12,26.00,6.81,6.81
1481,12,26.00,6.85,6.85
1482,12,26.00,7.27,7.27
1483,12,26.00,5.38,5.38
1484,12,26.00,6.69,6.69
1485,12,26.00,4.31,4.31
1486,12,26.00,6.65,6.65
1487,12,26.00,5.00,5.00
1488,12,26.00,8.85,8.85
1489,12,26.00,4.77,4.77
149,2,26.00,3.54,3.54
1490,12,26.00,7.54,7.54
1491,12,26.00,7.00,7.00
1492,12,26.00,7.50,7.50
1493,12,26.00,5.35,5.35
14937,670,24.00,4.13,4.13
14938,670,24.00,6.63,6.63
14939,670,24.00,5.25,5.25
1494,12,26.00,6.92,6.92
14940,670,24.00,4.13,4.13
14941,670,24.00,5.96,5.96
14942,670,24.00,4.96,4.96
14943,670,24.00,5.00,5.00
14944,670,24.00,3.08,3.08
14945,670,24.00,4.75,4.75
14946,670,24.00,5.67,5.67
14947,670,24.00,3.75,3.75
14948,670,24.00,5.08,5.08
14949,670,24.00,3.75,3.75
1495,12,26.00,6.54,6.54
14950,670,24.00,4.92,4.92
14951,670,24.00,5.25,5.25
14952,670,24.00,3.71,3.71
14953,670,24.00,3.04,3.04
14954,670,24.00,3.79,3.79
14955,670,24.00,5.00,5.00
14956,670,24.00,5.13,5.13
14957,670,24.00,6.21,6.21
14958,670,24.00,5.92,5.92
14959,670,24.00,5.17,5.17
1496,12,26.00,5.77,5.77
14960,670,24.00,4.42,4.42
14961,670,24.00,6.75,6.75
14962,670,24.00,6.50,6.50
14963,670,24.00,6.21,6.21
14964,670,24.00,4.92,4.92
14965,670,24.00,4.50,4.50
14966,670,24.00,5.46,5.46
14967,670,24.00,4.25,4.25
14968,670,24.00,6.00,6.00
14969,670,24.00,5.29,5.29
1497,12,26.00,5.08,5.08
14970,670,24.00,5.33,5.33
14971,670,24.00,4.67,4.67
14972,670,24.00,6.17,6.17
14973,670,24.00,6.63,6.63
14974,670,24.00,5.96,5.96
14975,670,24.00,5.50,5.50
14976,670,24.00,4.13,4.13
14977,670,24.00,6.21,6.21
14978,670,24.00,4.67,4.67
14979,670,24.00,4.25,4.25
1498,12,26.00,5.54,5.54
14980,670,24.00,4.88,4.88
14981,670,24.00,5.96,5.96
14982,670,24.00,4.67,4.67
14983,670,24.00,5.67,5.67
14984,670,24.00,5.58,5.58
14985,670,24.00,4.58,4.58
14986,670,24.00,5.29,5.29
14987,670,24.00,6.38,6.38
14988,670,24.00,3.58,3.58
14989,670,21.00,3.33,3.33
1499,12,26.00,6.38,6.38
14990,670,24.00,3.96,3.96
14991,670,24.00,4.75,4.75
14992,670,24.00,5.17,5.17
14993,670,24.00,4.71,4.71
14994,670,24.00,3.75,3.75
14995,670,24.00,4.63,4.63
14996,670,24.00,4.50,4.50
14997,670,24.00,4.88,4.88
14998,670,24.00,6.00,6.00
14999,670,24.00,5.17,5.17
15,2,26.00,6.19,6.19
150,2,26.00,8.35,8.35
1500,12,26.00,4.85,4.85
15000,670,24.00,5.46,5.46
15001,670,24.00,5.50,5.50
15002,670,24.00,5.83,5.83
15003,670,24.00,2.63,2.63
15004,670,24.00,5.88,5.88
15005,670,24.00,6.96,6.96
15006,670,24.00,4.71,4.71
15007,670,24.00,3.54,3.54
15008,670,24.00,4.92,4.92
15009,670,24.00,5.46,5.46
1501,12,26.00,6.23,6.23
15010,670,24.00,4.50,4.50
15011,670,24.00,6.04,6.04
15012,670,24.00,5.75,5.75
15013,670,24.00,7.42,7.42
15014,670,24.00,4.79,4.79
15015,670,24.00,4.92,4.92
15016,670,24.00,6.29,6.29
15017,670,24.00,5.42,5.42
15018,670,24.00,5.58,5.58
15019,670,24.00,4.50,4.50
1502,12,26.00,5.35,5.35
15020,670,24.00,4.54,4.54
15021,670,24.00,7.17,7.17
15022,670,24.00,6.63,6.63
15023,670,24.00,5.96,5.96
15024,670,24.00,4.38,4.38
15025,670,24.00,4.96,4.96
15026,670,24.00,5.17,5.17
15027,671,23.00,4.65,4.65
15028,671,23.00,4.57,4.57
15029,671,23.00,6.43,6.43
1503,12,26.00,6.50,6.50
15030,671,23.00,5.39,5.39
15031,671,23.00,5.91,5.91
15032,671,23.00,2.74,2.74
15033,671,23.00,5.70,5.70
15034,671,23.00,5.48,5.48
15035,671,23.00,3.48,3.48
15036,671,23.00,5.61,5.61
15037,671,23.00,4.35,4.35
15038,671,23.00,3.30,3.30
15039,671,23.00,4.30,4.30
1504,12,26.00,6.65,6.65
15040,671,23.00,5.43,5.43
15041,671,23.00,6.43,6.43
15042,671,23.00,5.74,5.74
15043,671,23.00,4.61,4.61
15044,671,23.00,7.87,7.87
15045,671,23.00,5.78,5.78
15046,671,23.00,6.26,6.26
15047,671,23.00,4.57,4.57
15048,671,23.00,3.35,3.35
15049,671,23.00,3.96,3.96
1505,12,26.00,7.58,7.58
15050,671,23.00,4.78,4.78
15051,671,23.00,5.39,5.39
15052,671,23.00,5.00,5.00
15053,671,23.00,3.39,3.39
15054,671,23.00,4.48,4.48
15055,671,23.00,6.17,6.17
15056,671,23.00,6.13,6.13
15057,671,23.00,5.00,5.00
15058,671,23.00,6.43,6.43
15059,671,23.00,3.52,3.52
1506,12,26.00,6.00,6.00
15060,671,23.00,4.35,4.35
15061,671,23.00,3.43,3.43
15062,671,23.00,6.13,6.13
15063,671,23.00,5.52,5.52
15064,671,23.00,6.39,6.39
15065,671,23.00,5.39,5.39
15066,671,23.00,5.52,5.52
15067,671,23.00,6.91,6.91
15068,671,23.00,3.57,3.57
15069,671,23.00,4.35,4.35
1507,12,26.00,7.31,7.31
15070,671,23.00,5.61,5.61
15071,671,23.00,3.61,3.61
15072,671,23.00,4.48,4.48
15073,671,23.00,4.70,4.70
15074,671,23.00,4.35,4.35
15075,671,23.00,5.52,5.52
15076,671,23.00,4.74,4.74
15077,671,23.00,5.39,5.39
15078,671,23.00,5.09,5.09
15079,671,23.00,4.83,4.83
1508,12,26.00,8.12,8.12
15080,671,23.00,3.91,3.91
15081,671,23.00,6.00,6.00
15082,671,23.00,5.48,5.48
15083,671,23.00,5.26,5.26
15084,671,23.00,5.26,5.26
15085,671,23.00,4.96,4.96
15086,671,23.00,2.48,2.48
15087,671,23.00,5.09,5.09
15088,671,23.00,4.26,4.26
15089,671,23.00,4.43,4.43
1509,12,26.00,5.42,5.42
15090,671,23.00,1.83,1.83
15091,671,23.00,5.39,5.39
15092,671,23.00,6.43,6.43
15093,671,23.00,4.74,4.74
15094,671,23.00,5.26,5.26
15095,671,23.00,5.61,5.61
15096,671,23.00,6.00,6.00
15097,671,23.00,2.78,2.78
15098,671,23.00,6.30,6.30
15099,671,23.00,3.52,3.52
151,2,26.00,6.04,6.04
1510,12,26.00,6.69,6.69
15100,671,23.00,5.35,5.35
15101,671,23.00,4.65,4.65
15102,671,23.00,6.91,6.91
15103,671,23.00,5.78,5.78
15104,671,23.00,5.65,5.65
15105,671,23.00,4.96,4.96
15106,671,23.00,4.87,4.87
15107,671,23.00,6.65,6.65
15108,671,23.00,6.57,6.57
15109,671,23.00,6.52,6.52
1511,12,26.00,6.27,6.27
15110,671,23.00,4.65,4.65
15111,671,23.00,6.65,6.65
15112,671,23.00,6.91,6.91
15113,671,23.00,4.17,4.17
1512,12,26.00,5.65,5.65
1513,12,26.00,7.38,7.38
1514,12,26.00,8.69,8.69
1515,12,26.00,8.19,8.19
1516,12,26.00,5.54,5.54
1517,12,26.00,8.54,8.54
1518,12,26.00,7.27,7.27
1519,12,26.00,4.77,4.77
152,2,26.00,6.35,6.35
1520,12,26.00,5.58,5.58
1521,12,26.00,4.00,4.00
1522,12,26.00,7.69,7.69
1523,12,26.00,7.00,7.00
1524,12,26.00,6.54,6.54
1525,12,26.00,5.35,5.35
1526,12,26.00,6.38,6.38
1527,12,26.00,7.00,7.00
1528,12,26.00,7.27,7.27
1529,12,26.00,7.88,7.88
153,2,26.00,5.35,5.35
1530,12,26.00,8.85,8.85
1531,12,26.00,7.85,7.85
1532,12,26.00,5.19,5.19
1533,12,26.00,4.27,4.27
1534,12,26.00,4.85,4.85
1536,12,26.00,8.92,8.92
1537,12,26.00,5.77,5.77
1538,12,26.00,5.69,5.69
1539,12,26.00,5.62,5.62
15397,678,27.00,5.63,5.63
15398,678,27.00,4.59,4.59
15399,678,27.00,6.85,6.85
154,2,26.00,4.85,4.85
1540,12,26.00,9.19,9.19
15400,678,27.00,5.15,5.15
15401,678,27.00,5.59,5.59
15402,678,27.00,6.11,6.11
15403,678,27.00,5.15,5.15
15404,678,27.00,4.96,4.96
15405,678,27.00,5.56,5.56
15406,678,27.00,4.70,4.70
15407,678,27.00,4.04,4.04
15408,678,27.00,4.00,4.00
15409,678,27.00,1.48,1.48
1541,12,26.00,7.46,7.46
15410,678,27.00,6.41,6.41
15411,678,27.00,6.59,6.59
15412,678,27.00,6.59,6.59
15413,678,27.00,3.59,3.59
15414,678,27.00,5.81,5.81
15415,678,27.00,5.15,5.15
15416,678,27.00,5.15,5.15
15417,678,27.00,5.93,5.93
15418,678,27.00,4.74,4.74
15419,678,27.00,4.26,4.26
1542,12,26.00,6.96,6.96
15420,678,27.00,6.93,6.93
15421,678,27.00,3.30,3.30
15422,678,27.00,4.81,4.81
15423,678,27.00,5.63,5.63
15424,678,27.00,4.41,4.41
15425,678,27.00,3.48,3.48
15426,678,27.00,4.89,4.89
15427,678,27.00,5.56,5.56
15428,678,27.00,5.70,5.70
15429,678,27.00,5.07,5.07
1543,12,26.00,6.62,6.62
15430,678,27.00,6.26,6.26
15431,678,27.00,5.00,5.00
15432,678,27.00,6.70,6.70
15433,678,27.00,6.59,6.59
15434,678,27.00,3.78,3.78
15435,678,27.00,5.30,5.30
15436,678,27.00,3.93,3.93
15437,678,27.00,4.07,4.07
15438,678,27.00,5.26,5.26
15439,678,27.00,4.44,4.44
1544,12,26.00,7.42,7.42
15440,678,27.00,4.70,4.70
15441,678,27.00,4.85,4.85
15442,678,27.00,7.00,7.00
15443,678,27.00,5.74,5.74
15444,678,27.00,4.81,4.81
15445,678,27.00,3.67,3.67
15446,678,27.00,3.44,3.44
15447,678,27.00,4.70,4.70
15448,678,27.00,5.78,5.78
15449,678,27.00,5.19,5.19
1545,12,26.00,7.12,7.12
15450,678,27.00,6.07,6.07
15451,678,27.00,7.41,7.41
15452,678,27.00,4.74,4.74
15453,678,27.00,3.89,3.89
15454,678,27.00,4.48,4.48
15455,678,27.00,5.74,5.74
15456,678,27.00,4.96,4.96
15457,678,27.00,4.19,4.19
15458,678,27.00,4.67,4.67
15459,678,27.00,4.63,4.63
1546,12,26.00,6.15,6.15
15460,678,27.00,5.52,5.52
15461,678,27.00,4.78,4.78
15462,678,27.00,4.67,4.67
15463,678,27.00,4.11,4.11
15464,678,27.00,3.37,3.37
15465,678,27.00,3.81,3.81
15466,678,27.00,6.22,6.22
15467,678,27.00,3.04,3.04
15468,678,27.00,4.22,4.22
15469,678,27.00,3.78,3.78
1547,12,26.00,7.31,7.31
15470,678,27.00,5.15,5.15
15471,678,27.00,4.70,4.70
15472,678,27.00,5.52,5.52
15473,678,27.00,5.37,5.37
15474,678,27.00,5.67,5.67
15475,678,27.00,3.11,3.11
15476,678,27.00,3.59,3.59
15477,678,27.00,4.89,4.89
15478,678,27.00,6.04,6.04
15479,678,27.00,4.56,4.56
1548,12,26.00,7.92,7.92
15480,678,27.00,4.59,4.59
15481,678,27.00,5.59,5.59
15482,678,27.00,5.67,5.67
15483,678,27.00,7.15,7.15
15484,678,27.00,3.04,3.04
15485,678,27.00,5.74,5.74
15486,678,27.00,3.37,3.37
15487,679,25.00,4.44,4.44
15488,679,25.00,4.76,4.76
15489,679,25.00,3.84,3.84
1549,12,26.00,7.08,7.08
15490,679,25.00,6.60,6.60
15491,679,25.00,6.36,6.36
15492,679,25.00,4.92,4.92
15493,679,25.00,3.64,3.64
15494,679,25.00,5.28,5.28
15495,679,25.00,3.68,3.68
15496,679,25.00,3.60,3.60
15497,679,25.00,4.64,4.64
15498,679,25.00,3.96,3.96
15499,679,25.00,3.56,3.56
155,2,26.00,7.31,7.31
1550,12,26.00,7.73,7.73
15500,679,25.00,2.76,2.76
15501,679,25.00,5.20,5.20
15502,679,25.00,6.40,6.40
15503,679,25.00,4.12,4.12
15504,679,25.00,2.92,2.92
15505,679,25.00,5.28,5.28
15506,679,25.00,4.64,4.64
15507,679,25.00,5.28,5.28
15508,679,25.00,4.00,4.00
15509,679,25.00,5.84,5.84
1551,12,26.00,6.35,6.35
15510,679,25.00,5.56,5.56
15511,679,25.00,6.44,6.44
15512,679,25.00,4.96,4.96
15513,679,25.00,3.48,3.48
15514,679,25.00,5.80,5.80
15515,679,25.00,5.08,5.08
15516,679,25.00,5.48,5.48
15517,679,25.00,3.48,3.48
15518,679,25.00,5.12,5.12
15519,679,25.00,4.00,4.00
1552,12,26.00,7.23,7.23
15520,679,25.00,3.68,3.68
15521,679,25.00,6.84,6.84
15522,679,25.00,6.00,6.00
15523,679,25.00,4.92,4.92
15524,679,25.00,5.44,5.44
15525,679,25.00,6.20,6.20
15526,679,25.00,4.44,4.44
15527,679,25.00,5.40,5.40
15528,679,25.00,5.92,5.92
15529,679,25.00,5.20,5.20
1553,12,26.00,6.12,6.12
15530,679,25.00,4.44,4.44
15531,679,25.00,4.24,4.24
15532,679,25.00,5.72,5.72
15533,679,25.00,5.40,5.40
15534,679,25.00,6.76,6.76
15535,679,25.00,5.88,5.88
15536,679,25.00,6.44,6.44
15537,679,25.00,3.72,3.72
15538,679,25.00,6.72,6.72
15539,679,25.00,5.32,5.32
1554,12,26.00,6.85,6.85
15540,679,25.00,7.04,7.04
15541,679,25.00,5.84,5.84
15542,679,25.00,5.72,5.72
15543,679,25.00,5.84,5.84
15544,679,25.00,6.44,6.44
15545,679,25.00,3.68,3.68
15546,679,25.00,2.60,2.60
15547,679,25.00,6.44,6.44
15548,679,25.00,5.84,5.84
15549,679,25.00,4.88,4.88
1555,12,26.00,7.58,7.58
15550,679,25.00,5.12,5.12
15551,679,25.00,6.56,6.56
15552,679,25.00,1.68,1.68
15553,679,25.00,4.40,4.40
15554,679,25.00,6.12,6.12
15555,679,25.00,5.16,5.16
15556,679,25.00,5.88,5.88
15557,679,25.00,5.92,5.92
15558,679,25.00,4.40,4.40
15559,679,25.00,2.64,2.64
1556,12,26.00,8.65,8.65
15560,679,25.00,3.72,3.72
15561,679,25.00,6.12,6.12
15562,679,25.00,6.68,6.68
15563,679,25.00,6.00,6.00
15564,679,25.00,4.52,4.52
15565,679,25.00,5.48,5.48
15566,679,25.00,6.04,6.04
15567,679,25.00,4.92,4.92
15568,679,25.00,4.48,4.48
15569,679,25.00,6.24,6.24
1557,12,26.00,6.85,6.85
15570,679,25.00,2.96,2.96
15571,679,25.00,5.32,5.32
15572,679,25.00,5.12,5.12
15573,679,25.00,6.40,6.40
1558,12,26.00,7.35,7.35
1559,12,26.00,5.73,5.73
156,2,26.00,7.81,7.81
1560,12,26.00,7.00,7.00
1561,12,26.00,8.00,8.00
1562,12,26.00,6.27,6.27
1563,12,26.00,7.73,7.73
1564,12,26.00,4.77,4.77
1565,12,26.00,6.62,6.62
1566,12,26.00,6.54,6.54
1567,12,26.00,7.62,7.62
1568,12,26.00,4.38,4.38
1569,12,26.00,8.73,8.73
157,2,26.00,6.42,6.42
1570,12,26.00,6.69,6.69
1571,12,26.00,6.38,6.38
1572,12,26.00,6.58,6.58
1573,12,26.00,8.81,8.81
1574,12,26.00,6.92,6.92
1575,12,26.00,5.46,5.46
1576,12,26.00,8.46,8.46
1577,12,26.00,6.65,6.65
1578,12,26.00,7.27,7.27
1579,12,26.00,7.62,7.62
158,2,26.00,7.38,7.38
1580,12,26.00,8.46,8.46
1581,12,26.00,8.27,8.27
1582,12,26.00,6.27,6.27
1583,12,26.00,6.00,6.00
15839,686,20.00,6.35,6.35
1584,12,26.00,7.73,7.73
15840,686,20.00,6.95,6.95
15841,686,20.00,4.95,4.95
15842,686,20.00,4.75,4.75
15843,686,20.00,5.55,5.55
15844,686,20.00,7.30,7.30
15845,686,20.00,6.35,6.35
15846,686,20.00,8.30,8.30
15847,686,20.00,6.70,6.70
15848,686,20.00,8.20,8.20
15849,686,20.00,6.40,6.40
1585,12,26.00,7.15,7.15
15850,686,20.00,7.55,7.55
15851,686,20.00,8.05,8.05
15852,686,20.00,6.40,6.40
15853,686,20.00,6.85,6.85
15854,686,20.00,7.20,7.20
15855,686,20.00,7.45,7.45
15856,686,20.00,7.35,7.35
15857,686,20.00,6.45,6.45
15858,686,20.00,4.15,4.15
15859,686,20.00,5.75,5.75
1586,12,26.00,6.77,6.77
15860,686,20.00,6.30,6.30
15861,686,20.00,6.45,6.45
15862,686,20.00,5.55,5.55
15863,686,20.00,6.10,6.10
15864,686,20.00,5.55,5.55
15865,686,20.00,4.95,4.95
15866,686,20.00,6.90,6.90
15867,686,20.00,7.40,7.40
15868,686,20.00,5.10,5.10
15869,686,20.00,4.20,4.20
1587,12,26.00,8.81,8.81
15870,686,20.00,6.15,6.15
15871,686,20.00,8.25,8.25
15872,686,20.00,5.70,5.70
15873,686,20.00,8.05,8.05
15874,686,20.00,6.60,6.60
15875,686,20.00,8.25,8.25
15876,686,20.00,4.10,4.10
15877,686,20.00,7.80,7.80
15878,686,20.00,7.20,7.20
15879,686,20.00,7.20,7.20
1588,12,26.00,7.38,7.38
15880,686,20.00,5.80,5.80
15881,686,20.00,7.50,7.50
15882,686,20.00,6.90,6.90
15883,686,20.00,4.30,4.30
15884,686,20.00,8.50,8.50
15885,686,20.00,6.15,6.15
15886,686,20.00,6.85,6.85
15887,686,20.00,7.10,7.10
15888,686,20.00,8.45,8.45
15889,686,20.00,4.20,4.20
1589,12,26.00,6.35,6.35
15890,686,20.00,7.05,7.05
15891,686,20.00,6.65,6.65
15892,686,20.00,7.50,7.50
15893,686,20.00,6.30,6.30
15894,686,20.00,6.75,6.75
15895,686,20.00,7.95,7.95
15896,686,20.00,8.10,8.10
15897,686,20.00,7.50,7.50
15898,686,20.00,7.50,7.50
15899,686,20.00,6.10,6.10
159,2,26.00,7.62,7.62
1590,12,26.00,5.69,5.69
15900,686,20.00,8.05,8.05
15901,686,20.00,6.55,6.55
15902,686,20.00,7.10,7.10
15903,686,20.00,6.55,6.55
15904,686,20.00,7.75,7.75
15905,686,20.00,5.00,5.00
15906,686,20.00,8.20,8.20
15907,686,20.00,5.10,5.10
15908,686,20.00,6.85,6.85
15909,686,20.00,6.30,6.30
1591,12,26.00,3.35,3.35
15910,686,20.00,7.80,7.80
15911,686,20.00,6.00,6.00
15912,686,20.00,5.95,5.95
15913,687,17.00,7.59,7.59
15914,687,17.00,4.59,4.59
15915,687,17.00,6.12,6.12
15916,687,17.00,5.12,5.12
15917,687,17.00,6.88,6.88
15918,687,17.00,7.18,7.18
15919,687,17.00,6.35,6.35
1592,12,26.00,5.15,5.15
15920,687,17.00,8.59,8.59
15921,687,17.00,6.35,6.35
15922,687,17.00,7.94,7.94
15923,687,17.00,8.76,8.76
15924,687,17.00,6.06,6.06
15925,687,17.00,6.29,6.29
15926,687,17.00,8.41,8.41
15927,687,17.00,8.29,8.29
15928,687,17.00,6.88,6.88
15929,687,17.00,7.29,7.29
1593,12,26.00,7.58,7.58
15930,687,17.00,6.59,6.59
15931,687,17.00,5.18,5.18
15932,687,17.00,6.71,6.71
15933,687,17.00,1.18,1.18
15934,687,17.00,6.00,6.00
15935,687,17.00,6.71,6.71
15936,687,17.00,7.88,7.88
15937,687,17.00,7.41,7.41
15938,687,17.00,6.18,6.18
15939,687,17.00,6.06,6.06
1594,12,26.00,6.81,6.81
15940,687,17.00,8.00,8.00
15941,687,17.00,7.41,7.41
15942,687,17.00,7.94,7.94
15943,687,17.00,5.65,5.65
15944,687,17.00,6.65,6.65
15945,687,17.00,8.35,8.35
15946,687,17.00,6.18,6.18
15947,687,17.00,6.71,6.71
15948,687,17.00,6.76,6.76
15949,687,17.00,7.47,7.47
1595,12,26.00,8.88,8.88
15950,687,17.00,6.00,6.00
15951,687,17.00,6.59,6.59
15952,687,17.00,6.82,6.82
15953,687,17.00,5.29,5.29
15954,687,17.00,8.94,8.94
15955,687,17.00,8.29,8.29
15956,687,17.00,6.71,6.71
15957,687,17.00,8.06,8.06
15958,687,17.00,8.41,8.41
15959,687,17.00,6.18,6.18
1596,12,26.00,6.00,6.00
15960,687,17.00,6.41,6.41
15961,687,17.00,5.29,5.29
15962,687,17.00,8.76,8.76
15963,687,17.00,7.06,7.06
15964,687,17.00,5.82,5.82
15965,687,17.00,6.41,6.41
15966,687,17.00,3.35,3.35
15967,687,17.00,4.94,4.94
15968,687,17.00,6.53,6.53
15969,687,17.00,8.24,8.24
1597,12,26.00,7.77,7.77
15970,687,17.00,2.29,2.29
15971,687,17.00,8.59,8.59
15972,687,17.00,6.47,6.47
15973,687,17.00,6.29,6.29
15974,687,17.00,4.59,4.59
15975,687,17.00,7.94,7.94
15976,687,17.00,6.35,6.35
15977,687,17.00,5.59,5.59
15978,687,17.00,7.59,7.59
15979,687,17.00,7.35,7.35
1598,12,26.00,6.77,6.77
15980,687,17.00,4.94,4.94
15981,687,17.00,7.18,7.18
15982,687,17.00,4.76,4.76
15983,687,17.00,7.71,7.71
15984,687,17.00,6.47,6.47
15985,687,17.00,6.71,6.71
15986,687,17.00,9.35,9.35
15987,687,17.00,9.12,9.12
15988,687,17.00,6.18,6.18
15989,687,17.00,6.71,6.71
1599,12,26.00,5.27,5.27
15990,687,17.00,7.24,7.24
15991,687,17.00,7.71,7.71
15992,687,17.00,5.12,5.12
15993,687,17.00,6.35,6.35
15994,687,17.00,5.47,5.47
15995,687,17.00,9.18,9.18
15996,687,17.00,7.35,7.35
15997,687,17.00,6.35,6.35
15998,687,17.00,6.88,6.88
15999,687,17.00,7.29,7.29
16,2,26.00,5.46,5.46
160,2,26.00,5.46,5.46
1600,12,26.00,6.23,6.23
1601,12,26.00,7.00,7.00
1602,12,26.00,4.81,4.81
1603,12,26.00,4.92,4.92
1604,12,26.00,7.38,7.38
1605,12,26.00,8.15,8.15
1607,12,26.00,6.92,6.92
1608,12,26.00,7.54,7.54
1609,12,26.00,6.69,6.69
161,2,26.00,9.12,9.12
1610,12,26.00,8.50,8.50
1611,12,26.00,7.46,7.46
1612,12,26.00,6.19,6.19
1613,12,26.00,7.77,7.77
1614,12,26.00,9.12,9.12
1615,12,26.00,6.46,6.46
1616,12,26.00,7.73,7.73
1617,12,26.00,6.77,6.77
1618,12,26.00,6.69,6.69
1619,12,26.00,8.00,8.00
162,2,26.00,6.65,6.65
1620,12,26.00,4.92,4.92
1621,12,26.00,6.73,6.73
1622,12,26.00,6.46,6.46
1623,12,26.00,5.46,5.46
1624,12,26.00,8.23,8.23
16249,694,16.00,5.63,5.63
1625,12,26.00,5.31,5.31
16250,694,16.00,6.56,6.56
16251,694,16.00,5.88,5.88
16252,694,16.00,6.25,6.25
16253,694,16.00,7.38,7.38
16254,694,16.00,7.06,7.06
16255,694,16.00,6.94,6.94
16256,694,16.00,4.88,4.88
16257,694,16.00,4.00,4.00
16258,694,16.00,5.19,5.19
16259,694,16.00,5.13,5.13
1626,12,26.00,7.46,7.46
16260,694,16.00,6.81,6.81
16261,694,16.00,6.94,6.94
16262,694,16.00,8.19,8.19
16263,694,16.00,7.50,7.50
16264,694,16.00,7.25,7.25
16265,694,16.00,5.31,5.31
16266,694,16.00,3.94,3.94
16267,694,16.00,5.88,5.88
16268,694,16.00,9.00,9.00
16269,694,16.00,7.31,7.31
1627,12,26.00,6.54,6.54
16270,694,16.00,5.00,5.00
16271,694,16.00,3.56,3.56
16272,694,16.00,4.50,4.50
16273,694,16.00,6.88,6.88
16274,694,16.00,5.31,5.31
16275,694,16.00,5.50,5.50
16276,694,16.00,7.81,7.81
16277,694,16.00,7.06,7.06
16278,694,16.00,7.31,7.31
16279,694,16.00,9.06,9.06
1628,12,26.00,7.08,7.08
16280,694,16.00,7.13,7.13
16281,694,16.00,5.25,5.25
16282,694,16.00,7.63,7.63
16283,694,16.00,6.50,6.50
16284,694,16.00,7.00,7.00
16285,694,16.00,8.06,8.06
16286,694,16.00,7.06,7.06
16287,694,16.00,5.56,5.56
16288,694,16.00,7.44,7.44
16289,694,16.00,6.94,6.94
1629,12,26.00,8.04,8.04
16290,694,16.00,5.75,5.75
16291,694,16.00,7.25,7.25
16292,694,16.00,6.13,6.13
16293,694,16.00,5.00,5.00
16294,694,16.00,8.31,8.31
16295,694,16.00,4.75,4.75
16296,694,16.00,5.31,5.31
16297,694,16.00,7.94,7.94
16298,694,16.00,6.56,6.56
16299,694,16.00,5.69,5.69
163,2,26.00,7.92,7.92
1630,12,26.00,7.08,7.08
16300,694,16.00,8.06,8.06
16301,694,16.00,8.88,8.88
16302,694,16.00,6.19,6.19
16303,694,16.00,4.69,4.69
16304,694,16.00,7.31,7.31
16305,694,16.00,5.50,5.50
16306,694,16.00,6.50,6.50
16307,694,16.00,7.81,7.81
16308,694,16.00,7.63,7.63
16309,694,16.00,7.06,7.06
1631,12,26.00,7.12,7.12
16310,694,16.00,5.56,5.56
16311,694,16.00,5.13,5.13
16312,694,16.00,6.19,6.19
16313,694,16.00,6.00,6.00
16314,694,16.00,2.13,2.13
16315,694,16.00,7.38,7.38
16316,694,16.00,5.63,5.63
16317,694,16.00,6.31,6.31
16318,694,16.00,4.81,4.81
16319,694,16.00,8.06,8.06
1632,12,26.00,8.31,8.31
16320,694,16.00,5.31,5.31
16321,694,16.00,7.50,7.50
16322,694,16.00,7.25,7.25
16323,695,17.00,8.35,8.35
16324,695,17.00,8.88,8.88
16325,695,17.00,8.00,8.00
16326,695,17.00,7.59,7.59
16327,695,17.00,6.59,6.59
16328,695,17.00,9.12,9.12
16329,695,17.00,5.65,5.65
1633,12,26.00,6.50,6.50
16330,695,17.00,8.24,8.24
16331,695,17.00,4.00,4.00
16332,695,17.00,7.71,7.71
16333,695,17.00,7.41,7.41
16334,695,17.00,9.18,9.18
16335,695,17.00,6.35,6.35
16336,695,17.00,7.47,7.47
16337,695,17.00,8.18,8.18
16338,695,17.00,6.00,6.00
16339,695,17.00,7.71,7.71
1634,12,26.00,6.08,6.08
16340,695,17.00,8.53,8.53
16341,695,17.00,7.88,7.88
16342,695,17.00,4.47,4.47
16343,695,17.00,6.71,6.71
16344,695,17.00,8.00,8.00
16345,695,17.00,6.82,6.82
16346,695,17.00,5.24,5.24
16347,695,17.00,8.18,8.18
16348,695,17.00,6.94,6.94
16349,695,17.00,8.29,8.29
1635,12,26.00,5.85,5.85
16350,695,17.00,7.06,7.06
16351,695,17.00,8.88,8.88
16352,695,17.00,5.41,5.41
16353,695,17.00,5.47,5.47
16354,695,17.00,4.65,4.65
16355,695,17.00,8.65,8.65
16356,695,17.00,8.41,8.41
16357,695,17.00,7.29,7.29
16358,695,17.00,7.71,7.71
16359,695,17.00,3.06,3.06
1636,12,26.00,8.08,8.08
16360,695,17.00,6.59,6.59
16361,695,17.00,7.18,7.18
16362,695,17.00,5.24,5.24
16363,695,17.00,7.94,7.94
16364,695,17.00,6.94,6.94
16365,695,17.00,5.06,5.06
16366,695,17.00,5.35,5.35
16367,695,17.00,8.41,8.41
16368,695,17.00,7.12,7.12
16369,695,17.00,5.24,5.24
1637,12,26.00,6.58,6.58
16370,695,17.00,4.82,4.82
16371,695,17.00,8.24,8.24
16372,695,17.00,7.47,7.47
16373,695,17.00,6.18,6.18
16374,695,17.00,7.00,7.00
16375,695,17.00,6.94,6.94
16376,695,17.00,7.71,7.71
16377,695,17.00,6.18,6.18
16378,695,17.00,7.29,7.29
16379,695,17.00,7.29,7.29
1638,12,26.00,5.81,5.81
16380,695,17.00,6.18,6.18
16381,695,17.00,8.76,8.76
16382,695,17.00,7.88,7.88
16383,695,17.00,9.53,9.53
16384,695,17.00,7.00,7.00
16385,695,17.00,7.82,7.82
16386,695,17.00,4.94,4.94
16387,695,17.00,7.29,7.29
16388,695,17.00,7.59,7.59
16389,695,17.00,7.12,7.12
1639,12,26.00,5.08,5.08
16390,695,17.00,7.76,7.76
16391,695,17.00,6.29,6.29
16392,695,17.00,8.82,8.82
16393,695,17.00,6.41,6.41
16394,695,17.00,5.94,5.94
16395,695,17.00,7.06,7.06
16396,695,17.00,9.18,9.18
16397,695,17.00,5.94,5.94
16398,695,17.00,5.41,5.41
16399,695,17.00,9.00,9.00
164,2,26.00,7.88,7.88
1640,12,26.00,6.77,6.77
16400,695,17.00,4.24,4.24
16401,695,17.00,7.82,7.82
16402,695,17.00,8.24,8.24
16403,695,17.00,6.88,6.88
16404,695,17.00,7.18,7.18
16405,695,17.00,4.88,4.88
16406,695,17.00,8.12,8.12
16407,695,17.00,5.41,5.41
16408,695,17.00,8.00,8.00
16409,695,17.00,7.00,7.00
1641,12,26.00,6.77,6.77
1642,12,26.00,4.62,4.62
1643,12,26.00,7.08,7.08
1644,12,26.00,5.31,5.31
1645,12,26.00,5.69,5.69
1646,12,26.00,5.04,5.04
1647,12,26.00,5.88,5.88
1648,12,26.00,8.23,8.23
1649,12,26.00,8.04,8.04
165,2,26.00,4.69,4.69
1650,12,26.00,8.46,8.46
1651,12,26.00,6.73,6.73
1652,12,26.00,6.85,6.85
1653,12,26.00,6.46,6.46
1654,12,26.00,8.58,8.58
1655,12,26.00,5.46,5.46
1656,12,26.00,7.04,7.04
1657,12,26.00,7.88,7.88
1658,12,26.00,8.00,8.00
1659,12,26.00,8.27,8.27
166,2,26.00,6.27,6.27
1660,12,26.00,8.69,8.69
1661,12,26.00,5.77,5.77
1662,12,26.00,7.00,7.00
1663,12,26.00,8.04,8.04
1665,12,26.00,8.42,8.42
1666,12,26.00,7.00,7.00
1667,12,26.00,5.54,5.54
1668,12,26.00,7.58,7.58
1669,12,26.00,5.31,5.31
167,2,26.00,6.38,6.38
1670,12,26.00,6.81,6.81
1671,12,26.00,3.35,3.35
1672,12,26.00,8.42,8.42
1673,12,26.00,7.77,7.77
1674,12,26.00,7.08,7.08
1675,12,26.00,6.65,6.65
1676,12,26.00,6.38,6.38
1677,12,26.00,7.58,7.58
1678,12,26.00,6.31,6.31
1679,12,26.00,5.96,5.96
168,2,26.00,7.85,7.85
1680,12,26.00,6.96,6.96
1681,12,26.00,6.92,6.92
1682,9,26.00,6.04,6.04
1683,11,26.00,6.42,6.42
169,2,26.00,6.27,6.27
17,2,26.00,5.92,5.92
170,2,26.00,8.58,8.58
171,2,26.00,5.50,5.50
172,2,26.00,6.54,6.54
173,2,26.00,4.85,4.85
174,2,26.00,6.46,6.46
175,2,26.00,5.08,5.08
176,2,26.00,7.31,7.31
177,2,26.00,7.15,7.15
178,2,26.00,4.27,4.27
17846,821,3.00,10.00,10.00
17893,905,20.00,7.45,7.45
17894,906,3.00,7.00,7.00
17895,907,2.00,8.00,8.00
17896,908,16.00,7.63,7.63
179,2,26.00,7.92,7.92
18,2,26.00,5.54,5.54
180,2,26.00,6.77,6.77
181,2,26.00,7.38,7.38
182,2,26.00,8.19,8.19
183,2,26.00,6.62,6.62
184,2,26.00,5.85,5.85
185,2,26.00,7.54,7.54
186,2,26.00,5.12,5.12
187,2,26.00,7.19,7.19
188,2,26.00,7.15,7.15
189,2,26.00,6.73,6.73
19,2,26.00,5.00,5.00
190,2,26.00,7.23,7.23
191,2,26.00,7.62,7.62
192,2,26.00,7.62,7.62
193,2,26.00,8.19,8.19
194,2,26.00,8.42,8.42
195,2,26.00,7.27,7.27
196,2,26.00,6.69,6.69
197,2,26.00,7.19,7.19
198,2,26.00,7.00,7.00
199,2,26.00,7.12,7.12
2,2,26.00,6.77,6.77
20,2,26.00,7.00,7.00
200,2,26.00,8.15,8.15
201,2,26.00,8.04,8.04
202,2,26.00,5.77,5.77
203,2,26.00,6.08,6.08
2032,25,26.00,7.04,7.04
2033,25,26.00,7.46,7.46
2034,25,26.00,6.15,6.15
2035,25,26.00,4.23,4.23
2036,25,26.00,6.08,6.08
2037,25,26.00,6.23,6.23
2038,25,26.00,6.77,6.77
2039,25,26.00,7.62,7.62
204,1,26.00,6.15,6.15
2040,25,26.00,7.38,7.38
2041,25,26.00,6.46,6.46
2042,25,26.00,7.27,7.27
2043,25,26.00,6.27,6.27
2044,25,26.00,7.77,7.77
2045,25,26.00,7.46,7.46
2046,25,26.00,6.54,6.54
2047,25,26.00,7.15,7.15
2048,25,26.00,5.23,5.23
2049,25,26.00,6.15,6.15
205,1,26.00,8.73,8.73
2050,25,26.00,8.08,8.08
2051,25,26.00,6.65,6.65
2052,25,26.00,7.15,7.15
2053,25,26.00,8.08,8.08
2054,25,26.00,7.04,7.04
2055,25,26.00,4.35,4.35
2056,25,26.00,5.54,5.54
2057,25,26.00,6.58,6.58
2058,25,26.00,6.54,6.54
2059,25,26.00,7.92,7.92
206,1,26.00,8.50,8.50
2060,25,26.00,6.35,6.35
2061,25,26.00,5.08,5.08
2062,25,26.00,5.85,5.85
2063,25,26.00,6.35,6.35
2064,25,26.00,8.27,8.27
2065,25,26.00,6.38,6.38
2066,25,26.00,4.15,4.15
2067,25,26.00,8.58,8.58
2069,25,26.00,7.31,7.31
207,1,26.00,7.58,7.58
2070,25,26.00,6.04,6.04
2071,25,26.00,5.58,5.58
2072,25,26.00,7.54,7.54
2073,25,26.00,6.88,6.88
2074,25,26.00,7.73,7.73
2075,25,26.00,8.08,8.08
2076,25,26.00,8.23,8.23
2077,25,26.00,7.42,7.42
2078,25,26.00,8.85,8.85
2079,25,26.00,5.77,5.77
208,1,26.00,7.62,7.62
2080,25,26.00,7.88,7.88
2081,25,26.00,8.58,8.58
2082,25,26.00,8.08,8.08
2083,25,26.00,5.27,5.27
2084,25,26.00,6.58,6.58
2085,25,26.00,5.35,5.35
2086,25,26.00,7.46,7.46
2087,25,26.00,7.92,7.92
2088,25,26.00,5.23,5.23
2089,25,26.00,5.62,5.62
209,1,26.00,6.50,6.50
2090,25,26.00,5.62,5.62
2091,25,26.00,5.77,5.77
2092,25,26.00,5.77,5.77
2093,25,26.00,4.85,4.85
2094,25,26.00,6.69,6.69
2095,25,26.00,6.85,6.85
2096,25,26.00,7.35,7.35
2097,25,26.00,6.23,6.23
2098,25,26.00,7.58,7.58
2099,25,26.00,6.54,6.54
21,2,26.00,6.62,6.62
210,1,26.00,7.88,7.88
2100,25,26.00,7.73,7.73
2101,25,26.00,8.69,8.69
2102,25,26.00,8.54,8.54
2103,25,26.00,5.85,5.85
2104,25,26.00,6.12,6.12
2105,25,26.00,5.92,5.92
2106,25,26.00,6.88,6.88
2107,25,26.00,6.19,6.19
2108,33,24.00,7.75,7.75
2109,33,24.00,7.92,7.92
211,1,26.00,7.15,7.15
2110,33,24.00,5.50,5.50
2111,33,24.00,4.83,4.83
2112,33,24.00,7.67,7.67
2113,33,24.00,6.50,6.50
2114,33,24.00,6.50,6.50
2115,33,24.00,6.50,6.50
2116,33,24.00,6.67,6.67
2117,33,24.00,7.25,7.25
2118,33,24.00,7.67,7.67
2119,33,24.00,8.58,8.58
212,1,26.00,7.27,7.27
2120,33,24.00,8.58,8.58
2121,33,24.00,5.67,5.67
2122,33,24.00,7.75,7.75
2123,33,24.00,7.67,7.67
2124,33,24.00,7.58,7.58
2125,33,24.00,8.67,8.67
2126,33,24.00,8.42,8.42
2127,33,24.00,6.83,6.83
2128,33,24.00,6.00,6.00
2129,33,24.00,7.33,7.33
213,1,26.00,8.15,8.15
2130,33,24.00,4.92,4.92
2131,33,24.00,7.33,7.33
2132,33,24.00,7.50,7.50
2133,33,24.00,7.17,7.17
2134,33,24.00,6.67,6.67
2135,33,24.00,6.00,6.00
2136,33,24.00,7.67,7.67
2137,33,24.00,8.58,8.58
2138,33,24.00,5.17,5.17
2139,33,24.00,7.50,7.50
214,1,26.00,5.92,5.92
2140,33,24.00,6.75,6.75
2141,33,24.00,9.17,9.17
2142,33,24.00,5.83,5.83
2143,33,24.00,7.67,7.67
2145,33,24.00,7.08,7.08
2146,33,24.00,7.83,7.83
2147,33,24.00,7.83,7.83
2148,33,24.00,7.17,7.17
2149,33,24.00,8.83,8.83
215,1,26.00,7.31,7.31
2150,33,24.00,7.67,7.67
2151,33,24.00,8.08,8.08
2152,33,24.00,7.33,7.33
2153,33,24.00,3.67,3.67
2154,33,24.00,7.92,7.92
2155,33,24.00,6.33,6.33
21558,763,20.00,5.75,5.75
21559,763,20.00,6.65,6.65
2156,33,24.00,8.17,8.17
21560,763,20.00,5.75,5.75
21561,763,20.00,4.75,4.75
21562,763,20.00,4.50,4.50
21563,763,20.00,4.30,4.30
21564,763,20.00,5.00,5.00
21565,763,20.00,3.25,3.25
21566,763,20.00,3.80,3.80
21567,763,20.00,6.50,6.50
21568,763,20.00,5.25,5.25
21569,763,20.00,6.60,6.60
2157,33,24.00,7.83,7.83
21570,763,20.00,2.95,2.95
21571,763,20.00,4.40,4.40
21572,763,20.00,5.90,5.90
21573,763,20.00,4.30,4.30
21574,763,20.00,4.70,4.70
21575,763,20.00,4.75,4.75
21576,763,20.00,7.05,7.05
21577,763,20.00,6.60,6.60
21578,763,20.00,4.70,4.70
21579,763,20.00,2.65,2.65
2158,33,24.00,6.92,6.92
21580,763,20.00,4.80,4.80
21581,763,20.00,5.90,5.90
21582,763,20.00,3.20,3.20
21583,763,20.00,5.85,5.85
21584,763,20.00,5.10,5.10
21585,763,20.00,4.55,4.55
21586,763,20.00,5.25,5.25
21587,763,20.00,5.65,5.65
21588,763,20.00,4.45,4.45
21589,763,20.00,3.85,3.85
2159,33,24.00,3.33,3.33
21590,763,20.00,4.85,4.85
21591,763,20.00,4.25,4.25
21592,763,20.00,5.00,5.00
21593,763,20.00,5.30,5.30
21594,763,20.00,3.80,3.80
21595,763,20.00,3.10,3.10
21596,763,20.00,5.75,5.75
21597,763,20.00,4.35,4.35
21598,763,20.00,2.70,2.70
21599,763,20.00,6.90,6.90
216,1,26.00,6.12,6.12
2160,33,24.00,7.25,7.25
21600,763,20.00,3.80,3.80
21601,763,20.00,5.15,5.15
21602,763,20.00,6.55,6.55
21603,763,20.00,1.90,1.90
21604,763,20.00,4.20,4.20
21605,763,20.00,5.55,5.55
21606,763,20.00,3.00,3.00
21607,763,20.00,5.40,5.40
21608,763,20.00,6.20,6.20
21609,763,20.00,4.60,4.60
2161,33,24.00,6.67,6.67
21610,763,20.00,5.15,5.15
21611,763,20.00,5.15,5.15
21612,763,20.00,4.95,4.95
21613,763,20.00,3.35,3.35
21614,763,20.00,5.10,5.10
21615,763,20.00,4.55,4.55
21616,763,20.00,6.00,6.00
21617,763,20.00,5.40,5.40
21618,763,20.00,6.20,6.20
21619,763,20.00,5.35,5.35
2162,33,24.00,4.50,4.50
21620,763,20.00,5.85,5.85
21621,763,20.00,5.60,5.60
21622,763,20.00,6.15,6.15
21623,763,20.00,5.85,5.85
21624,763,20.00,4.55,4.55
21625,763,20.00,3.65,3.65
21626,763,20.00,5.00,5.00
21627,763,20.00,5.75,5.75
21628,763,20.00,4.10,4.10
21629,763,20.00,5.20,5.20
2163,33,24.00,7.33,7.33
21630,763,20.00,5.00,5.00
21631,763,20.00,4.50,4.50
21632,763,20.00,4.45,4.45
21633,763,20.00,5.10,5.10
21634,763,20.00,3.90,3.90
21635,763,20.00,5.85,5.85
21636,763,20.00,4.95,4.95
21637,763,20.00,4.40,4.40
21638,763,20.00,4.80,4.80
21639,763,20.00,4.00,4.00
2164,33,24.00,3.67,3.67
21640,763,20.00,2.85,2.85
21641,763,20.00,4.70,4.70
21642,763,20.00,4.60,4.60
21643,763,20.00,6.70,6.70
21644,763,20.00,5.65,5.65
21645,763,20.00,5.50,5.50
21646,763,20.00,6.25,6.25
21647,763,20.00,4.95,4.95
21648,764,19.00,3.79,3.79
21649,764,19.00,3.53,3.53
2165,33,24.00,8.17,8.17
21650,764,19.00,2.95,2.95
21651,764,19.00,5.47,5.47
21652,764,19.00,5.26,5.26
21653,764,19.00,6.21,6.21
21654,764,19.00,6.37,6.37
21655,764,19.00,4.89,4.89
21656,764,19.00,4.42,4.42
21657,764,19.00,7.42,7.42
21658,764,19.00,2.26,2.26
21659,764,19.00,4.63,4.63
2166,33,24.00,5.00,5.00
21660,764,19.00,4.53,4.53
21661,764,19.00,7.37,7.37
21662,764,19.00,4.74,4.74
21663,764,19.00,5.53,5.53
21664,764,19.00,2.89,2.89
21665,764,19.00,5.79,5.79
21666,764,19.00,4.37,4.37
21667,764,19.00,4.11,4.11
21668,764,19.00,3.53,3.53
21669,764,19.00,5.26,5.26
2167,33,24.00,6.75,6.75
21670,764,19.00,5.00,5.00
21671,764,19.00,6.00,6.00
21672,764,19.00,5.74,5.74
21673,764,19.00,6.47,6.47
21674,764,19.00,4.95,4.95
21675,764,19.00,4.53,4.53
21676,764,19.00,6.47,6.47
21677,764,19.00,2.63,2.63
21678,764,19.00,5.21,5.21
21679,764,19.00,3.05,3.05
2168,33,24.00,7.92,7.92
21680,764,19.00,5.16,5.16
21681,764,19.00,4.79,4.79
21682,764,19.00,4.00,4.00
21683,764,19.00,4.79,4.79
21684,764,19.00,5.74,5.74
21685,764,19.00,5.74,5.74
21686,764,19.00,6.16,6.16
21687,764,19.00,4.32,4.32
21688,764,19.00,4.05,4.05
21689,764,19.00,5.68,5.68
2169,33,24.00,7.33,7.33
21690,764,19.00,3.53,3.53
21691,764,19.00,3.89,3.89
21692,764,19.00,6.42,6.42
21693,764,19.00,4.16,4.16
21694,764,19.00,5.53,5.53
21695,764,19.00,4.05,4.05
21696,764,19.00,5.16,5.16
21697,764,19.00,3.79,3.79
21698,764,19.00,5.53,5.53
21699,764,19.00,3.74,3.74
217,1,26.00,5.54,5.54
2170,33,24.00,8.42,8.42
21700,764,19.00,3.68,3.68
21701,764,19.00,4.68,4.68
21702,764,19.00,3.26,3.26
21703,764,19.00,4.16,4.16
21704,764,19.00,6.21,6.21
21705,764,19.00,6.42,6.42
21706,764,19.00,5.68,5.68
21707,764,19.00,2.42,2.42
21708,764,19.00,3.32,3.32
21709,764,19.00,4.95,4.95
2171,33,24.00,7.67,7.67
21710,764,19.00,3.32,3.32
21711,764,19.00,5.95,5.95
21712,764,19.00,4.58,4.58
21713,764,19.00,6.21,6.21
21714,764,19.00,5.11,5.11
21715,764,19.00,5.26,5.26
21716,764,19.00,6.37,6.37
21717,764,19.00,3.47,3.47
21718,764,19.00,5.89,5.89
21719,764,19.00,4.79,4.79
2172,33,24.00,6.00,6.00
21720,764,19.00,4.11,4.11
21721,764,19.00,4.63,4.63
21722,764,19.00,4.95,4.95
21723,764,19.00,4.26,4.26
21724,764,19.00,4.37,4.37
21725,764,19.00,5.58,5.58
21726,764,19.00,3.79,3.79
21727,764,19.00,2.11,2.11
21728,764,19.00,5.42,5.42
21729,764,19.00,5.21,5.21
2173,33,24.00,5.33,5.33
21730,764,19.00,7.37,7.37
21731,764,19.00,5.11,5.11
21732,764,19.00,6.58,6.58
21733,764,19.00,4.11,4.11
21734,764,19.00,3.63,3.63
2174,33,24.00,5.83,5.83
2175,33,24.00,7.83,7.83
2176,33,24.00,6.83,6.83
2177,33,24.00,6.00,6.00
2178,33,24.00,5.92,5.92
2179,33,24.00,5.83,5.83
218,1,26.00,4.08,4.08
2180,33,24.00,7.08,7.08
2181,33,24.00,8.42,8.42
2182,33,24.00,4.67,4.67
2183,33,24.00,6.75,6.75
2184,26,25.00,6.32,6.32
2185,26,25.00,5.00,5.00
2186,26,25.00,5.56,5.56
2187,26,25.00,7.60,7.60
2188,26,25.00,6.60,6.60
2189,26,25.00,6.32,6.32
219,1,26.00,8.77,8.77
2190,26,25.00,7.08,7.08
2191,26,25.00,5.20,5.20
2192,26,25.00,4.84,4.84
2193,26,25.00,7.68,7.68
2194,26,25.00,7.20,7.20
2195,26,25.00,8.24,8.24
2196,26,25.00,5.56,5.56
2197,26,25.00,5.36,5.36
2198,26,25.00,5.08,5.08
2199,26,25.00,5.20,5.20
22,2,26.00,7.58,7.58
220,1,26.00,7.04,7.04
2200,26,25.00,7.60,7.60
2201,26,25.00,7.88,7.88
22017,771,16.00,4.13,4.13
22018,771,16.00,6.50,6.50
22019,771,16.00,4.88,4.88
2202,26,25.00,6.20,6.20
22020,771,16.00,5.44,5.44
22021,771,16.00,7.50,7.50
22022,771,16.00,5.00,5.00
22023,771,16.00,6.75,6.75
22024,771,16.00,6.56,6.56
22025,771,16.00,6.38,6.38
22026,771,16.00,5.44,5.44
22027,771,16.00,5.63,5.63
22028,771,16.00,4.13,4.13
22029,771,16.00,7.06,7.06
2203,26,25.00,6.68,6.68
22030,771,16.00,5.19,5.19
22031,771,16.00,5.19,5.19
22032,771,16.00,5.00,5.00
22033,771,16.00,5.75,5.75
22034,771,16.00,4.06,4.06
22035,771,16.00,5.19,5.19
22036,771,16.00,5.06,5.06
22037,771,16.00,3.50,3.50
22038,771,16.00,5.69,5.69
22039,771,16.00,4.81,4.81
2204,26,25.00,7.08,7.08
22040,771,16.00,5.13,5.13
22041,771,16.00,6.94,6.94
22042,771,16.00,3.38,3.38
22043,771,16.00,1.31,1.31
22044,771,16.00,4.31,4.31
22045,771,16.00,3.56,3.56
22046,771,16.00,4.88,4.88
22047,771,16.00,3.56,3.56
22048,771,16.00,6.56,6.56
22049,771,16.00,3.88,3.88
2205,26,25.00,5.20,5.20
22050,771,16.00,2.63,2.63
22051,771,16.00,5.00,5.00
22052,771,16.00,4.13,4.13
22053,771,16.00,5.31,5.31
22054,771,16.00,3.88,3.88
22055,771,16.00,4.13,4.13
22056,771,16.00,3.56,3.56
22057,771,16.00,4.94,4.94
22058,771,16.00,3.56,3.56
22059,771,16.00,6.31,6.31
2206,26,25.00,7.88,7.88
22060,771,16.00,4.38,4.38
22061,771,16.00,3.31,3.31
22062,771,16.00,5.50,5.50
22063,771,16.00,2.75,2.75
22064,771,16.00,4.25,4.25
22065,771,16.00,6.00,6.00
22066,771,16.00,5.31,5.31
22067,771,16.00,4.25,4.25
22068,771,16.00,5.00,5.00
22069,771,16.00,4.06,4.06
2207,26,25.00,8.20,8.20
22070,771,16.00,5.75,5.75
22071,771,16.00,3.38,3.38
22072,771,16.00,4.31,4.31
22073,771,16.00,5.13,5.13
22074,771,16.00,6.19,6.19
22075,771,16.00,5.19,5.19
22076,771,16.00,6.38,6.38
22077,771,16.00,4.50,4.50
22078,771,16.00,4.94,4.94
22079,771,16.00,5.38,5.38
2208,26,25.00,5.56,5.56
22080,771,16.00,6.19,6.19
22081,771,16.00,5.06,5.06
22082,771,16.00,4.25,4.25
22083,771,16.00,5.63,5.63
22084,771,16.00,7.88,7.88
22085,771,16.00,4.94,4.94
22086,771,16.00,6.94,6.94
22087,771,16.00,6.38,6.38
22088,771,16.00,7.69,7.69
22089,771,16.00,5.75,5.75
2209,26,25.00,6.48,6.48
22090,771,16.00,5.19,5.19
22091,771,16.00,5.56,5.56
22092,771,16.00,3.75,3.75
22093,771,16.00,4.88,4.88
22094,771,16.00,5.56,5.56
22095,771,16.00,4.50,4.50
22096,771,16.00,6.00,6.00
22097,771,16.00,4.44,4.44
22098,771,16.00,5.94,5.94
22099,771,16.00,5.38,5.38
221,1,26.00,6.85,6.85
2210,26,25.00,6.64,6.64
22100,771,16.00,3.13,3.13
22101,771,16.00,5.44,5.44
22102,771,16.00,4.69,4.69
22103,771,16.00,3.38,3.38
22104,771,16.00,4.00,4.00
22105,771,16.00,5.75,5.75
22106,771,16.00,5.38,5.38
22107,772,18.00,6.28,6.28
22108,772,18.00,5.44,5.44
22109,772,18.00,4.17,4.17
2211,26,25.00,4.24,4.24
22110,772,18.00,6.89,6.89
22111,772,18.00,4.44,4.44
22112,772,18.00,5.33,5.33
22113,772,18.00,4.61,4.61
22114,772,18.00,5.83,5.83
22115,772,18.00,5.83,5.83
22116,772,18.00,3.78,3.78
22117,772,18.00,7.72,7.72
22118,772,18.00,5.17,5.17
22119,772,18.00,5.39,5.39
2212,26,25.00,5.88,5.88
22120,772,18.00,3.39,3.39
22121,772,18.00,5.28,5.28
22122,772,18.00,5.94,5.94
22123,772,18.00,4.17,4.17
22124,772,18.00,3.56,3.56
22125,772,18.00,5.11,5.11
22126,772,18.00,5.44,5.44
22127,772,18.00,3.67,3.67
22128,772,18.00,4.33,4.33
22129,772,18.00,6.67,6.67
2213,26,25.00,6.52,6.52
22130,772,18.00,5.50,5.50
22131,772,18.00,5.78,5.78
22132,772,18.00,4.33,4.33
22133,772,18.00,5.83,5.83
22134,772,18.00,5.61,5.61
22135,772,18.00,4.39,4.39
22136,772,18.00,5.28,5.28
22137,772,18.00,6.28,6.28
22138,772,18.00,6.33,6.33
22139,772,18.00,5.28,5.28
2214,26,25.00,7.76,7.76
22140,772,18.00,3.50,3.50
22141,772,18.00,6.67,6.67
22142,772,18.00,7.17,7.17
22143,772,18.00,6.56,6.56
22144,772,18.00,3.17,3.17
22145,772,18.00,5.72,5.72
22146,772,18.00,6.06,6.06
22147,772,18.00,4.33,4.33
22148,772,18.00,5.89,5.89
22149,772,18.00,4.94,4.94
2215,26,25.00,6.60,6.60
22150,772,18.00,3.78,3.78
22151,772,18.00,3.28,3.28
22152,772,18.00,5.11,5.11
22153,772,18.00,3.67,3.67
22154,772,18.00,4.39,4.39
22155,772,18.00,5.17,5.17
22156,772,18.00,5.06,5.06
22157,772,18.00,4.61,4.61
22158,772,18.00,6.72,6.72
22159,772,18.00,7.11,7.11
2216,26,25.00,6.64,6.64
22160,772,18.00,6.72,6.72
22161,772,18.00,5.83,5.83
22162,772,18.00,3.44,3.44
22163,772,18.00,7.00,7.00
22164,772,18.00,6.06,6.06
22165,772,18.00,6.22,6.22
22166,772,18.00,3.78,3.78
22167,772,18.00,5.06,5.06
22168,772,18.00,4.33,4.33
22169,772,18.00,5.22,5.22
2217,26,25.00,6.20,6.20
22170,772,18.00,3.06,3.06
22171,772,18.00,5.11,5.11
22172,772,18.00,4.17,4.17
22173,772,18.00,5.44,5.44
22174,772,18.00,5.67,5.67
22175,772,18.00,5.56,5.56
22176,772,18.00,5.11,5.11
22177,772,18.00,5.56,5.56
22178,772,18.00,4.72,4.72
22179,772,18.00,4.00,4.00
2218,26,25.00,6.64,6.64
22180,772,18.00,7.11,7.11
22181,772,18.00,2.67,2.67
22182,772,18.00,4.50,4.50
22183,772,18.00,5.56,5.56
22184,772,18.00,4.67,4.67
22185,772,18.00,5.56,5.56
22186,772,18.00,6.00,6.00
22187,772,18.00,7.28,7.28
22188,772,18.00,5.94,5.94
22189,772,18.00,3.94,3.94
2219,26,25.00,4.00,4.00
22190,772,18.00,5.72,5.72
22191,772,18.00,6.67,6.67
22192,772,18.00,5.22,5.22
22193,772,18.00,6.44,6.44
222,1,26.00,7.69,7.69
2220,26,25.00,5.64,5.64
2221,26,25.00,6.04,6.04
2222,26,25.00,7.08,7.08
2223,26,25.00,7.92,7.92
2224,26,25.00,5.28,5.28
2225,26,25.00,6.36,6.36
2226,26,25.00,7.40,7.40
2227,26,25.00,6.56,6.56
2228,26,25.00,8.00,8.00
2229,26,25.00,7.04,7.04
223,1,26.00,5.88,5.88
2230,26,25.00,7.00,7.00
2231,26,25.00,7.00,7.00
2232,26,25.00,6.04,6.04
2233,26,25.00,6.28,6.28
2234,26,25.00,8.88,8.88
2235,26,25.00,6.52,6.52
2236,26,25.00,3.76,3.76
2237,26,25.00,7.44,7.44
2238,26,25.00,7.88,7.88
2239,26,25.00,5.08,5.08
224,1,26.00,3.85,3.85
2240,26,25.00,8.40,8.40
2241,26,25.00,5.68,5.68
2242,26,25.00,8.44,8.44
2243,26,25.00,7.48,7.48
2244,26,25.00,6.24,6.24
2245,26,25.00,7.00,7.00
2246,26,25.00,8.00,8.00
2247,26,25.00,6.60,6.60
2248,26,25.00,7.08,7.08
2249,26,25.00,6.76,6.76
225,1,26.00,6.62,6.62
2250,26,25.00,8.28,8.28
2251,26,25.00,6.48,6.48
2252,26,25.00,6.28,6.28
2253,26,25.00,7.92,7.92
2254,26,25.00,7.92,7.92
2255,26,25.00,6.52,6.52
2256,26,25.00,7.24,7.24
2257,26,25.00,8.08,8.08
2258,26,25.00,6.44,6.44
2259,26,25.00,6.84,6.84
226,1,26.00,7.50,7.50
2260,26,25.00,5.68,5.68
2261,26,25.00,6.28,6.28
2262,26,25.00,7.52,7.52
2263,26,25.00,5.40,5.40
2264,26,25.00,8.12,8.12
2265,26,25.00,6.52,6.52
2266,34,24.00,7.50,7.50
2267,34,24.00,6.08,6.08
2268,34,24.00,6.92,6.92
2269,34,24.00,4.42,4.42
227,1,26.00,8.27,8.27
2270,34,24.00,6.08,6.08
2271,34,24.00,7.79,7.79
2272,34,24.00,6.46,6.46
2273,34,24.00,6.75,6.75
2274,34,24.00,6.46,6.46
2275,34,24.00,6.58,6.58
2276,34,24.00,7.46,7.46
2277,34,24.00,4.63,4.63
2278,34,24.00,5.88,5.88
2279,34,24.00,6.79,6.79
2280,34,24.00,7.21,7.21
2281,34,24.00,5.50,5.50
2282,34,24.00,5.13,5.13
2283,34,24.00,7.75,7.75
2284,34,24.00,7.08,7.08
2285,34,24.00,6.42,6.42
2286,34,24.00,6.33,6.33
2287,34,24.00,6.75,6.75
2288,34,24.00,8.25,8.25
2289,34,24.00,8.58,8.58
229,1,26.00,7.58,7.58
2290,34,24.00,6.58,6.58
2291,34,24.00,6.71,6.71
2292,34,24.00,7.63,7.63
2293,34,24.00,7.63,7.63
2294,34,24.00,6.17,6.17
2295,34,24.00,6.33,6.33
2296,34,24.00,7.96,7.96
2297,34,24.00,8.54,8.54
2298,34,24.00,7.42,7.42
2299,34,24.00,6.79,6.79
23,2,26.00,5.23,5.23
230,1,26.00,8.23,8.23
2300,34,24.00,6.17,6.17
2301,34,24.00,5.96,5.96
2302,34,24.00,8.88,8.88
2303,34,24.00,6.88,6.88
2304,34,24.00,5.25,5.25
2305,34,24.00,7.21,7.21
2306,34,24.00,4.71,4.71
2307,34,24.00,7.00,7.00
2308,34,24.00,5.92,5.92
2309,34,24.00,7.08,7.08
231,1,26.00,6.54,6.54
2310,34,24.00,6.79,6.79
2311,34,24.00,8.58,8.58
2312,34,24.00,6.79,6.79
2313,34,24.00,6.13,6.13
2314,34,24.00,8.46,8.46
2315,34,24.00,5.00,5.00
2316,34,24.00,4.50,4.50
2317,34,24.00,7.67,7.67
2318,34,24.00,7.83,7.83
2319,34,24.00,7.00,7.00
232,1,26.00,7.42,7.42
2320,34,24.00,5.13,5.13
2321,34,24.00,6.63,6.63
2322,34,24.00,7.67,7.67
2323,34,24.00,6.50,6.50
2324,34,24.00,7.42,7.42
2325,34,24.00,5.50,5.50
2326,34,24.00,5.33,5.33
2327,34,24.00,7.83,7.83
2328,34,24.00,5.08,5.08
2329,34,24.00,8.13,8.13
233,1,26.00,5.35,5.35
2330,34,24.00,7.75,7.75
2331,34,24.00,5.75,5.75
2332,34,24.00,7.54,7.54
2333,34,24.00,7.96,7.96
2334,34,24.00,5.63,5.63
2335,34,24.00,4.17,4.17
2336,34,24.00,6.29,6.29
2337,34,24.00,5.67,5.67
2338,34,24.00,6.71,6.71
2339,34,24.00,5.17,5.17
234,1,26.00,7.92,7.92
2340,34,24.00,6.21,6.21
2341,34,24.00,6.50,6.50
2342,34,24.00,8.71,8.71
2343,34,24.00,5.71,5.71
2344,34,24.00,4.21,4.21
2345,34,24.00,4.50,4.50
2346,34,24.00,7.42,7.42
2347,34,24.00,6.29,6.29
235,1,26.00,4.77,4.77
236,1,26.00,6.65,6.65
237,1,26.00,5.38,5.38
238,1,26.00,5.85,5.85
239,1,26.00,8.50,8.50
24,2,26.00,5.04,5.04
240,1,26.00,5.27,5.27
241,1,26.00,7.23,7.23
242,1,26.00,8.50,8.50
243,1,26.00,7.04,7.04
244,1,26.00,4.92,4.92
245,1,26.00,7.54,7.54
246,1,26.00,6.77,6.77
247,1,26.00,6.15,6.15
248,1,26.00,6.96,6.96
249,1,26.00,7.08,7.08
25,2,26.00,7.38,7.38
250,1,26.00,5.69,5.69
251,1,26.00,7.08,7.08
252,1,26.00,6.04,6.04
253,1,26.00,7.58,7.58
254,1,26.00,4.15,4.15
255,1,26.00,2.85,2.85
256,1,26.00,5.54,5.54
257,1,26.00,5.42,5.42
258,1,26.00,7.77,7.77
259,1,26.00,7.42,7.42
26,2,26.00,6.54,6.54
260,1,26.00,7.85,7.85
261,1,26.00,4.42,4.42
26178,1138,3.00,9.00,9.00
26179,1138,3.00,5.00,5.00
262,1,26.00,7.42,7.42
263,1,26.00,6.69,6.69
264,1,26.00,7.62,7.62
265,1,26.00,8.08,8.08
266,1,26.00,7.12,7.12
267,1,26.00,8.00,8.00
268,1,26.00,6.88,6.88
269,1,26.00,7.15,7.15
27,2,26.00,6.62,6.62
270,1,26.00,5.96,5.96
271,1,26.00,8.15,8.15
272,1,26.00,7.77,7.77
273,1,26.00,6.23,6.23
274,1,26.00,7.46,7.46
275,1,26.00,6.96,6.96
276,1,26.00,5.77,5.77
277,1,26.00,8.08,8.08
278,1,26.00,7.31,7.31
279,1,26.00,8.15,8.15
28,2,26.00,6.81,6.81
280,1,26.00,6.04,6.04
281,1,26.00,6.54,6.54
282,1,26.00,3.88,3.88
283,1,26.00,6.92,6.92
2835,65,24.00,5.42,5.42
2836,65,24.00,6.67,6.67
2837,65,24.00,8.46,8.46
2838,65,24.00,6.04,6.04
2839,65,24.00,7.75,7.75
284,1,26.00,6.81,6.81
2840,65,24.00,5.33,5.33
2842,65,24.00,6.67,6.67
2843,65,24.00,8.21,8.21
2844,65,24.00,6.88,6.88
2845,65,24.00,9.17,9.17
2846,65,24.00,7.29,7.29
2847,65,24.00,4.88,4.88
2848,65,24.00,7.79,7.79
2849,65,24.00,4.96,4.96
285,1,26.00,4.58,4.58
2850,65,24.00,4.08,4.08
2851,65,24.00,6.46,6.46
2852,65,24.00,5.92,5.92
2853,65,24.00,6.46,6.46
2854,65,24.00,6.79,6.79
2855,65,24.00,7.79,7.79
2856,65,24.00,5.83,5.83
2857,65,24.00,6.75,6.75
2858,65,24.00,6.67,6.67
2859,65,24.00,5.58,5.58
286,1,26.00,6.15,6.15
2860,65,24.00,6.75,6.75
2861,65,24.00,6.83,6.83
2862,65,24.00,7.42,7.42
2864,65,24.00,3.13,3.13
2865,65,24.00,7.21,7.21
2866,65,24.00,5.63,5.63
2867,65,24.00,7.63,7.63
2868,65,24.00,5.71,5.71
2869,65,24.00,7.00,7.00
287,1,26.00,3.96,3.96
2870,65,24.00,7.63,7.63
2871,65,24.00,7.13,7.13
2872,65,24.00,5.46,5.46
2873,65,24.00,3.75,3.75
2874,65,24.00,8.17,8.17
2875,65,24.00,6.75,6.75
2876,65,24.00,5.79,5.79
2877,65,24.00,6.79,6.79
2878,65,24.00,7.00,7.00
2879,65,24.00,6.54,6.54
288,1,26.00,5.69,5.69
2880,65,24.00,6.54,6.54
2881,65,24.00,7.50,7.50
2882,65,24.00,6.17,6.17
2883,65,24.00,5.96,5.96
2884,65,24.00,6.25,6.25
2885,65,24.00,6.67,6.67
2886,65,24.00,3.96,3.96
2887,65,24.00,7.88,7.88
2888,65,24.00,5.92,5.92
2889,65,24.00,6.54,6.54
289,1,26.00,5.96,5.96
2890,65,24.00,6.38,6.38
2891,65,24.00,5.54,5.54
2892,65,24.00,5.67,5.67
2893,65,24.00,7.46,7.46
2894,65,24.00,6.38,6.38
2895,65,24.00,5.38,5.38
2896,65,24.00,6.13,6.13
2897,65,24.00,5.75,5.75
2898,65,24.00,6.21,6.21
2899,65,24.00,7.00,7.00
29,2,26.00,6.38,6.38
290,1,26.00,6.50,6.50
2900,65,24.00,8.67,8.67
2901,65,24.00,7.25,7.25
2902,65,24.00,7.42,7.42
2903,65,24.00,6.58,6.58
2904,65,24.00,6.33,6.33
2905,65,24.00,6.33,6.33
2906,65,24.00,5.67,5.67
2907,65,24.00,6.38,6.38
2908,65,24.00,8.13,8.13
2909,65,24.00,5.79,5.79
291,1,26.00,5.69,5.69
2910,65,24.00,5.33,5.33
2911,65,24.00,4.33,4.33
2912,65,24.00,7.13,7.13
2913,65,24.00,9.08,9.08
2914,65,24.00,7.75,7.75
2915,65,24.00,7.46,7.46
2916,65,24.00,7.04,7.04
2918,65,24.00,7.00,7.00
2919,65,24.00,5.29,5.29
292,1,26.00,6.46,6.46
2920,65,24.00,5.50,5.50
2921,65,24.00,6.46,6.46
2922,65,24.00,7.54,7.54
2923,65,24.00,7.46,7.46
2924,65,24.00,6.46,6.46
2925,65,24.00,7.46,7.46
2926,65,24.00,6.13,6.13
2927,65,24.00,7.08,7.08
2928,65,24.00,5.71,5.71
2929,65,24.00,7.46,7.46
293,1,26.00,7.35,7.35
2930,65,24.00,6.25,6.25
2931,65,24.00,6.92,6.92
2932,65,24.00,7.29,7.29
2933,65,24.00,6.38,6.38
2934,65,24.00,7.79,7.79
2935,65,24.00,6.00,6.00
2936,65,24.00,6.38,6.38
2937,65,24.00,8.33,8.33
2938,65,24.00,7.50,7.50
2939,65,24.00,8.25,8.25
294,1,26.00,7.77,7.77
2940,65,24.00,3.33,3.33
2941,65,24.00,5.88,5.88
2942,65,24.00,8.00,8.00
2943,65,24.00,5.63,5.63
2944,65,24.00,7.42,7.42
2945,65,24.00,6.13,6.13
2946,65,24.00,6.21,6.21
2948,65,24.00,7.63,7.63
2949,65,24.00,6.54,6.54
295,1,26.00,8.00,8.00
2950,65,24.00,7.17,7.17
2951,65,24.00,7.08,7.08
2952,65,24.00,6.96,6.96
2953,65,24.00,5.92,5.92
2954,65,24.00,5.67,5.67
2955,65,24.00,6.13,6.13
2956,65,24.00,7.13,7.13
2957,65,24.00,7.54,7.54
2958,65,24.00,6.29,6.29
2959,65,24.00,7.38,7.38
296,1,26.00,6.88,6.88
2960,65,24.00,7.67,7.67
2961,65,24.00,7.04,7.04
2962,65,24.00,4.67,4.67
2964,65,24.00,7.63,7.63
2965,65,24.00,7.46,7.46
2966,65,24.00,6.38,6.38
2967,65,24.00,6.63,6.63
2968,65,24.00,6.75,6.75
2969,65,24.00,3.33,3.33
297,1,26.00,5.54,5.54
2970,65,24.00,6.63,6.63
2971,65,24.00,6.33,6.33
2972,65,24.00,7.13,7.13
2973,65,24.00,7.33,7.33
2974,65,24.00,8.21,8.21
2975,65,24.00,5.58,5.58
2976,65,24.00,4.79,4.79
2977,65,24.00,6.33,6.33
2978,65,24.00,7.92,7.92
2979,65,24.00,6.04,6.04
298,1,26.00,4.42,4.42
2980,65,24.00,7.29,7.29
2981,65,24.00,7.17,7.17
2982,65,24.00,7.75,7.75
2983,65,24.00,6.08,6.08
2984,65,24.00,8.13,8.13
2985,65,24.00,5.38,5.38
2986,65,24.00,8.29,8.29
2987,65,24.00,5.58,5.58
2988,65,24.00,7.13,7.13
2989,65,24.00,7.79,7.79
299,1,26.00,7.69,7.69
2990,65,24.00,6.96,6.96
2991,65,24.00,6.46,6.46
2992,65,24.00,4.83,4.83
2993,65,24.00,6.96,6.96
2994,65,24.00,5.92,5.92
2995,65,24.00,7.08,7.08
2996,65,24.00,8.33,8.33
2997,65,24.00,5.04,5.04
2998,65,24.00,5.17,5.17
2999,65,24.00,7.38,7.38
3,2,26.00,7.69,7.69
30,2,26.00,4.92,4.92
300,1,26.00,6.92,6.92
3000,65,24.00,5.83,5.83
3001,65,24.00,6.75,6.75
3002,65,24.00,6.13,6.13
3003,65,24.00,6.29,6.29
3004,65,24.00,6.79,6.79
3005,65,24.00,7.25,7.25
3006,65,24.00,5.63,5.63
3007,65,24.00,6.83,6.83
3008,65,24.00,6.79,6.79
3009,65,24.00,8.83,8.83
301,1,26.00,6.81,6.81
3010,65,24.00,7.17,7.17
3011,65,24.00,7.25,7.25
3012,65,24.00,5.83,5.83
3013,65,24.00,6.33,6.33
3014,65,24.00,6.67,6.67
3015,65,24.00,8.08,8.08
3016,65,24.00,7.88,7.88
3017,65,24.00,7.29,7.29
3018,65,24.00,7.00,7.00
3019,65,24.00,7.33,7.33
302,1,26.00,4.58,4.58
3020,65,24.00,6.63,6.63
3021,65,24.00,6.96,6.96
3022,65,24.00,7.29,7.29
3023,65,24.00,6.33,6.33
3024,65,24.00,6.21,6.21
3025,65,24.00,7.00,7.00
3026,65,24.00,7.58,7.58
3027,65,24.00,6.88,6.88
3028,65,24.00,7.58,7.58
3029,65,24.00,5.88,5.88
303,1,26.00,7.23,7.23
3030,65,24.00,7.42,7.42
3031,65,24.00,5.75,5.75
3032,65,24.00,5.71,5.71
3033,65,24.00,7.46,7.46
3034,65,24.00,7.33,7.33
3035,65,24.00,8.13,8.13
3036,65,24.00,5.83,5.83
3037,65,24.00,4.38,4.38
3038,65,24.00,8.54,8.54
3039,65,24.00,8.58,8.58
304,1,26.00,8.12,8.12
3040,65,24.00,6.83,6.83
3041,65,24.00,7.58,7.58
3042,65,24.00,5.79,5.79
3043,65,24.00,6.79,6.79
3044,65,24.00,6.58,6.58
3045,65,24.00,6.71,6.71
3046,65,24.00,7.21,7.21
3047,65,24.00,7.29,7.29
3048,65,24.00,4.29,4.29
3049,65,24.00,5.71,5.71
305,1,26.00,7.38,7.38
3050,65,24.00,8.17,8.17
3051,65,24.00,8.33,8.33
3052,65,24.00,7.50,7.50
3053,65,24.00,5.92,5.92
3054,65,24.00,7.33,7.33
3055,65,24.00,7.13,7.13
3056,65,24.00,6.33,6.33
3057,65,24.00,7.42,7.42
3058,65,24.00,4.92,4.92
3059,65,24.00,5.71,5.71
306,1,26.00,7.04,7.04
3060,65,24.00,7.79,7.79
3061,65,24.00,6.54,6.54
3062,65,24.00,5.92,5.92
3063,65,24.00,5.71,5.71
3064,65,24.00,7.38,7.38
3065,65,24.00,7.67,7.67
3066,65,24.00,7.08,7.08
3067,65,24.00,6.75,6.75
3068,65,24.00,7.00,7.00
3069,65,24.00,6.88,6.88
307,1,26.00,6.42,6.42
3070,65,24.00,6.67,6.67
3071,65,24.00,7.96,7.96
3072,65,24.00,5.75,5.75
3073,65,24.00,7.04,7.04
3074,66,22.00,6.68,6.68
3075,66,22.00,6.82,6.82
3076,66,22.00,8.41,8.41
3077,66,22.00,6.09,6.09
3078,66,22.00,6.45,6.45
3079,66,22.00,7.45,7.45
308,1,26.00,7.12,7.12
3080,66,22.00,5.55,5.55
3082,66,22.00,7.82,7.82
3083,66,22.00,6.95,6.95
3084,66,22.00,8.05,8.05
3085,66,22.00,7.45,7.45
3086,66,22.00,5.27,5.27
3087,66,22.00,6.73,6.73
3088,66,22.00,5.32,5.32
3089,66,22.00,5.86,5.86
309,1,26.00,6.27,6.27
3090,66,22.00,4.86,4.86
3091,66,22.00,5.73,5.73
3092,66,22.00,7.77,7.77
3093,66,22.00,6.91,6.91
3094,66,22.00,7.68,7.68
3095,66,22.00,6.50,6.50
3096,66,22.00,6.68,6.68
3097,66,22.00,6.09,6.09
3098,66,22.00,5.32,5.32
3099,66,22.00,8.05,8.05
31,2,26.00,7.92,7.92
310,1,26.00,8.04,8.04
3100,66,22.00,4.45,4.45
3101,66,22.00,7.23,7.23
3102,66,22.00,6.18,6.18
3103,66,22.00,5.91,5.91
3104,66,22.00,7.77,7.77
3105,66,22.00,6.77,6.77
3106,66,22.00,5.27,5.27
3107,66,22.00,6.18,6.18
3108,66,22.00,4.68,4.68
3109,66,22.00,7.91,7.91
311,1,26.00,5.23,5.23
3110,66,22.00,7.23,7.23
3111,66,22.00,5.41,5.41
3112,66,22.00,5.14,5.14
3113,66,22.00,6.68,6.68
3114,66,22.00,7.50,7.50
3115,66,22.00,7.23,7.23
3116,66,22.00,6.95,6.95
3117,66,22.00,7.50,7.50
3118,66,22.00,6.27,6.27
312,1,26.00,6.62,6.62
3120,66,22.00,8.05,8.05
3121,66,22.00,7.50,7.50
3122,66,22.00,7.77,7.77
3123,66,22.00,7.77,7.77
3124,66,22.00,5.23,5.23
3125,66,22.00,7.36,7.36
3126,66,22.00,7.77,7.77
3127,66,22.00,4.18,4.18
3128,66,22.00,5.77,5.77
3129,66,22.00,6.27,6.27
313,1,26.00,7.31,7.31
3130,66,22.00,6.59,6.59
3131,66,22.00,8.45,8.45
3132,66,22.00,7.91,7.91
3133,66,22.00,7.18,7.18
3134,66,22.00,5.59,5.59
3135,66,22.00,8.14,8.14
3136,66,22.00,4.36,4.36
3137,66,22.00,8.00,8.00
3138,66,22.00,8.09,8.09
3139,66,22.00,5.36,5.36
314,1,26.00,5.38,5.38
3140,66,22.00,5.95,5.95
3141,66,22.00,6.59,6.59
3142,66,22.00,6.77,6.77
3143,66,22.00,7.55,7.55
3144,66,22.00,6.45,6.45
3145,66,22.00,8.14,8.14
3146,66,22.00,6.64,6.64
3147,66,22.00,6.77,6.77
3148,66,22.00,6.27,6.27
3149,66,22.00,6.91,6.91
315,1,26.00,6.35,6.35
3150,66,22.00,7.41,7.41
3151,66,22.00,6.59,6.59
3152,66,22.00,4.95,4.95
3153,66,22.00,7.09,7.09
3154,66,22.00,7.32,7.32
3155,66,22.00,7.27,7.27
3156,66,22.00,8.73,8.73
3157,66,22.00,6.09,6.09
3158,66,22.00,7.59,7.59
3159,66,22.00,6.05,6.05
316,1,26.00,4.77,4.77
3160,66,22.00,6.18,6.18
3161,66,22.00,7.05,7.05
3162,66,22.00,5.59,5.59
3163,66,22.00,6.36,6.36
3164,66,22.00,5.68,5.68
3165,66,22.00,6.36,6.36
3166,66,22.00,6.91,6.91
3167,66,22.00,3.36,3.36
3168,66,22.00,5.18,5.18
3169,66,22.00,7.59,7.59
317,1,26.00,6.92,6.92
3170,66,22.00,7.36,7.36
3171,66,22.00,6.09,6.09
3172,66,22.00,5.95,5.95
3173,66,22.00,7.00,7.00
3174,66,22.00,2.91,2.91
3175,66,22.00,7.59,7.59
3176,66,22.00,4.55,4.55
3177,66,22.00,8.55,8.55
3178,66,22.00,5.05,5.05
318,1,26.00,6.54,6.54
3180,66,22.00,8.86,8.86
3181,66,22.00,6.91,6.91
3182,66,22.00,5.68,5.68
3183,66,22.00,4.50,4.50
3184,66,22.00,5.82,5.82
3185,66,22.00,6.14,6.14
3186,66,22.00,5.18,5.18
3187,66,22.00,7.23,7.23
3188,66,22.00,5.32,5.32
3189,66,22.00,6.55,6.55
319,1,26.00,8.15,8.15
3190,66,22.00,7.41,7.41
3191,66,22.00,6.82,6.82
3192,66,22.00,7.68,7.68
3193,66,22.00,7.59,7.59
3194,66,22.00,7.41,7.41
3195,66,22.00,6.59,6.59
3196,66,22.00,7.68,7.68
3197,66,22.00,7.91,7.91
3198,66,22.00,8.95,8.95
3199,66,22.00,7.59,7.59
32,2,26.00,8.46,8.46
320,1,26.00,4.46,4.46
3200,66,22.00,4.86,4.86
3201,66,22.00,5.95,5.95
3202,66,22.00,5.59,5.59
3203,66,22.00,7.77,7.77
3204,66,22.00,7.05,7.05
3205,66,22.00,6.00,6.00
3207,66,22.00,5.64,5.64
3208,66,22.00,5.59,5.59
321,1,26.00,8.38,8.38
3210,66,22.00,6.14,6.14
3211,66,22.00,5.14,5.14
3212,66,22.00,5.86,5.86
3214,66,22.00,6.68,6.68
3215,66,22.00,8.82,8.82
3216,66,22.00,7.73,7.73
3217,66,22.00,7.18,7.18
3218,66,22.00,6.23,6.23
3219,66,22.00,7.32,7.32
322,1,26.00,7.92,7.92
3220,66,22.00,6.82,6.82
3221,66,22.00,7.82,7.82
3222,66,22.00,7.64,7.64
3223,66,22.00,5.95,5.95
3224,66,22.00,8.77,8.77
3225,66,22.00,6.59,6.59
3226,66,22.00,5.23,5.23
3227,66,22.00,6.64,6.64
3228,66,22.00,6.68,6.68
3229,66,22.00,5.77,5.77
323,1,26.00,7.69,7.69
3230,66,22.00,7.32,7.32
3231,66,22.00,6.45,6.45
3232,66,22.00,6.27,6.27
3233,66,22.00,7.59,7.59
3235,66,22.00,6.32,6.32
3236,66,22.00,6.73,6.73
3237,66,22.00,7.64,7.64
3238,66,22.00,3.91,3.91
3239,66,22.00,8.64,8.64
324,1,26.00,6.88,6.88
3240,66,22.00,8.45,8.45
3241,66,22.00,6.27,6.27
3242,66,22.00,7.18,7.18
3243,66,22.00,5.05,5.05
3244,66,22.00,7.14,7.14
3245,66,22.00,7.14,7.14
3246,66,22.00,8.77,8.77
3247,66,22.00,7.50,7.50
3248,66,22.00,7.68,7.68
3249,66,22.00,5.95,5.95
325,1,26.00,6.88,6.88
3250,66,22.00,7.55,7.55
3251,66,22.00,9.09,9.09
3252,66,22.00,8.55,8.55
3253,66,22.00,7.32,7.32
3254,66,22.00,5.95,5.95
326,1,26.00,7.50,7.50
3268,83,22.00,6.32,6.32
3269,83,22.00,6.27,6.27
327,1,26.00,6.85,6.85
3270,83,22.00,8.68,8.68
3271,83,22.00,6.55,6.55
3273,83,22.00,4.64,4.64
3274,83,22.00,6.09,6.09
3275,83,22.00,7.36,7.36
3276,83,22.00,7.32,7.32
3277,83,22.00,6.77,6.77
3278,83,22.00,8.14,8.14
3279,83,22.00,7.59,7.59
328,1,26.00,5.92,5.92
3280,83,22.00,6.55,6.55
3281,83,22.00,6.64,6.64
3282,83,22.00,8.09,8.09
3283,83,22.00,8.14,8.14
3284,83,22.00,6.50,6.50
3285,83,22.00,7.95,7.95
3286,83,22.00,6.91,6.91
3287,83,22.00,7.95,7.95
3288,83,22.00,6.18,6.18
3289,83,22.00,6.36,6.36
329,1,26.00,7.62,7.62
3290,83,22.00,6.00,6.00
3291,83,22.00,5.95,5.95
3293,83,22.00,4.23,4.23
3294,83,22.00,4.64,4.64
3295,83,22.00,6.82,6.82
3296,83,22.00,5.55,5.55
3297,83,22.00,3.73,3.73
3298,83,22.00,7.27,7.27
3299,83,22.00,7.68,7.68
33,2,26.00,4.19,4.19
330,1,26.00,7.31,7.31
3300,83,22.00,7.50,7.50
3301,83,22.00,6.09,6.09
3302,83,22.00,7.05,7.05
3303,83,22.00,8.09,8.09
3304,83,22.00,4.50,4.50
3305,83,22.00,8.32,8.32
3306,83,22.00,6.77,6.77
3307,83,22.00,7.73,7.73
3308,83,22.00,6.82,6.82
3309,83,22.00,7.68,7.68
331,1,26.00,4.62,4.62
3310,83,22.00,8.27,8.27
3311,83,22.00,6.91,6.91
3312,83,22.00,7.55,7.55
3313,83,22.00,5.82,5.82
3314,83,22.00,6.91,6.91
3315,83,22.00,7.00,7.00
3316,83,22.00,8.59,8.59
3317,83,22.00,6.95,6.95
3318,83,22.00,7.09,7.09
3319,83,22.00,6.86,6.86
332,1,26.00,5.35,5.35
3320,83,22.00,7.27,7.27
3321,83,22.00,6.91,6.91
3322,83,22.00,6.82,6.82
3323,83,22.00,6.95,6.95
3324,83,22.00,7.14,7.14
3325,83,22.00,6.77,6.77
3326,83,22.00,6.50,6.50
3327,83,22.00,7.23,7.23
3328,83,22.00,8.32,8.32
3329,83,22.00,8.27,8.27
333,1,26.00,6.50,6.50
3330,83,22.00,6.95,6.95
3331,83,22.00,6.82,6.82
3332,83,22.00,6.82,6.82
3333,83,22.00,7.14,7.14
3334,83,22.00,6.36,6.36
3335,83,22.00,7.05,7.05
3336,83,22.00,7.00,7.00
3337,83,22.00,4.18,4.18
3338,83,22.00,6.73,6.73
3339,83,22.00,6.00,6.00
334,1,26.00,8.69,8.69
3340,83,22.00,6.55,6.55
3341,83,22.00,7.82,7.82
3342,83,22.00,6.59,6.59
3344,83,22.00,5.73,5.73
3345,83,22.00,7.82,7.82
3346,83,22.00,7.91,7.91
3347,83,22.00,7.68,7.68
3348,83,22.00,6.73,6.73
3349,83,22.00,8.00,8.00
335,1,26.00,5.23,5.23
3350,83,22.00,7.23,7.23
3351,83,22.00,4.55,4.55
3352,83,22.00,6.68,6.68
3353,83,22.00,5.82,5.82
3354,83,22.00,8.59,8.59
3355,83,22.00,7.77,7.77
3356,83,22.00,7.77,7.77
3357,83,22.00,8.45,8.45
3358,83,22.00,5.86,5.86
3359,83,22.00,3.14,3.14
336,1,26.00,7.23,7.23
3360,83,22.00,6.27,6.27
3361,83,22.00,6.32,6.32
3362,83,22.00,5.32,5.32
3363,83,22.00,7.32,7.32
3364,83,22.00,6.18,6.18
3365,83,22.00,4.68,4.68
3366,83,22.00,7.68,7.68
3367,83,22.00,7.41,7.41
3368,83,22.00,7.18,7.18
3369,83,22.00,4.64,4.64
337,1,26.00,5.00,5.00
3371,83,22.00,6.14,6.14
3372,83,22.00,5.68,5.68
3373,83,22.00,7.77,7.77
3374,83,22.00,6.36,6.36
3375,83,22.00,7.09,7.09
3376,83,22.00,7.41,7.41
3377,83,22.00,6.23,6.23
3378,83,22.00,7.68,7.68
3379,83,22.00,4.91,4.91
338,1,26.00,7.00,7.00
3380,83,22.00,8.14,8.14
3381,83,22.00,7.77,7.77
3382,83,22.00,5.64,5.64
3383,83,22.00,6.91,6.91
3384,83,22.00,6.73,6.73
3386,83,22.00,6.32,6.32
3387,83,22.00,7.27,7.27
3388,83,22.00,5.32,5.32
3389,83,22.00,5.50,5.50
339,1,26.00,6.62,6.62
3390,83,22.00,8.00,8.00
3391,83,22.00,5.64,5.64
3392,83,22.00,6.36,6.36
3393,83,22.00,8.09,8.09
3394,83,22.00,7.41,7.41
3395,83,22.00,7.55,7.55
3396,83,22.00,5.77,5.77
3397,83,22.00,3.77,3.77
3398,83,22.00,4.82,4.82
3399,83,22.00,7.09,7.09
34,2,26.00,6.92,6.92
340,1,26.00,6.04,6.04
3400,83,22.00,5.91,5.91
3401,83,22.00,6.09,6.09
3402,83,22.00,6.77,6.77
3403,83,22.00,8.64,8.64
3404,83,22.00,7.14,7.14
3405,83,22.00,5.50,5.50
3406,83,22.00,4.77,4.77
3407,83,22.00,6.27,6.27
3408,83,22.00,7.91,7.91
3409,83,22.00,6.64,6.64
341,1,26.00,7.12,7.12
3410,83,22.00,5.14,5.14
3411,83,22.00,7.36,7.36
3412,83,22.00,3.27,3.27
3413,83,22.00,6.05,6.05
3414,83,22.00,7.36,7.36
3415,83,22.00,7.82,7.82
3416,83,22.00,7.45,7.45
3417,83,22.00,4.09,4.09
3418,83,22.00,7.05,7.05
3419,83,22.00,8.09,8.09
342,1,26.00,6.46,6.46
3420,83,22.00,6.09,6.09
3421,83,22.00,4.55,4.55
3422,83,22.00,5.91,5.91
3423,83,22.00,7.55,7.55
3424,83,22.00,6.64,6.64
3425,83,22.00,7.36,7.36
3426,83,22.00,6.18,6.18
3427,83,22.00,7.05,7.05
3428,83,22.00,7.45,7.45
3429,83,22.00,7.32,7.32
343,1,26.00,5.23,5.23
3430,83,22.00,6.59,6.59
3431,83,22.00,7.55,7.55
3432,83,22.00,6.59,6.59
3433,83,22.00,6.05,6.05
3434,83,22.00,7.50,7.50
3435,83,22.00,7.27,7.27
3436,83,22.00,7.55,7.55
3437,83,22.00,6.95,6.95
3438,83,22.00,4.82,4.82
3439,83,22.00,5.73,5.73
344,1,26.00,7.38,7.38
3440,83,22.00,7.23,7.23
3441,83,22.00,8.23,8.23
3442,83,22.00,6.59,6.59
3443,83,22.00,6.27,6.27
3444,83,22.00,7.05,7.05
3445,83,22.00,6.82,6.82
3446,83,22.00,5.09,5.09
3447,83,22.00,6.00,6.00
3448,83,22.00,4.59,4.59
3449,83,22.00,7.91,7.91
345,1,26.00,6.92,6.92
3450,83,22.00,7.32,7.32
3451,83,22.00,6.41,6.41
3452,83,22.00,7.64,7.64
3453,83,22.00,6.68,6.68
3454,83,22.00,7.32,7.32
3455,83,22.00,6.68,6.68
3456,83,22.00,7.59,7.59
3457,83,22.00,7.14,7.14
3458,83,22.00,7.64,7.64
3459,83,22.00,8.18,8.18
346,1,26.00,7.04,7.04
3460,83,22.00,5.82,5.82
3461,83,22.00,7.36,7.36
3462,83,22.00,6.27,6.27
3463,83,22.00,7.45,7.45
3464,83,22.00,7.27,7.27
3465,83,22.00,5.86,5.86
3466,83,22.00,5.50,5.50
3467,83,22.00,6.05,6.05
3468,83,22.00,7.82,7.82
3469,83,22.00,6.64,6.64
347,1,26.00,8.50,8.50
3470,83,22.00,5.55,5.55
3471,83,22.00,6.64,6.64
3472,83,22.00,3.82,3.82
3473,83,22.00,7.86,7.86
3474,83,22.00,7.14,7.14
3475,83,22.00,5.73,5.73
3476,83,22.00,7.91,7.91
3477,83,22.00,4.50,4.50
3478,83,22.00,6.27,6.27
3479,83,22.00,6.23,6.23
348,1,26.00,7.08,7.08
3480,83,22.00,7.45,7.45
3481,83,22.00,7.82,7.82
3482,83,22.00,5.18,5.18
3483,83,22.00,4.05,4.05
3484,83,22.00,6.64,6.64
3485,83,22.00,5.95,5.95
3486,83,22.00,5.77,5.77
3487,83,22.00,6.09,6.09
3488,83,22.00,4.27,4.27
3489,83,22.00,7.18,7.18
349,1,26.00,7.62,7.62
3490,83,22.00,7.68,7.68
3491,83,22.00,7.50,7.50
3492,83,22.00,5.18,5.18
3493,83,22.00,8.59,8.59
3494,83,22.00,6.45,6.45
3495,83,22.00,6.73,6.73
3496,83,22.00,7.50,7.50
3497,83,22.00,4.59,4.59
3498,83,22.00,6.91,6.91
3499,83,22.00,7.50,7.50
35,2,26.00,7.04,7.04
350,1,26.00,9.31,9.31
3500,83,22.00,7.64,7.64
3501,83,22.00,5.55,5.55
3502,83,22.00,6.50,6.50
3503,83,22.00,6.18,6.18
3504,83,22.00,5.55,5.55
3505,83,22.00,4.86,4.86
3506,83,22.00,5.95,5.95
3507,84,24.00,5.50,5.50
3508,84,24.00,7.42,7.42
3509,84,24.00,7.00,7.00
351,1,26.00,7.27,7.27
3510,84,24.00,8.92,8.92
3511,84,24.00,7.13,7.13
3512,84,24.00,3.50,3.50
3513,84,24.00,6.50,6.50
3514,84,24.00,5.25,5.25
3516,84,24.00,7.13,7.13
3517,84,24.00,7.08,7.08
3518,84,24.00,6.38,6.38
3519,84,24.00,7.00,7.00
352,1,26.00,5.77,5.77
3520,84,24.00,6.63,6.63
3521,84,24.00,7.29,7.29
3522,84,24.00,8.33,8.33
3523,84,24.00,5.38,5.38
3524,84,24.00,7.46,7.46
3525,84,24.00,7.75,7.75
3526,84,24.00,7.54,7.54
3527,84,24.00,6.71,6.71
3528,84,24.00,5.79,5.79
3529,84,24.00,5.00,5.00
353,1,26.00,7.54,7.54
3530,84,24.00,8.88,8.88
3531,84,24.00,6.04,6.04
3532,84,24.00,5.25,5.25
3533,84,24.00,7.63,7.63
3534,84,24.00,7.75,7.75
3535,84,24.00,8.25,8.25
3536,84,24.00,8.63,8.63
3537,84,24.00,5.58,5.58
3538,84,24.00,5.50,5.50
3539,84,24.00,6.21,6.21
354,1,26.00,8.12,8.12
3540,84,24.00,5.21,5.21
3541,84,24.00,6.17,6.17
3542,84,24.00,6.92,6.92
3543,84,24.00,7.71,7.71
3544,84,24.00,6.46,6.46
3545,84,24.00,6.71,6.71
3546,84,24.00,8.46,8.46
3547,84,24.00,7.08,7.08
3548,84,24.00,7.13,7.13
3549,84,24.00,6.58,6.58
355,1,26.00,6.35,6.35
3550,84,24.00,5.83,5.83
3551,84,24.00,8.96,8.96
3552,84,24.00,4.50,4.50
3553,84,24.00,3.83,3.83
3554,84,24.00,6.79,6.79
3555,84,24.00,4.88,4.88
3557,84,24.00,8.67,8.67
3558,84,24.00,6.33,6.33
3559,84,24.00,5.96,5.96
356,1,26.00,6.00,6.00
3560,84,24.00,6.58,6.58
3561,84,24.00,7.08,7.08
3562,84,24.00,7.92,7.92
3563,84,24.00,7.58,7.58
3564,84,24.00,6.33,6.33
3565,84,24.00,5.33,5.33
3566,84,24.00,7.50,7.50
3567,84,24.00,7.67,7.67
3568,84,24.00,7.71,7.71
3569,84,24.00,6.75,6.75
357,1,26.00,8.12,8.12
3570,84,24.00,6.58,6.58
3571,84,24.00,7.29,7.29
3572,84,24.00,7.17,7.17
3573,84,24.00,7.33,7.33
3574,84,24.00,6.92,6.92
3575,84,24.00,7.75,7.75
3576,84,24.00,5.50,5.50
3577,84,24.00,5.92,5.92
3578,84,24.00,9.13,9.13
3579,84,24.00,6.50,6.50
358,1,26.00,7.19,7.19
3580,84,24.00,7.71,7.71
3581,84,24.00,4.88,4.88
3582,84,24.00,7.71,7.71
3583,84,24.00,7.92,7.92
3584,84,24.00,8.29,8.29
3585,84,24.00,6.50,6.50
3586,84,24.00,7.50,7.50
3587,84,24.00,7.00,7.00
3588,84,24.00,7.17,7.17
3589,84,24.00,8.25,8.25
359,1,26.00,6.92,6.92
3590,84,24.00,4.58,4.58
3591,84,24.00,6.92,6.92
3592,84,24.00,7.42,7.42
3593,84,24.00,5.96,5.96
3594,84,24.00,7.33,7.33
3595,84,24.00,5.08,5.08
3596,84,24.00,6.50,6.50
3597,84,24.00,7.42,7.42
3598,84,24.00,6.83,6.83
3599,84,24.00,7.63,7.63
36,2,26.00,6.77,6.77
360,1,26.00,7.46,7.46
3600,84,24.00,6.08,6.08
3601,84,24.00,5.38,5.38
3602,84,24.00,6.92,6.92
3603,84,24.00,6.75,6.75
3604,84,24.00,6.04,6.04
3605,84,24.00,5.92,5.92
3606,84,24.00,5.21,5.21
3607,84,24.00,7.25,7.25
3608,84,24.00,5.25,5.25
3609,84,24.00,9.00,9.00
361,1,26.00,8.04,8.04
3610,84,24.00,5.54,5.54
3611,84,24.00,7.42,7.42
3612,84,24.00,4.96,4.96
3613,84,24.00,8.33,8.33
3614,84,24.00,5.96,5.96
3615,84,24.00,7.38,7.38
3616,84,24.00,6.46,6.46
3617,84,24.00,6.13,6.13
3618,84,24.00,5.67,5.67
362,1,26.00,5.96,5.96
3620,84,24.00,5.92,5.92
3621,84,24.00,5.04,5.04
3622,84,24.00,7.46,7.46
3623,84,24.00,7.96,7.96
3624,84,24.00,8.21,8.21
3625,84,24.00,5.25,5.25
3626,84,24.00,6.25,6.25
3627,84,24.00,6.54,6.54
3628,84,24.00,6.83,6.83
3629,84,24.00,6.46,6.46
363,1,26.00,5.69,5.69
3630,84,24.00,7.25,7.25
3631,84,24.00,6.58,6.58
3632,84,24.00,4.00,4.00
3633,84,24.00,4.71,4.71
3634,84,24.00,7.17,7.17
3635,84,24.00,6.08,6.08
3636,84,24.00,7.33,7.33
3637,84,24.00,7.58,7.58
3638,84,24.00,7.29,7.29
3639,84,24.00,7.63,7.63
364,1,26.00,6.00,6.00
3640,84,24.00,6.25,6.25
3641,84,24.00,6.38,6.38
3642,84,24.00,5.58,5.58
3643,84,24.00,8.00,8.00
3644,84,24.00,8.08,8.08
3645,84,24.00,8.75,8.75
3647,84,24.00,5.79,5.79
3648,84,24.00,5.79,5.79
365,1,26.00,3.42,3.42
3650,84,24.00,6.21,6.21
3651,84,24.00,7.25,7.25
3652,84,24.00,7.58,7.58
3654,84,24.00,7.42,7.42
3655,84,24.00,7.92,7.92
3656,84,24.00,7.50,7.50
3657,84,24.00,5.92,5.92
3658,84,24.00,4.88,4.88
3659,84,24.00,7.88,7.88
366,1,26.00,7.04,7.04
3660,84,24.00,4.96,4.96
3661,84,24.00,6.67,6.67
3662,84,24.00,4.54,4.54
3663,84,24.00,8.25,8.25
3664,84,24.00,5.00,5.00
3665,84,24.00,7.96,7.96
3666,84,24.00,6.96,6.96
3667,84,24.00,5.63,5.63
3668,84,24.00,5.79,5.79
3669,84,24.00,6.79,6.79
367,1,26.00,5.85,5.85
3670,84,24.00,8.17,8.17
3671,84,24.00,5.88,5.88
3672,84,24.00,6.58,6.58
3673,84,24.00,8.21,8.21
3675,84,24.00,6.38,6.38
3676,84,24.00,6.46,6.46
3677,84,24.00,7.00,7.00
3678,84,24.00,6.29,6.29
3679,84,24.00,8.54,8.54
368,1,26.00,4.96,4.96
3680,84,24.00,8.04,8.04
3681,84,24.00,7.29,7.29
3682,84,24.00,6.08,6.08
3683,84,24.00,7.88,7.88
3684,84,24.00,7.25,7.25
3685,84,24.00,6.42,6.42
3686,84,24.00,7.21,7.21
3687,84,24.00,3.83,3.83
369,1,26.00,5.19,5.19
37,2,26.00,7.00,7.00
370,1,26.00,6.27,6.27
371,1,26.00,5.92,5.92
372,1,26.00,7.96,7.96
373,1,26.00,6.54,6.54
374,1,26.00,8.19,8.19
375,1,26.00,8.04,8.04
376,1,26.00,8.27,8.27
377,1,26.00,6.77,6.77
378,1,26.00,6.77,6.77
379,1,26.00,7.15,7.15
38,2,26.00,5.62,5.62
380,1,26.00,6.35,6.35
381,1,26.00,6.54,6.54
382,1,26.00,7.23,7.23
383,1,26.00,8.46,8.46
384,1,26.00,5.31,5.31
3846,72,25.00,5.48,5.48
3847,72,25.00,5.84,5.84
3848,72,25.00,6.04,6.04
3849,72,25.00,5.68,5.68
385,1,26.00,5.77,5.77
3850,72,25.00,7.52,7.52
3851,72,25.00,4.76,4.76
3852,72,25.00,6.68,6.68
3853,72,25.00,5.92,5.92
3854,72,25.00,7.12,7.12
3855,72,25.00,5.64,5.64
3856,72,25.00,7.32,7.32
3857,72,25.00,7.16,7.16
3858,72,25.00,7.36,7.36
3859,72,25.00,6.88,6.88
386,1,26.00,5.04,5.04
3860,72,25.00,5.04,5.04
3861,72,25.00,6.80,6.80
3862,72,25.00,4.84,4.84
3863,72,25.00,7.12,7.12
3864,72,25.00,8.24,8.24
3865,72,25.00,6.64,6.64
3866,72,25.00,6.56,6.56
3867,72,25.00,6.96,6.96
3868,72,25.00,5.76,5.76
3869,72,25.00,6.88,6.88
387,1,26.00,5.85,5.85
3870,72,25.00,7.60,7.60
3871,72,25.00,6.96,6.96
3872,72,25.00,4.80,4.80
3873,72,25.00,6.92,6.92
3874,72,25.00,7.04,7.04
3875,72,25.00,3.92,3.92
3876,72,25.00,6.24,6.24
3877,72,25.00,7.12,7.12
3878,72,25.00,6.88,6.88
3879,72,25.00,4.96,4.96
388,1,26.00,4.92,4.92
3880,72,25.00,7.04,7.04
3881,72,25.00,7.32,7.32
3882,72,25.00,7.72,7.72
3883,72,25.00,5.24,5.24
3884,72,25.00,8.40,8.40
3885,72,25.00,6.68,6.68
3886,72,25.00,7.80,7.80
3887,72,25.00,6.20,6.20
3888,72,25.00,4.64,4.64
3889,72,25.00,6.12,6.12
389,1,26.00,5.85,5.85
3890,72,25.00,5.32,5.32
3891,72,25.00,4.96,4.96
3892,72,25.00,7.32,7.32
3893,72,25.00,7.44,7.44
3894,72,25.00,5.96,5.96
3895,72,25.00,7.56,7.56
3896,72,25.00,6.72,6.72
3897,72,25.00,7.88,7.88
3898,72,25.00,5.60,5.60
3899,72,25.00,4.56,4.56
39,2,26.00,7.62,7.62
390,1,26.00,6.73,6.73
3900,72,25.00,7.00,7.00
3901,72,25.00,7.04,7.04
3902,72,25.00,7.76,7.76
3903,72,25.00,6.92,6.92
3904,72,25.00,8.00,8.00
3905,72,25.00,6.76,6.76
3906,72,25.00,7.68,7.68
3907,72,25.00,7.84,7.84
3908,72,25.00,7.12,7.12
3909,72,25.00,5.44,5.44
391,1,26.00,8.46,8.46
3910,72,25.00,7.92,7.92
3911,72,25.00,6.16,6.16
3912,72,25.00,7.84,7.84
3913,72,25.00,6.36,6.36
3914,72,25.00,6.08,6.08
3915,72,25.00,6.56,6.56
3916,72,25.00,5.24,5.24
3917,72,25.00,7.80,7.80
3918,72,25.00,7.84,7.84
3919,72,25.00,8.04,8.04
392,1,26.00,6.42,6.42
3920,72,25.00,8.00,8.00
3921,72,25.00,7.72,7.72
3922,72,25.00,8.60,8.60
3923,72,25.00,6.20,6.20
3924,72,25.00,6.84,6.84
3925,72,25.00,7.12,7.12
3926,72,25.00,6.08,6.08
3927,72,25.00,6.44,6.44
3928,72,25.00,6.68,6.68
3929,72,25.00,5.64,5.64
393,1,26.00,6.65,6.65
3930,72,25.00,6.56,6.56
394,1,26.00,5.38,5.38
395,1,26.00,7.46,7.46
396,1,26.00,7.77,7.77
397,1,26.00,5.50,5.50
398,1,26.00,5.38,5.38
399,1,26.00,5.35,5.35
4,2,26.00,4.85,4.85
40,2,26.00,4.69,4.69
400,1,26.00,5.85,5.85
401,1,26.00,6.35,6.35
402,1,26.00,5.88,5.88
403,1,26.00,3.46,3.46
404,1,26.00,6.27,6.27
405,1,26.00,5.00,5.00
406,3,26.00,5.88,5.88
407,3,26.00,4.12,4.12
408,3,26.00,6.46,6.46
409,3,26.00,5.81,5.81
41,2,26.00,8.23,8.23
410,3,26.00,5.00,5.00
411,3,26.00,6.31,6.31
412,3,26.00,2.62,2.62
413,3,26.00,6.62,6.62
414,3,26.00,5.81,5.81
415,3,26.00,6.62,6.62
416,3,26.00,6.54,6.54
417,3,26.00,6.50,6.50
418,3,26.00,4.88,4.88
419,3,26.00,4.50,4.50
42,2,26.00,7.96,7.96
420,3,26.00,6.08,6.08
4202,97,24.00,6.33,6.33
4203,97,24.00,7.92,7.92
4204,97,24.00,6.83,6.83
4205,97,24.00,6.75,6.75
4206,97,24.00,6.17,6.17
4207,97,24.00,8.33,8.33
4208,97,24.00,3.00,3.00
4209,97,24.00,6.17,6.17
421,3,26.00,6.73,6.73
4210,97,24.00,6.83,6.83
4211,97,24.00,7.83,7.83
4212,97,24.00,6.33,6.33
4213,97,24.00,5.67,5.67
4214,97,24.00,2.00,2.00
4215,97,24.00,8.83,8.83
4216,97,24.00,5.50,5.50
4217,97,24.00,5.33,5.33
4218,97,24.00,8.92,8.92
4219,97,24.00,5.50,5.50
422,3,26.00,6.58,6.58
4220,97,24.00,7.58,7.58
4221,97,24.00,8.75,8.75
4222,97,24.00,3.83,3.83
4223,97,24.00,4.83,4.83
4224,97,24.00,7.58,7.58
4225,97,24.00,8.58,8.58
4226,97,24.00,7.83,7.83
4227,97,24.00,6.58,6.58
4229,97,24.00,6.75,6.75
423,3,26.00,7.04,7.04
4230,97,24.00,6.67,6.67
4231,97,24.00,5.92,5.92
4232,97,24.00,5.17,5.17
4233,97,24.00,5.50,5.50
4234,97,24.00,6.25,6.25
4235,97,24.00,8.75,8.75
4236,97,24.00,5.83,5.83
4237,97,24.00,5.67,5.67
4238,97,24.00,7.42,7.42
4239,97,24.00,7.42,7.42
424,3,26.00,6.04,6.04
4240,97,24.00,7.00,7.00
4241,97,24.00,5.92,5.92
4242,97,24.00,6.50,6.50
4243,97,24.00,4.00,4.00
4244,97,24.00,8.33,8.33
4245,97,24.00,4.50,4.50
4246,97,24.00,7.33,7.33
4247,97,24.00,8.83,8.83
4248,97,24.00,8.08,8.08
4249,97,24.00,8.25,8.25
425,3,26.00,5.62,5.62
4250,97,24.00,6.33,6.33
4251,97,24.00,5.08,5.08
4252,97,24.00,6.83,6.83
4253,97,24.00,5.83,5.83
4255,97,24.00,6.92,6.92
4256,97,24.00,7.00,7.00
4257,97,24.00,7.92,7.92
4258,97,24.00,5.75,5.75
4259,97,24.00,8.50,8.50
426,3,26.00,7.08,7.08
4260,97,24.00,5.67,5.67
4261,97,24.00,7.83,7.83
4262,97,24.00,7.08,7.08
4263,97,24.00,4.67,4.67
4264,97,24.00,7.75,7.75
4265,97,24.00,5.08,5.08
4266,97,24.00,7.58,7.58
4267,97,24.00,5.67,5.67
4268,97,24.00,7.00,7.00
4269,97,24.00,7.33,7.33
427,3,26.00,7.00,7.00
4270,97,24.00,8.50,8.50
4271,97,24.00,6.00,6.00
4272,98,24.00,6.42,6.42
4273,98,24.00,6.46,6.46
4274,98,24.00,7.58,7.58
4275,98,24.00,7.04,7.04
4276,98,24.00,5.79,5.79
4277,98,24.00,5.83,5.83
4278,98,24.00,7.79,7.79
4279,98,24.00,6.67,6.67
428,3,26.00,7.35,7.35
4280,98,24.00,4.13,4.13
4281,98,24.00,6.92,6.92
4282,98,24.00,9.08,9.08
4283,98,24.00,5.96,5.96
4284,98,24.00,8.08,8.08
4285,98,24.00,7.79,7.79
4286,98,24.00,7.33,7.33
4287,98,24.00,6.75,6.75
4288,98,24.00,6.50,6.50
4289,98,24.00,8.33,8.33
429,3,26.00,7.69,7.69
4290,98,24.00,5.96,5.96
4291,98,24.00,5.83,5.83
4292,98,24.00,8.67,8.67
4293,98,24.00,7.71,7.71
4294,98,24.00,5.33,5.33
4295,98,24.00,7.54,7.54
4296,98,24.00,7.25,7.25
4297,98,24.00,7.96,7.96
4298,98,24.00,5.96,5.96
4299,98,24.00,7.75,7.75
43,2,26.00,8.19,8.19
4300,98,24.00,7.63,7.63
4301,98,24.00,7.50,7.50
4302,98,24.00,5.54,5.54
4303,98,24.00,4.71,4.71
4304,98,24.00,7.04,7.04
4305,98,24.00,6.88,6.88
4306,98,24.00,6.25,6.25
4307,98,24.00,4.54,4.54
4308,98,24.00,6.63,6.63
4309,98,24.00,6.08,6.08
431,3,26.00,5.31,5.31
4310,98,24.00,7.92,7.92
4311,98,24.00,7.33,7.33
4312,98,24.00,7.88,7.88
4313,98,24.00,3.75,3.75
4314,98,24.00,7.58,7.58
4315,98,24.00,8.08,8.08
4316,98,24.00,6.42,6.42
4317,98,24.00,7.00,7.00
4318,98,24.00,5.58,5.58
4319,98,24.00,7.79,7.79
432,3,26.00,6.81,6.81
4320,98,24.00,7.50,7.50
4321,98,24.00,6.67,6.67
4322,98,24.00,5.75,5.75
4323,98,24.00,6.33,6.33
4324,98,24.00,7.42,7.42
4325,98,24.00,6.25,6.25
4326,98,24.00,7.71,7.71
4327,98,24.00,5.29,5.29
4328,98,24.00,5.42,5.42
4329,98,24.00,5.17,5.17
433,3,26.00,8.69,8.69
4330,98,24.00,5.08,5.08
4331,98,24.00,8.38,8.38
4332,98,24.00,8.17,8.17
4333,98,24.00,4.83,4.83
4334,98,24.00,5.88,5.88
4335,98,24.00,7.88,7.88
4336,98,24.00,6.58,6.58
4337,98,24.00,3.13,3.13
4338,98,24.00,5.38,5.38
4339,98,24.00,8.54,8.54
434,3,26.00,6.27,6.27
4340,98,24.00,5.04,5.04
4341,98,24.00,5.83,5.83
4342,98,24.00,7.50,7.50
4343,98,24.00,6.42,6.42
4344,98,24.00,7.13,7.13
4345,98,24.00,5.79,5.79
4346,98,24.00,5.29,5.29
4347,98,24.00,8.33,8.33
4348,98,24.00,8.13,8.13
4349,98,24.00,7.21,7.21
435,3,26.00,8.92,8.92
4350,98,24.00,5.71,5.71
4351,98,24.00,6.75,6.75
4352,98,24.00,7.33,7.33
4353,98,24.00,5.46,5.46
4354,98,24.00,6.50,6.50
4355,98,24.00,6.79,6.79
4356,98,24.00,7.04,7.04
436,3,26.00,6.88,6.88
437,3,26.00,6.92,6.92
438,3,26.00,5.77,5.77
439,3,26.00,6.23,6.23
44,2,26.00,7.00,7.00
440,3,26.00,5.12,5.12
441,3,26.00,7.92,7.92
442,3,26.00,7.35,7.35
443,3,26.00,8.08,8.08
444,3,26.00,5.08,5.08
445,3,26.00,5.73,5.73
446,3,26.00,8.23,8.23
447,3,26.00,7.69,7.69
448,3,26.00,7.42,7.42
449,3,26.00,7.15,7.15
45,2,26.00,7.08,7.08
450,3,26.00,6.50,6.50
451,3,26.00,7.31,7.31
452,3,26.00,6.15,6.15
4523,79,24.00,6.58,6.58
4524,79,24.00,5.04,5.04
4525,79,24.00,6.42,6.42
4526,79,24.00,7.17,7.17
4527,79,24.00,6.79,6.79
4528,79,24.00,5.33,5.33
4529,79,24.00,6.38,6.38
453,3,26.00,3.50,3.50
4530,79,24.00,6.21,6.21
4531,79,24.00,5.17,5.17
4532,79,24.00,8.54,8.54
4533,79,24.00,8.33,8.33
4534,79,24.00,7.42,7.42
4535,79,24.00,6.75,6.75
4536,79,24.00,6.33,6.33
4537,79,24.00,6.92,6.92
4538,79,24.00,7.42,7.42
4539,79,24.00,6.88,6.88
454,3,26.00,7.08,7.08
4540,79,24.00,5.83,5.83
4541,79,24.00,7.08,7.08
4542,79,24.00,7.17,7.17
4543,79,24.00,8.17,8.17
4544,79,24.00,7.25,7.25
4545,79,24.00,7.42,7.42
4546,79,24.00,7.42,7.42
4547,79,24.00,8.25,8.25
4548,79,24.00,7.29,7.29
4549,79,24.00,7.21,7.21
455,3,26.00,5.69,5.69
4550,79,24.00,9.29,9.29
4551,79,24.00,7.21,7.21
4552,79,24.00,6.33,6.33
4553,79,24.00,5.96,5.96
4554,79,24.00,8.00,8.00
4555,79,24.00,8.75,8.75
4556,79,24.00,6.88,6.88
4557,79,24.00,6.46,6.46
4558,79,24.00,6.00,6.00
4559,79,24.00,7.75,7.75
456,3,26.00,6.77,6.77
4560,79,24.00,7.17,7.17
4561,79,24.00,6.63,6.63
4562,79,24.00,7.75,7.75
4563,79,24.00,4.79,4.79
4564,79,24.00,7.58,7.58
4565,79,24.00,7.63,7.63
4566,79,24.00,3.92,3.92
4567,79,24.00,6.00,6.00
4568,79,24.00,6.71,6.71
4569,79,24.00,5.50,5.50
457,3,26.00,6.27,6.27
4570,79,24.00,5.88,5.88
4571,79,24.00,6.96,6.96
4572,79,24.00,5.67,5.67
4573,79,24.00,6.46,6.46
4574,79,24.00,4.25,4.25
4575,79,24.00,5.92,5.92
4576,79,24.00,6.88,6.88
4577,79,24.00,6.67,6.67
4578,79,24.00,6.67,6.67
4579,79,24.00,7.46,7.46
458,3,26.00,6.15,6.15
4580,79,24.00,5.83,5.83
4581,79,24.00,8.00,8.00
4582,79,24.00,7.54,7.54
4583,79,24.00,5.67,5.67
4584,79,24.00,6.29,6.29
4585,79,24.00,6.88,6.88
4586,79,24.00,6.71,6.71
4587,79,24.00,5.42,5.42
4588,79,24.00,6.88,6.88
4589,79,24.00,5.96,5.96
459,3,26.00,7.00,7.00
4590,79,24.00,6.75,6.75
4591,79,24.00,4.50,4.50
4592,79,24.00,7.83,7.83
4593,79,24.00,6.29,6.29
4594,79,24.00,5.42,5.42
4595,79,24.00,7.25,7.25
4596,79,24.00,6.04,6.04
4597,80,24.00,6.83,6.83
4598,80,24.00,4.75,4.75
4599,80,24.00,5.46,5.46
46,2,26.00,6.27,6.27
460,3,26.00,4.88,4.88
4600,80,24.00,7.67,7.67
4601,80,24.00,9.21,9.21
4602,80,24.00,6.58,6.58
4603,80,24.00,5.17,5.17
4604,80,24.00,6.88,6.88
4605,80,24.00,7.58,7.58
4606,80,24.00,6.67,6.67
4607,80,24.00,7.38,7.38
4608,80,24.00,7.17,7.17
4609,80,24.00,7.21,7.21
461,3,26.00,8.19,8.19
4610,80,24.00,5.42,5.42
4611,80,24.00,8.17,8.17
4612,80,24.00,8.00,8.00
4613,80,24.00,7.00,7.00
4614,80,24.00,6.96,6.96
4615,80,24.00,5.67,5.67
4616,80,24.00,7.33,7.33
4617,80,24.00,7.92,7.92
4618,80,24.00,8.33,8.33
4619,80,24.00,7.33,7.33
462,3,26.00,8.46,8.46
4620,80,24.00,6.71,6.71
4621,80,24.00,8.17,8.17
4622,80,24.00,6.00,6.00
4623,80,24.00,5.88,5.88
4624,80,24.00,7.21,7.21
4625,80,24.00,5.33,5.33
4626,80,24.00,5.33,5.33
4627,80,24.00,7.25,7.25
4628,80,24.00,6.42,6.42
4629,80,24.00,7.00,7.00
463,3,26.00,4.38,4.38
4630,80,24.00,6.75,6.75
4631,80,24.00,6.63,6.63
4632,80,24.00,7.54,7.54
4633,80,24.00,6.79,6.79
4634,80,24.00,4.42,4.42
4635,80,24.00,7.63,7.63
4636,80,24.00,5.79,5.79
4637,80,24.00,5.79,5.79
4638,80,24.00,6.04,6.04
4639,80,24.00,8.13,8.13
464,3,26.00,8.12,8.12
4640,80,24.00,6.58,6.58
4641,80,24.00,8.38,8.38
4642,80,24.00,6.96,6.96
4643,80,24.00,8.33,8.33
4644,80,24.00,7.54,7.54
4645,80,24.00,7.42,7.42
4646,80,24.00,7.29,7.29
4647,80,24.00,5.54,5.54
4648,80,24.00,6.08,6.08
4649,80,24.00,6.42,6.42
465,3,26.00,7.08,7.08
4650,80,24.00,6.63,6.63
4651,80,24.00,6.54,6.54
4652,80,24.00,6.21,6.21
4653,80,24.00,5.92,5.92
4654,80,24.00,5.88,5.88
4655,80,24.00,8.33,8.33
4656,80,24.00,4.38,4.38
4657,80,24.00,6.92,6.92
4658,80,24.00,5.38,5.38
4659,80,24.00,8.29,8.29
466,3,26.00,8.12,8.12
4660,80,24.00,7.46,7.46
4661,80,24.00,6.71,6.71
4662,80,24.00,4.75,4.75
4663,80,24.00,7.38,7.38
4664,80,24.00,5.92,5.92
4665,80,24.00,7.42,7.42
4666,80,24.00,6.29,6.29
4667,80,24.00,4.88,4.88
4668,80,24.00,7.75,7.75
4669,80,24.00,8.25,8.25
467,3,26.00,5.62,5.62
4670,80,24.00,7.13,7.13
4671,80,24.00,5.08,5.08
4672,80,24.00,6.42,6.42
4673,80,24.00,6.75,6.75
4674,80,24.00,8.00,8.00
4675,71,26.00,5.96,5.96
4676,71,26.00,7.85,7.85
4677,71,26.00,6.19,6.19
4678,71,26.00,7.50,7.50
4679,71,26.00,6.65,6.65
468,3,26.00,6.23,6.23
4680,71,26.00,6.77,6.77
4681,71,26.00,7.19,7.19
4682,71,26.00,7.73,7.73
4683,71,26.00,8.96,8.96
4684,71,26.00,8.38,8.38
4685,71,26.00,5.31,5.31
4686,71,26.00,6.88,6.88
4687,71,26.00,6.23,6.23
4688,71,26.00,6.92,6.92
4689,71,26.00,7.81,7.81
469,3,26.00,6.58,6.58
4690,71,26.00,4.77,4.77
4691,71,26.00,4.35,4.35
4692,71,26.00,8.19,8.19
4693,71,26.00,7.85,7.85
4694,71,26.00,8.58,8.58
4695,71,26.00,8.35,8.35
4696,71,26.00,5.73,5.73
4697,71,26.00,5.46,5.46
4698,71,26.00,8.27,8.27
47,2,26.00,6.85,6.85
470,3,26.00,6.85,6.85
4700,71,26.00,8.35,8.35
4701,71,26.00,7.85,7.85
4702,71,26.00,6.27,6.27
4703,71,26.00,8.69,8.69
4704,71,26.00,7.38,7.38
4705,71,26.00,6.92,6.92
4706,71,26.00,7.42,7.42
4707,71,26.00,6.65,6.65
4708,71,26.00,7.46,7.46
4709,71,26.00,5.85,5.85
471,3,26.00,8.08,8.08
4710,71,26.00,5.77,5.77
4711,71,26.00,6.50,6.50
4712,71,26.00,8.58,8.58
4713,71,26.00,5.77,5.77
4714,71,26.00,5.88,5.88
4715,71,26.00,7.35,7.35
4716,71,26.00,4.69,4.69
4717,71,26.00,6.69,6.69
4718,71,26.00,6.35,6.35
4719,71,26.00,4.50,4.50
472,3,26.00,6.23,6.23
4720,71,26.00,6.77,6.77
4721,71,26.00,6.38,6.38
4722,71,26.00,7.42,7.42
4724,71,26.00,3.96,3.96
4725,71,26.00,6.96,6.96
4726,71,26.00,7.50,7.50
4727,71,26.00,7.31,7.31
4728,71,26.00,7.65,7.65
4729,71,26.00,7.54,7.54
473,3,26.00,6.00,6.00
4730,71,26.00,6.92,6.92
4731,71,26.00,5.88,5.88
4732,71,26.00,5.77,5.77
4733,71,26.00,8.00,8.00
4734,71,26.00,5.50,5.50
4735,71,26.00,5.77,5.77
4736,71,26.00,6.38,6.38
4737,71,26.00,8.27,8.27
4738,71,26.00,8.27,8.27
4739,71,26.00,4.58,4.58
474,3,26.00,5.81,5.81
4740,71,26.00,3.38,3.38
4741,71,26.00,3.08,3.08
4742,71,26.00,7.54,7.54
4743,71,26.00,7.04,7.04
4744,71,26.00,8.08,8.08
475,3,26.00,6.50,6.50
476,3,26.00,4.00,4.00
477,3,26.00,6.27,6.27
478,3,26.00,6.96,6.96
479,3,26.00,7.73,7.73
48,2,26.00,6.81,6.81
480,3,26.00,6.27,6.27
481,3,26.00,6.92,6.92
4814,105,26.00,5.73,5.73
4815,105,26.00,5.92,5.92
4816,105,26.00,4.85,4.85
4817,105,26.00,8.23,8.23
4818,105,26.00,6.42,6.42
4819,105,26.00,7.08,7.08
482,3,26.00,7.38,7.38
4820,105,26.00,7.15,7.15
4821,105,26.00,7.85,7.85
4822,105,26.00,4.08,4.08
4823,105,26.00,7.69,7.69
4824,105,26.00,7.31,7.31
4825,105,26.00,8.15,8.15
4826,105,26.00,6.58,6.58
4827,105,26.00,5.92,5.92
4828,105,26.00,7.00,7.00
4829,105,26.00,5.35,5.35
483,3,26.00,3.38,3.38
4830,105,26.00,6.04,6.04
4831,105,26.00,8.69,8.69
4832,105,26.00,6.46,6.46
4833,105,26.00,7.92,7.92
4834,105,26.00,7.38,7.38
4835,105,26.00,5.85,5.85
4836,105,26.00,8.77,8.77
4837,105,26.00,8.23,8.23
4838,105,26.00,6.00,6.00
4839,105,26.00,5.62,5.62
484,3,26.00,6.85,6.85
4840,105,26.00,6.31,6.31
4841,105,26.00,7.00,7.00
4842,105,26.00,9.23,9.23
4843,105,26.00,6.27,6.27
4844,105,26.00,7.46,7.46
4845,105,26.00,6.77,6.77
4846,105,26.00,7.65,7.65
4847,105,26.00,7.50,7.50
4848,105,26.00,7.00,7.00
4849,105,26.00,4.88,4.88
485,3,26.00,5.77,5.77
4850,105,26.00,8.12,8.12
4851,105,26.00,7.15,7.15
4852,105,26.00,5.69,5.69
4853,105,26.00,7.35,7.35
4854,105,26.00,6.69,6.69
4855,105,26.00,6.73,6.73
4856,105,26.00,7.96,7.96
4857,105,26.00,5.65,5.65
4858,105,26.00,7.88,7.88
4859,105,26.00,5.54,5.54
486,3,26.00,7.08,7.08
4860,105,26.00,4.31,4.31
4861,105,26.00,8.15,8.15
4862,105,26.00,6.50,6.50
4863,105,26.00,6.35,6.35
4864,105,26.00,7.15,7.15
4865,105,26.00,5.04,5.04
4866,105,26.00,9.08,9.08
4867,105,26.00,7.15,7.15
4868,105,26.00,5.23,5.23
4869,105,26.00,6.08,6.08
487,3,26.00,5.85,5.85
4870,105,26.00,8.35,8.35
4871,105,26.00,4.73,4.73
4872,105,26.00,6.31,6.31
4873,105,26.00,6.00,6.00
4874,105,26.00,6.46,6.46
4875,105,26.00,4.88,4.88
4876,105,26.00,6.46,6.46
4877,105,26.00,7.50,7.50
4878,105,26.00,5.92,5.92
4879,105,26.00,4.88,4.88
488,3,26.00,6.19,6.19
4880,105,26.00,6.88,6.88
4881,105,26.00,6.77,6.77
4882,105,26.00,8.65,8.65
4883,105,26.00,5.27,5.27
4884,105,26.00,5.00,5.00
4885,105,26.00,6.81,6.81
4886,105,26.00,8.00,8.00
4887,105,26.00,5.35,5.35
4888,106,24.00,5.88,5.88
4889,106,24.00,5.33,5.33
489,3,26.00,7.04,7.04
4890,106,24.00,3.67,3.67
4891,106,24.00,7.38,7.38
4892,106,24.00,8.83,8.83
4893,106,24.00,7.96,7.96
4894,106,24.00,5.42,5.42
4895,106,24.00,7.71,7.71
4896,106,24.00,7.38,7.38
4897,106,24.00,6.96,6.96
4898,106,24.00,8.71,8.71
4899,106,24.00,3.75,3.75
49,2,26.00,6.92,6.92
490,3,26.00,5.69,5.69
4900,106,24.00,5.92,5.92
4901,106,24.00,7.88,7.88
4902,106,24.00,7.54,7.54
4903,106,24.00,6.58,6.58
4904,106,24.00,7.92,7.92
4905,106,24.00,6.71,6.71
4906,106,24.00,8.04,8.04
4907,106,24.00,7.54,7.54
4908,106,24.00,7.38,7.38
4909,106,24.00,7.46,7.46
491,3,26.00,5.42,5.42
4910,106,24.00,6.33,6.33
4911,106,24.00,6.21,6.21
4912,106,24.00,6.50,6.50
4913,106,24.00,6.83,6.83
4914,106,24.00,6.50,6.50
4915,106,24.00,5.42,5.42
4916,106,24.00,6.96,6.96
4917,106,24.00,6.79,6.79
4918,106,24.00,6.50,6.50
4919,106,24.00,4.33,4.33
492,3,26.00,6.92,6.92
4920,106,24.00,6.21,6.21
4921,106,24.00,7.67,7.67
4922,106,24.00,6.29,6.29
4923,106,24.00,4.79,4.79
4924,106,24.00,6.08,6.08
4925,106,24.00,7.25,7.25
4926,106,24.00,8.17,8.17
4927,106,24.00,6.88,6.88
4928,106,24.00,5.50,5.50
4929,106,24.00,5.29,5.29
493,3,26.00,5.54,5.54
4930,106,24.00,7.25,7.25
4931,106,24.00,7.71,7.71
4932,106,24.00,5.46,5.46
4933,106,24.00,7.33,7.33
4934,106,24.00,7.42,7.42
4935,106,24.00,6.75,6.75
4936,106,24.00,6.17,6.17
4937,106,24.00,7.46,7.46
4938,106,24.00,5.71,5.71
4939,106,24.00,7.38,7.38
494,3,26.00,5.77,5.77
4940,106,24.00,6.13,6.13
4941,106,24.00,6.38,6.38
4942,106,24.00,7.46,7.46
4943,106,24.00,5.38,5.38
4944,106,24.00,6.71,6.71
4945,106,24.00,7.00,7.00
4946,106,24.00,6.83,6.83
4947,106,24.00,7.38,7.38
4948,106,24.00,6.08,6.08
4949,106,24.00,3.88,3.88
495,3,26.00,3.00,3.00
4950,106,24.00,4.00,4.00
4951,106,24.00,7.46,7.46
4952,106,24.00,6.92,6.92
4953,106,24.00,5.58,5.58
4954,106,24.00,5.63,5.63
4955,106,24.00,6.46,6.46
4956,106,24.00,7.13,7.13
4957,106,24.00,7.75,7.75
4958,106,24.00,8.46,8.46
4959,106,24.00,3.75,3.75
496,3,26.00,5.19,5.19
4960,106,24.00,7.75,7.75
4961,106,24.00,7.08,7.08
4962,106,24.00,3.92,3.92
4963,106,24.00,6.54,6.54
4964,106,24.00,7.88,7.88
4965,106,24.00,5.29,5.29
497,3,26.00,8.31,8.31
498,3,26.00,3.50,3.50
499,3,26.00,6.38,6.38
5,2,26.00,6.54,6.54
50,2,26.00,7.69,7.69
500,3,26.00,7.15,7.15
501,3,26.00,7.85,7.85
502,3,26.00,7.42,7.42
503,3,26.00,7.12,7.12
504,3,26.00,5.08,5.08
505,3,26.00,8.77,8.77
506,3,26.00,3.46,3.46
507,3,26.00,6.62,6.62
508,3,26.00,6.69,6.69
509,3,26.00,5.42,5.42
51,2,26.00,6.77,6.77
510,3,26.00,8.85,8.85
511,3,26.00,8.42,8.42
512,3,26.00,6.27,6.27
513,3,26.00,5.50,5.50
514,3,26.00,7.38,7.38
515,3,26.00,6.96,6.96
516,3,26.00,5.81,5.81
517,3,26.00,7.81,7.81
518,3,26.00,6.23,6.23
519,3,26.00,5.96,5.96
52,2,26.00,6.46,6.46
520,3,26.00,5.46,5.46
521,3,26.00,4.77,4.77
522,3,26.00,8.19,8.19
523,3,26.00,6.54,6.54
524,3,26.00,8.62,8.62
525,3,26.00,6.88,6.88
526,3,26.00,8.38,8.38
527,3,26.00,7.04,7.04
528,3,26.00,7.08,7.08
529,3,26.00,7.77,7.77
53,2,26.00,8.96,8.96
530,3,26.00,7.54,7.54
531,3,26.00,7.42,7.42
532,3,26.00,7.12,7.12
533,3,26.00,6.04,6.04
534,3,26.00,7.31,7.31
535,3,26.00,4.46,4.46
536,3,26.00,7.04,7.04
537,3,26.00,6.38,6.38
538,3,26.00,6.19,6.19
539,3,26.00,6.73,6.73
54,2,26.00,7.31,7.31
540,3,26.00,6.19,6.19
541,3,26.00,6.77,6.77
542,3,26.00,5.81,5.81
543,3,26.00,7.46,7.46
544,3,26.00,6.77,6.77
545,3,26.00,4.23,4.23
546,3,26.00,6.85,6.85
547,3,26.00,4.96,4.96
548,3,26.00,7.46,7.46
549,3,26.00,7.12,7.12
55,2,26.00,7.54,7.54
550,3,26.00,6.62,6.62
551,3,26.00,7.85,7.85
552,3,26.00,6.96,6.96
553,3,26.00,6.23,6.23
554,3,26.00,8.35,8.35
555,3,26.00,6.81,6.81
556,3,26.00,6.00,6.00
557,3,26.00,6.96,6.96
558,3,26.00,5.58,5.58
559,3,26.00,5.19,5.19
56,2,26.00,5.88,5.88
560,3,26.00,6.23,6.23
561,3,26.00,6.19,6.19
562,3,26.00,6.65,6.65
563,3,26.00,4.65,4.65
564,3,26.00,5.65,5.65
565,3,26.00,8.31,8.31
566,3,26.00,6.85,6.85
567,3,26.00,6.50,6.50
568,3,26.00,7.73,7.73
569,3,26.00,6.23,6.23
57,2,26.00,6.08,6.08
570,3,26.00,7.35,7.35
571,3,26.00,6.62,6.62
572,3,26.00,4.38,4.38
573,3,26.00,8.27,8.27
574,3,26.00,2.50,2.50
575,3,26.00,6.42,6.42
576,3,26.00,4.58,4.58
577,3,26.00,5.81,5.81
578,3,26.00,5.58,5.58
579,3,26.00,7.73,7.73
58,2,26.00,5.88,5.88
580,3,26.00,6.69,6.69
581,3,26.00,9.46,9.46
582,3,26.00,8.15,8.15
583,3,26.00,7.88,7.88
584,3,26.00,6.85,6.85
5840,169,22.00,8.14,8.14
5841,169,22.00,7.86,7.86
5842,169,22.00,4.32,4.32
5843,169,22.00,4.09,4.09
5844,169,22.00,3.68,3.68
5845,169,22.00,7.09,7.09
5846,169,22.00,7.64,7.64
5847,169,22.00,8.59,8.59
5848,169,22.00,5.45,5.45
5849,169,22.00,5.86,5.86
585,3,26.00,5.77,5.77
5850,169,22.00,5.68,5.68
5851,169,22.00,6.91,6.91
5852,169,22.00,6.64,6.64
5853,169,22.00,5.23,5.23
5854,169,22.00,6.50,6.50
5855,169,22.00,5.27,5.27
5856,169,22.00,6.36,6.36
5857,169,22.00,6.73,6.73
5858,169,22.00,7.86,7.86
5859,169,22.00,7.64,7.64
586,3,26.00,8.69,8.69
5860,169,22.00,7.91,7.91
5861,169,22.00,7.82,7.82
5862,169,22.00,7.68,7.68
5863,169,22.00,7.23,7.23
5864,169,22.00,5.32,5.32
5865,169,22.00,7.14,7.14
5866,169,22.00,6.86,6.86
5867,169,22.00,5.91,5.91
5868,169,22.00,6.05,6.05
5869,169,22.00,8.14,8.14
587,3,26.00,7.35,7.35
5870,169,22.00,8.50,8.50
5871,169,22.00,5.77,5.77
5872,169,22.00,8.14,8.14
5874,169,22.00,6.27,6.27
5875,169,22.00,6.68,6.68
5876,169,22.00,6.41,6.41
5877,169,22.00,6.41,6.41
5878,169,22.00,8.05,8.05
5879,169,22.00,8.14,8.14
588,3,26.00,8.00,8.00
5880,169,22.00,7.32,7.32
5881,169,22.00,7.59,7.59
5882,169,22.00,8.00,8.00
5884,169,22.00,5.73,5.73
5885,169,22.00,7.86,7.86
5886,169,22.00,7.00,7.00
5887,169,22.00,6.05,6.05
5888,169,22.00,7.64,7.64
5889,169,22.00,7.73,7.73
589,3,26.00,6.85,6.85
5890,169,22.00,5.86,5.86
5891,169,22.00,6.68,6.68
5892,169,22.00,7.09,7.09
5893,169,22.00,6.36,6.36
5894,169,22.00,4.91,4.91
5895,169,22.00,8.50,8.50
5896,169,22.00,7.50,7.50
5897,169,22.00,5.82,5.82
5898,169,22.00,5.68,5.68
5899,169,22.00,7.77,7.77
59,2,26.00,7.54,7.54
590,3,26.00,7.12,7.12
5900,169,22.00,5.32,5.32
5901,169,22.00,7.77,7.77
5902,169,22.00,6.86,6.86
5903,169,22.00,5.95,5.95
5904,169,22.00,8.45,8.45
5905,169,22.00,5.55,5.55
5906,169,22.00,7.14,7.14
5907,169,22.00,8.27,8.27
5908,169,22.00,5.50,5.50
5909,169,22.00,7.27,7.27
591,3,26.00,5.58,5.58
5910,169,22.00,7.05,7.05
5911,169,22.00,6.95,6.95
5912,169,22.00,7.05,7.05
5913,169,22.00,7.23,7.23
5914,169,22.00,5.64,5.64
5915,169,22.00,7.59,7.59
5916,169,22.00,6.77,6.77
592,3,26.00,4.92,4.92
593,3,26.00,4.46,4.46
594,3,26.00,6.15,6.15
595,3,26.00,8.00,8.00
596,3,26.00,7.92,7.92
597,3,26.00,7.15,7.15
598,3,26.00,6.19,6.19
599,3,26.00,6.31,6.31
6,2,26.00,5.85,5.85
60,2,26.00,4.38,4.38
600,3,26.00,8.69,8.69
601,3,26.00,4.96,4.96
602,3,26.00,4.08,4.08
603,3,26.00,7.12,7.12
604,3,26.00,5.31,5.31
605,3,26.00,4.85,4.85
606,3,26.00,7.23,7.23
607,3,26.00,7.08,7.08
608,4,26.00,4.73,4.73
609,4,26.00,6.27,6.27
6095,170,23.00,6.00,6.00
6096,170,23.00,6.61,6.61
6097,170,23.00,7.87,7.87
6098,170,23.00,6.57,6.57
6099,170,23.00,4.61,4.61
61,2,26.00,7.96,7.96
610,4,26.00,6.92,6.92
6100,170,23.00,6.00,6.00
6101,170,23.00,5.48,5.48
6102,170,23.00,6.83,6.83
6103,170,23.00,8.09,8.09
6104,170,23.00,6.39,6.39
6105,170,23.00,4.91,4.91
6106,170,23.00,8.04,8.04
6107,170,23.00,8.39,8.39
6108,170,23.00,6.78,6.78
6109,170,23.00,7.78,7.78
611,4,26.00,7.96,7.96
6110,170,23.00,6.91,6.91
6111,170,23.00,8.78,8.78
6112,170,23.00,6.39,6.39
6113,170,23.00,5.83,5.83
6114,170,23.00,7.39,7.39
6115,170,23.00,7.30,7.30
6116,170,23.00,6.22,6.22
6117,170,23.00,4.57,4.57
6118,170,23.00,6.96,6.96
6119,170,23.00,6.70,6.70
612,4,26.00,5.54,5.54
6120,170,23.00,6.43,6.43
6121,170,23.00,6.39,6.39
6122,170,23.00,7.26,7.26
6123,170,23.00,7.61,7.61
6124,170,23.00,6.83,6.83
6125,170,23.00,5.65,5.65
6126,170,23.00,7.22,7.22
6127,170,23.00,8.22,8.22
6128,170,23.00,6.30,6.30
6129,170,23.00,6.35,6.35
613,4,26.00,6.96,6.96
6130,170,23.00,6.70,6.70
6131,170,23.00,4.65,4.65
6132,170,23.00,7.00,7.00
6133,170,23.00,3.39,3.39
6134,170,23.00,8.13,8.13
6135,170,23.00,7.04,7.04
6136,170,23.00,5.87,5.87
6137,170,23.00,5.17,5.17
6138,170,23.00,5.74,5.74
6139,170,23.00,5.96,5.96
614,4,26.00,5.85,5.85
6140,170,23.00,6.52,6.52
6141,170,23.00,6.78,6.78
6142,170,23.00,5.57,5.57
6143,170,23.00,6.91,6.91
6144,170,23.00,5.17,5.17
6145,170,23.00,8.70,8.70
6146,170,23.00,8.17,8.17
6147,170,23.00,8.09,8.09
6148,170,23.00,7.48,7.48
6149,170,23.00,6.35,6.35
615,4,26.00,7.46,7.46
6150,170,23.00,5.30,5.30
6151,170,23.00,4.96,4.96
6152,170,23.00,6.87,6.87
6153,170,23.00,6.57,6.57
6154,170,23.00,5.52,5.52
6155,170,23.00,6.39,6.39
6156,170,23.00,7.57,7.57
6157,170,23.00,6.17,6.17
6158,170,23.00,7.65,7.65
6159,170,23.00,7.17,7.17
616,4,26.00,4.54,4.54
6160,170,23.00,6.30,6.30
6161,170,23.00,7.52,7.52
6162,170,23.00,6.87,6.87
6163,170,23.00,7.26,7.26
6164,170,23.00,5.30,5.30
6165,170,23.00,5.57,5.57
6166,170,23.00,7.22,7.22
6167,170,23.00,5.17,5.17
6168,170,23.00,7.91,7.91
6169,170,23.00,7.17,7.17
617,4,26.00,5.69,5.69
6170,170,23.00,5.04,5.04
6171,170,23.00,6.13,6.13
6172,170,23.00,5.65,5.65
6173,170,23.00,7.35,7.35
6174,170,23.00,7.57,7.57
6175,170,23.00,8.74,8.74
6176,170,23.00,7.09,7.09
6177,170,23.00,8.00,8.00
6178,170,23.00,5.35,5.35
6179,170,23.00,7.00,7.00
618,4,26.00,6.50,6.50
6180,170,23.00,5.70,5.70
619,4,26.00,5.81,5.81
62,2,26.00,7.12,7.12
620,4,26.00,6.62,6.62
621,4,26.00,6.81,6.81
622,4,26.00,7.15,7.15
623,4,26.00,7.46,7.46
624,4,26.00,5.88,5.88
625,4,26.00,7.19,7.19
626,4,26.00,7.35,7.35
627,4,26.00,7.50,7.50
628,4,26.00,7.19,7.19
629,4,26.00,8.08,8.08
63,2,26.00,8.65,8.65
630,4,26.00,6.69,6.69
631,4,26.00,7.65,7.65
632,4,26.00,4.77,4.77
633,4,26.00,6.92,6.92
634,4,26.00,7.58,7.58
635,4,26.00,5.77,5.77
636,4,26.00,7.77,7.77
637,4,26.00,5.54,5.54
638,4,26.00,6.88,6.88
639,4,26.00,7.46,7.46
6393,194,24.00,7.42,7.42
6394,194,24.00,5.71,5.71
6395,194,24.00,5.63,5.63
6396,194,24.00,5.92,5.92
6397,194,24.00,6.13,6.13
6398,194,24.00,6.25,6.25
6399,194,24.00,8.17,8.17
64,2,26.00,5.54,5.54
640,4,26.00,6.69,6.69
6400,194,24.00,7.79,7.79
6401,194,24.00,7.00,7.00
6402,194,24.00,6.75,6.75
6403,194,24.00,6.88,6.88
6404,194,24.00,7.50,7.50
6405,194,24.00,5.79,5.79
6406,194,24.00,6.71,6.71
6407,194,24.00,7.21,7.21
6408,194,24.00,6.46,6.46
6409,194,24.00,7.33,7.33
641,4,26.00,5.12,5.12
6410,194,24.00,6.17,6.17
6411,194,24.00,5.75,5.75
6412,194,24.00,7.71,7.71
6413,194,24.00,7.00,7.00
6414,194,24.00,5.58,5.58
6415,194,24.00,9.08,9.08
6416,194,24.00,7.58,7.58
6417,194,24.00,7.04,7.04
6418,194,24.00,7.29,7.29
6419,194,24.00,5.25,5.25
642,4,26.00,4.54,4.54
6420,194,24.00,7.58,7.58
6421,194,24.00,5.13,5.13
6422,194,24.00,5.96,5.96
6423,194,24.00,7.63,7.63
6424,194,24.00,6.54,6.54
6425,194,24.00,6.67,6.67
6426,194,24.00,6.63,6.63
6427,194,24.00,7.17,7.17
6428,194,24.00,6.33,6.33
6429,194,24.00,5.88,5.88
643,4,26.00,7.77,7.77
6430,194,24.00,8.25,8.25
6431,194,24.00,6.79,6.79
6432,194,24.00,8.88,8.88
6433,194,24.00,6.04,6.04
6434,194,24.00,7.63,7.63
6435,194,24.00,7.29,7.29
6436,194,24.00,6.33,6.33
6437,194,24.00,7.54,7.54
6438,194,24.00,6.33,6.33
6439,194,24.00,7.88,7.88
644,4,26.00,6.73,6.73
6440,194,24.00,7.42,7.42
6441,194,24.00,7.92,7.92
6442,194,24.00,5.75,5.75
6443,194,24.00,6.29,6.29
6444,194,24.00,6.71,6.71
6445,194,24.00,7.00,7.00
6446,194,24.00,5.92,5.92
6447,194,24.00,6.92,6.92
6448,194,24.00,5.04,5.04
6449,194,24.00,5.21,5.21
645,4,26.00,5.85,5.85
6450,194,24.00,4.83,4.83
6451,194,24.00,6.25,6.25
6452,194,24.00,7.79,7.79
6453,194,24.00,5.96,5.96
6454,194,24.00,6.67,6.67
6455,194,24.00,7.33,7.33
6456,194,24.00,7.63,7.63
6457,194,24.00,7.75,7.75
6458,194,24.00,7.04,7.04
6459,194,24.00,5.50,5.50
646,4,26.00,6.46,6.46
6460,194,24.00,7.79,7.79
6461,194,24.00,7.08,7.08
6462,194,24.00,7.75,7.75
6463,194,24.00,7.04,7.04
6464,194,24.00,6.88,6.88
6465,194,24.00,8.54,8.54
6466,194,24.00,8.63,8.63
6467,194,24.00,7.67,7.67
6468,194,24.00,5.00,5.00
6469,194,24.00,5.75,5.75
647,4,26.00,5.85,5.85
6470,194,24.00,7.08,7.08
6471,194,24.00,6.50,6.50
6472,194,24.00,6.96,6.96
6473,194,24.00,5.79,5.79
6474,194,24.00,6.92,6.92
6475,194,24.00,7.13,7.13
6476,194,24.00,3.88,3.88
6477,194,24.00,5.54,5.54
6478,194,24.00,7.04,7.04
6479,194,24.00,5.67,5.67
648,4,26.00,6.08,6.08
649,4,26.00,6.73,6.73
6493,193,24.00,4.50,4.50
6494,193,24.00,6.17,6.17
6495,193,24.00,3.96,3.96
6496,193,24.00,8.25,8.25
6497,193,24.00,7.00,7.00
6498,193,24.00,6.58,6.58
6499,193,24.00,8.63,8.63
65,2,26.00,3.77,3.77
650,4,26.00,7.27,7.27
6500,193,24.00,5.42,5.42
6501,193,24.00,7.38,7.38
6502,193,24.00,7.17,7.17
6503,193,24.00,6.04,6.04
6504,193,24.00,7.67,7.67
6505,193,24.00,6.63,6.63
6506,193,24.00,5.83,5.83
6507,193,24.00,7.75,7.75
6508,193,24.00,7.63,7.63
6509,193,24.00,3.54,3.54
651,4,26.00,7.46,7.46
6510,193,24.00,6.67,6.67
6511,193,24.00,5.83,5.83
6512,193,24.00,5.38,5.38
6513,193,24.00,8.17,8.17
6514,193,24.00,6.96,6.96
6515,193,24.00,6.67,6.67
6516,193,24.00,5.67,5.67
6517,193,24.00,6.75,6.75
6518,193,24.00,6.75,6.75
6519,193,24.00,4.25,4.25
652,4,26.00,5.23,5.23
6520,193,24.00,8.54,8.54
6521,193,24.00,6.13,6.13
6522,193,24.00,7.71,7.71
6523,193,24.00,4.08,4.08
6524,193,24.00,6.21,6.21
6525,193,24.00,5.67,5.67
6526,193,24.00,8.63,8.63
6527,193,24.00,7.21,7.21
6528,193,24.00,5.92,5.92
6529,193,24.00,6.63,6.63
653,4,26.00,3.38,3.38
6530,193,24.00,6.83,6.83
6531,193,24.00,5.50,5.50
6532,193,24.00,7.17,7.17
6533,193,24.00,6.38,6.38
6534,193,24.00,6.67,6.67
6535,193,24.00,6.17,6.17
6536,193,24.00,6.21,6.21
6537,193,24.00,5.75,5.75
6538,193,24.00,9.25,9.25
6539,193,24.00,8.83,8.83
654,4,26.00,8.00,8.00
6540,193,24.00,5.75,5.75
6541,193,24.00,3.67,3.67
6542,193,24.00,3.63,3.63
6543,193,24.00,6.25,6.25
6544,193,24.00,7.54,7.54
6545,193,24.00,4.58,4.58
6546,193,24.00,6.63,6.63
6547,193,24.00,6.25,6.25
6548,193,24.00,7.63,7.63
6549,193,24.00,6.83,6.83
655,4,26.00,8.77,8.77
6550,193,24.00,6.96,6.96
6551,193,24.00,6.00,6.00
6552,193,24.00,6.79,6.79
6553,193,24.00,5.83,5.83
6554,193,24.00,7.92,7.92
6555,193,24.00,7.79,7.79
6556,193,24.00,6.83,6.83
6557,193,24.00,8.33,8.33
6558,193,24.00,3.58,3.58
6559,193,24.00,4.96,4.96
656,4,26.00,6.85,6.85
6560,193,24.00,6.54,6.54
6561,193,24.00,6.50,6.50
657,4,26.00,7.73,7.73
658,4,26.00,4.58,4.58
659,4,26.00,5.19,5.19
66,2,26.00,7.08,7.08
660,4,26.00,6.65,6.65
661,4,26.00,6.12,6.12
662,4,26.00,6.54,6.54
663,4,26.00,5.88,5.88
664,4,26.00,6.69,6.69
665,4,26.00,6.58,6.58
666,4,26.00,8.65,8.65
667,4,26.00,6.92,6.92
668,4,26.00,6.92,6.92
669,4,26.00,7.27,7.27
67,2,26.00,7.50,7.50
670,4,26.00,6.42,6.42
671,4,26.00,6.54,6.54
672,4,26.00,6.08,6.08
673,4,26.00,7.50,7.50
674,4,26.00,6.50,6.50
675,4,26.00,6.19,6.19
6754,217,20.00,5.50,5.50
6755,217,20.00,6.20,6.20
6756,217,20.00,7.15,7.15
6757,217,20.00,6.80,6.80
6758,217,20.00,7.60,7.60
6759,217,20.00,4.65,4.65
676,4,26.00,8.19,8.19
6760,217,20.00,7.25,7.25
6761,217,20.00,7.95,7.95
6762,217,20.00,6.45,6.45
6763,217,20.00,7.20,7.20
6764,217,20.00,5.90,5.90
6765,217,20.00,6.65,6.65
6766,217,20.00,6.55,6.55
6767,217,20.00,8.50,8.50
6768,217,20.00,6.25,6.25
6769,217,20.00,8.65,8.65
677,4,26.00,7.85,7.85
6770,217,20.00,7.70,7.70
6771,217,20.00,7.30,7.30
6772,217,20.00,5.75,5.75
6773,217,20.00,5.30,5.30
6774,217,20.00,6.05,6.05
6775,217,20.00,7.80,7.80
6776,217,20.00,4.95,4.95
6777,217,20.00,5.45,5.45
6778,217,20.00,8.10,8.10
6779,217,20.00,6.75,6.75
678,4,26.00,6.46,6.46
6780,217,20.00,8.10,8.10
6781,217,20.00,6.90,6.90
6782,217,20.00,5.65,5.65
6783,217,20.00,4.95,4.95
6784,217,20.00,5.80,5.80
6785,217,20.00,5.50,5.50
6786,217,20.00,6.55,6.55
6787,217,20.00,8.25,8.25
6788,217,20.00,4.35,4.35
6789,217,20.00,7.25,7.25
679,4,26.00,6.42,6.42
6790,217,20.00,7.05,7.05
6791,217,20.00,8.95,8.95
6792,217,20.00,8.30,8.30
6793,217,20.00,6.05,6.05
6794,217,20.00,5.65,5.65
6795,217,20.00,6.60,6.60
6796,217,20.00,5.10,5.10
6797,217,20.00,8.85,8.85
6798,217,20.00,8.20,8.20
6799,217,20.00,8.40,8.40
68,2,26.00,6.35,6.35
680,4,26.00,5.00,5.00
6800,217,20.00,7.20,7.20
6801,217,20.00,7.20,7.20
6802,217,20.00,6.95,6.95
6803,217,20.00,6.40,6.40
6804,217,20.00,5.70,5.70
6805,217,20.00,8.15,8.15
6806,217,20.00,4.80,4.80
6807,217,20.00,4.25,4.25
6808,217,20.00,5.45,5.45
6809,217,20.00,5.05,5.05
681,4,26.00,5.42,5.42
6810,217,20.00,7.40,7.40
6811,217,20.00,4.85,4.85
6812,217,20.00,6.95,6.95
6813,217,20.00,8.20,8.20
6814,217,20.00,5.70,5.70
6815,217,20.00,7.35,7.35
6816,217,20.00,7.70,7.70
6817,217,20.00,6.15,6.15
6818,217,20.00,6.90,6.90
6819,217,20.00,7.85,7.85
682,4,26.00,8.42,8.42
6820,217,20.00,6.40,6.40
6821,217,20.00,6.80,6.80
6822,217,20.00,7.45,7.45
6823,217,20.00,6.15,6.15
6824,217,20.00,5.90,5.90
6825,217,20.00,8.50,8.50
6826,217,20.00,7.30,7.30
6827,217,20.00,7.80,7.80
683,4,26.00,8.92,8.92
684,4,26.00,3.54,3.54
685,4,26.00,6.77,6.77
686,4,26.00,5.81,5.81
687,4,26.00,6.42,6.42
688,4,26.00,7.88,7.88
689,4,26.00,8.31,8.31
6897,218,22.00,7.09,7.09
6898,218,22.00,6.09,6.09
6899,218,22.00,6.73,6.73
69,2,26.00,4.19,4.19
690,4,26.00,6.35,6.35
6900,218,22.00,4.73,4.73
6901,218,22.00,6.86,6.86
6902,218,22.00,6.00,6.00
6903,218,22.00,7.59,7.59
6904,218,22.00,4.50,4.50
6905,218,22.00,7.09,7.09
6906,218,22.00,7.77,7.77
6907,218,22.00,6.77,6.77
6908,218,22.00,6.82,6.82
6909,218,22.00,7.41,7.41
691,4,26.00,7.54,7.54
6910,218,22.00,5.55,5.55
6911,218,22.00,6.82,6.82
6912,218,22.00,7.64,7.64
6913,218,22.00,5.45,5.45
6914,218,22.00,6.64,6.64
6915,218,22.00,7.91,7.91
6916,218,22.00,6.91,6.91
6917,218,22.00,7.36,7.36
6918,218,22.00,6.05,6.05
6919,218,22.00,6.27,6.27
692,4,26.00,7.27,7.27
6920,218,22.00,5.45,5.45
6921,218,22.00,8.00,8.00
6922,218,22.00,7.18,7.18
6923,218,22.00,8.68,8.68
6924,218,22.00,6.64,6.64
6925,218,22.00,6.59,6.59
6926,218,22.00,5.86,5.86
6927,218,22.00,8.14,8.14
6928,218,22.00,7.23,7.23
6929,218,22.00,4.50,4.50
693,4,26.00,7.73,7.73
6930,218,22.00,7.64,7.64
6931,218,22.00,5.68,5.68
6932,218,22.00,7.05,7.05
6933,218,22.00,5.64,5.64
6934,218,22.00,6.36,6.36
6935,218,22.00,6.91,6.91
6936,218,22.00,7.73,7.73
6937,218,22.00,6.50,6.50
6938,218,22.00,4.23,4.23
6939,218,22.00,6.59,6.59
694,4,26.00,7.62,7.62
6940,218,25.00,5.08,5.08
6941,218,22.00,8.23,8.23
6942,218,22.00,6.64,6.64
6943,218,22.00,5.82,5.82
6944,218,22.00,4.86,4.86
6945,218,22.00,7.45,7.45
6946,218,22.00,5.86,5.86
6947,218,22.00,4.09,4.09
6948,218,22.00,6.27,6.27
6949,218,22.00,3.77,3.77
695,4,26.00,8.38,8.38
6950,218,22.00,5.68,5.68
6951,218,25.00,8.00,8.00
6952,218,22.00,8.55,8.55
6953,218,22.00,7.23,7.23
6954,218,22.00,7.36,7.36
6955,218,22.00,6.23,6.23
6956,218,22.00,6.36,6.36
6957,218,22.00,7.77,7.77
6958,218,22.00,7.18,7.18
6959,218,22.00,8.05,8.05
696,4,26.00,7.08,7.08
6960,218,22.00,7.68,7.68
6961,218,22.00,6.59,6.59
6962,218,22.00,7.45,7.45
6963,218,22.00,7.91,7.91
6964,218,22.00,7.82,7.82
6965,218,22.00,8.32,8.32
6966,218,22.00,7.27,7.27
6967,218,22.00,6.82,6.82
6968,218,22.00,4.14,4.14
6969,218,22.00,6.91,6.91
697,4,26.00,6.96,6.96
6970,218,22.00,5.55,5.55
6971,218,22.00,5.86,5.86
6972,218,22.00,7.64,7.64
6973,218,22.00,5.32,5.32
6974,218,25.00,5.96,5.96
698,4,26.00,6.23,6.23
699,4,26.00,7.23,7.23
6993,223,23.00,4.87,4.87
6994,223,23.00,4.17,4.17
6995,223,23.00,3.57,3.57
6996,223,23.00,5.83,5.83
6997,223,23.00,5.91,5.91
6998,223,23.00,4.78,4.78
6999,223,23.00,3.04,3.04
7,2,26.00,8.62,8.62
70,2,26.00,6.23,6.23
700,4,26.00,7.65,7.65
7000,223,23.00,5.43,5.43
7001,223,23.00,3.39,3.39
7002,223,23.00,7.04,7.04
7003,223,23.00,6.78,6.78
7004,223,23.00,5.91,5.91
7005,223,23.00,6.83,6.83
7006,223,23.00,6.22,6.22
7007,223,23.00,6.09,6.09
7008,223,23.00,5.83,5.83
7009,223,23.00,4.26,4.26
701,4,26.00,8.65,8.65
7010,223,23.00,4.91,4.91
7011,223,23.00,5.87,5.87
7012,223,23.00,4.91,4.91
7013,223,23.00,4.48,4.48
7014,223,23.00,4.83,4.83
7015,223,23.00,5.13,5.13
7016,223,23.00,5.26,5.26
7017,223,23.00,7.26,7.26
7018,223,23.00,6.00,6.00
7019,223,23.00,5.78,5.78
702,4,26.00,7.62,7.62
7020,223,23.00,3.57,3.57
7021,223,23.00,5.17,5.17
7022,223,23.00,6.22,6.22
7023,223,23.00,6.78,6.78
7024,223,23.00,6.57,6.57
7025,223,23.00,4.30,4.30
7026,223,23.00,5.09,5.09
7027,223,23.00,5.00,5.00
7028,223,23.00,5.87,5.87
7029,223,23.00,6.17,6.17
703,4,26.00,7.00,7.00
7030,223,23.00,5.43,5.43
7031,223,23.00,5.87,5.87
7032,223,23.00,2.91,2.91
7033,223,23.00,5.17,5.17
7034,223,23.00,5.30,5.30
7035,223,23.00,2.83,2.83
7036,223,23.00,5.04,5.04
7037,223,23.00,5.61,5.61
7038,223,23.00,5.83,5.83
7039,223,23.00,4.22,4.22
704,4,26.00,6.46,6.46
7040,223,23.00,4.87,4.87
7041,223,23.00,5.35,5.35
7042,223,23.00,6.43,6.43
7043,223,23.00,6.70,6.70
7044,223,23.00,7.09,7.09
7045,223,23.00,5.39,5.39
7046,223,23.00,4.57,4.57
7047,223,23.00,2.48,2.48
7048,223,23.00,5.48,5.48
705,4,26.00,4.19,4.19
7050,223,23.00,5.91,5.91
7052,223,23.00,4.43,4.43
7053,223,23.00,4.26,4.26
7054,223,23.00,4.26,4.26
7055,223,23.00,3.74,3.74
7056,223,23.00,4.70,4.70
7057,223,23.00,4.96,4.96
7058,223,23.00,3.83,3.83
7059,223,23.00,5.48,5.48
706,4,26.00,7.54,7.54
7060,223,23.00,5.09,5.09
7061,223,23.00,5.22,5.22
7062,223,23.00,5.09,5.09
7063,223,23.00,4.39,4.39
7064,223,23.00,4.39,4.39
7065,223,23.00,2.74,2.74
7066,223,23.00,5.39,5.39
7067,223,23.00,5.17,5.17
7068,223,23.00,1.70,1.70
7069,223,23.00,3.09,3.09
707,4,26.00,5.85,5.85
7070,223,23.00,6.04,6.04
7071,223,23.00,4.78,4.78
7072,223,23.00,3.61,3.61
7073,223,23.00,4.26,4.26
7074,223,23.00,5.96,5.96
7075,223,23.00,4.09,4.09
7076,223,23.00,3.35,3.35
7077,223,23.00,6.04,6.04
7078,223,23.00,4.96,4.96
7079,223,23.00,3.43,3.43
708,4,26.00,5.08,5.08
7080,223,23.00,4.83,4.83
7081,223,23.00,5.87,5.87
7082,223,23.00,5.48,5.48
7083,223,23.00,4.74,4.74
7084,223,23.00,3.74,3.74
7085,223,23.00,5.78,5.78
7086,223,23.00,4.22,4.22
7087,223,23.00,6.00,6.00
7088,223,23.00,2.96,2.96
7089,223,23.00,2.48,2.48
709,4,26.00,7.81,7.81
7090,223,23.00,6.48,6.48
7091,223,23.00,2.17,2.17
7092,223,23.00,4.61,4.61
7093,223,23.00,7.09,7.09
7094,223,23.00,2.87,2.87
7095,223,23.00,5.74,5.74
7096,223,23.00,3.91,3.91
7097,223,23.00,4.87,4.87
7098,223,23.00,4.17,4.17
7099,223,23.00,4.52,4.52
71,2,26.00,6.04,6.04
710,4,26.00,8.04,8.04
7100,223,23.00,6.57,6.57
7101,223,23.00,5.22,5.22
7102,223,23.00,5.13,5.13
7103,223,23.00,4.04,4.04
7104,223,23.00,3.70,3.70
7105,223,23.00,4.52,4.52
7106,223,23.00,6.43,6.43
7109,223,23.00,4.83,4.83
711,4,26.00,8.62,8.62
7110,223,23.00,5.13,5.13
7111,223,23.00,4.30,4.30
7112,223,23.00,6.52,6.52
7113,223,23.00,5.43,5.43
7114,223,23.00,5.52,5.52
7115,223,23.00,6.00,6.00
7116,223,23.00,3.57,3.57
7117,223,23.00,4.91,4.91
7118,223,23.00,6.61,6.61
7119,223,23.00,5.09,5.09
712,4,26.00,6.46,6.46
7120,223,23.00,3.65,3.65
7121,223,23.00,1.70,1.70
7122,223,23.00,4.65,4.65
7123,223,23.00,4.52,4.52
7124,223,23.00,3.91,3.91
7125,223,23.00,5.35,5.35
7126,223,23.00,4.96,4.96
7127,223,23.00,4.87,4.87
7128,223,23.00,4.39,4.39
7129,223,23.00,5.74,5.74
713,4,26.00,6.27,6.27
7130,223,23.00,4.78,4.78
7131,223,23.00,4.04,4.04
7132,223,23.00,6.13,6.13
7133,223,23.00,5.09,5.09
7134,223,23.00,7.70,7.70
7135,223,23.00,4.35,4.35
7136,223,23.00,6.04,6.04
7137,223,23.00,4.30,4.30
7138,223,23.00,3.61,3.61
7139,223,23.00,5.35,5.35
714,4,26.00,7.88,7.88
7140,223,23.00,5.91,5.91
7141,223,23.00,4.48,4.48
7142,223,23.00,3.65,3.65
7143,223,23.00,7.22,7.22
7144,223,23.00,5.30,5.30
7145,223,23.00,5.26,5.26
7146,223,23.00,5.61,5.61
7147,223,23.00,3.57,3.57
7148,223,23.00,3.65,3.65
7149,223,23.00,4.61,4.61
715,4,26.00,7.00,7.00
7150,223,23.00,6.65,6.65
7151,223,23.00,3.35,3.35
7153,223,23.00,3.61,3.61
7154,223,23.00,6.83,6.83
7155,223,23.00,5.22,5.22
7156,223,23.00,6.39,6.39
7157,223,23.00,5.48,5.48
7158,223,23.00,5.74,5.74
7159,223,23.00,4.91,4.91
716,4,26.00,7.62,7.62
7160,223,23.00,5.48,5.48
7161,223,23.00,3.35,3.35
7162,223,23.00,3.78,3.78
7163,223,23.00,6.61,6.61
7165,223,23.00,4.26,4.26
7166,223,23.00,5.83,5.83
7167,223,23.00,5.17,5.17
7168,223,23.00,4.61,4.61
7169,223,23.00,6.17,6.17
717,4,26.00,6.19,6.19
7170,223,23.00,5.83,5.83
7171,223,23.00,3.96,3.96
7172,223,23.00,6.96,6.96
7173,223,23.00,5.00,5.00
7174,223,23.00,4.70,4.70
7175,223,23.00,3.52,3.52
7176,223,23.00,2.74,2.74
7177,223,23.00,3.78,3.78
7178,223,23.00,2.57,2.57
7179,223,23.00,2.48,2.48
718,4,26.00,4.38,4.38
7180,223,23.00,7.30,7.30
7181,223,23.00,4.57,4.57
7182,223,23.00,5.87,5.87
7183,223,23.00,3.17,3.17
7184,223,23.00,6.74,6.74
7185,223,23.00,4.61,4.61
7186,223,23.00,4.48,4.48
7187,223,23.00,5.70,5.70
7188,223,23.00,4.74,4.74
7189,223,23.00,3.61,3.61
719,4,26.00,6.15,6.15
7190,223,23.00,4.09,4.09
7191,223,23.00,5.13,5.13
7192,223,23.00,5.35,5.35
7193,223,23.00,4.70,4.70
7194,223,23.00,4.48,4.48
7195,223,23.00,4.70,4.70
7196,223,23.00,4.52,4.52
7197,223,23.00,3.52,3.52
7198,223,23.00,5.52,5.52
7199,223,23.00,3.83,3.83
72,2,26.00,6.27,6.27
720,4,26.00,5.54,5.54
7200,223,23.00,6.30,6.30
7201,223,23.00,4.22,4.22
7202,223,23.00,5.52,5.52
7203,223,23.00,4.74,4.74
7204,223,23.00,4.22,4.22
7205,223,23.00,6.09,6.09
7206,223,23.00,3.00,3.00
7207,223,23.00,5.17,5.17
7208,223,23.00,4.65,4.65
7209,223,23.00,5.48,5.48
721,4,26.00,7.00,7.00
7211,223,23.00,4.91,4.91
7212,223,23.00,6.04,6.04
7213,223,23.00,5.48,5.48
7214,223,23.00,5.74,5.74
7215,223,23.00,6.00,6.00
7216,223,23.00,4.04,4.04
7217,223,23.00,3.96,3.96
7218,223,23.00,6.09,6.09
7219,223,23.00,4.43,4.43
722,4,26.00,5.69,5.69
7220,223,23.00,4.26,4.26
7221,223,23.00,3.65,3.65
7222,223,23.00,4.83,4.83
7223,223,23.00,5.35,5.35
7224,224,23.00,3.35,3.35
7225,224,23.00,6.13,6.13
7226,224,23.00,3.39,3.39
7227,224,23.00,5.35,5.35
7228,224,23.00,5.22,5.22
7229,224,23.00,4.43,4.43
723,4,26.00,8.12,8.12
7230,224,23.00,5.78,5.78
7231,224,23.00,4.78,4.78
7232,224,23.00,4.61,4.61
7233,224,23.00,6.70,6.70
7234,224,23.00,5.35,5.35
7235,224,23.00,3.91,3.91
7236,224,23.00,4.87,4.87
7237,224,23.00,3.48,3.48
7238,224,23.00,4.61,4.61
7239,224,23.00,7.17,7.17
724,4,26.00,7.73,7.73
7240,224,23.00,5.74,5.74
7241,224,23.00,4.87,4.87
7242,224,23.00,6.00,6.00
7244,224,23.00,5.48,5.48
7245,224,23.00,4.13,4.13
7246,224,23.00,4.70,4.70
7247,224,23.00,4.13,4.13
7248,224,23.00,4.61,4.61
7249,224,23.00,4.30,4.30
725,4,26.00,6.54,6.54
7250,224,23.00,5.91,5.91
7251,224,23.00,4.61,4.61
7252,224,23.00,4.04,4.04
7253,224,23.00,1.96,1.96
7254,224,23.00,4.74,4.74
7255,224,23.00,4.78,4.78
7256,224,23.00,6.26,6.26
7257,224,23.00,6.48,6.48
7258,224,23.00,2.17,2.17
7259,224,23.00,3.35,3.35
726,4,26.00,6.85,6.85
7260,224,23.00,5.52,5.52
7261,224,23.00,4.83,4.83
7262,224,23.00,4.83,4.83
7263,224,23.00,5.13,5.13
7264,224,23.00,5.26,5.26
7265,224,23.00,6.17,6.17
7266,224,23.00,5.87,5.87
7267,224,23.00,5.00,5.00
7268,224,23.00,4.83,4.83
7269,224,23.00,2.74,2.74
727,4,26.00,7.96,7.96
7270,224,23.00,5.35,5.35
7271,224,23.00,4.48,4.48
7272,224,23.00,6.43,6.43
7273,224,23.00,5.13,5.13
7274,224,23.00,5.96,5.96
7275,224,23.00,5.61,5.61
7276,224,23.00,6.48,6.48
7277,224,23.00,5.30,5.30
7278,224,23.00,5.39,5.39
7279,224,23.00,4.00,4.00
728,4,26.00,6.38,6.38
7280,224,23.00,5.35,5.35
7281,224,23.00,6.09,6.09
7282,224,23.00,4.22,4.22
7283,224,23.00,4.61,4.61
7284,224,23.00,4.65,4.65
7285,224,23.00,5.48,5.48
7287,224,23.00,3.26,3.26
7288,224,23.00,5.48,5.48
7289,224,23.00,3.91,3.91
729,4,26.00,7.54,7.54
7290,224,23.00,3.96,3.96
7291,224,23.00,4.70,4.70
7292,224,23.00,4.17,4.17
7293,224,23.00,4.70,4.70
7294,224,23.00,4.13,4.13
7295,224,23.00,6.13,6.13
7296,224,23.00,4.96,4.96
7297,224,23.00,5.17,5.17
7298,224,23.00,3.91,3.91
7299,224,23.00,3.83,3.83
73,2,26.00,7.04,7.04
730,4,26.00,7.04,7.04
7300,224,23.00,5.13,5.13
7301,224,23.00,3.17,3.17
7302,224,23.00,4.91,4.91
7303,224,23.00,4.35,4.35
7304,224,23.00,3.09,3.09
7305,224,23.00,5.65,5.65
7306,224,23.00,7.22,7.22
7307,224,23.00,5.52,5.52
7308,224,23.00,5.39,5.39
7309,224,23.00,4.96,4.96
731,4,26.00,6.65,6.65
7310,224,23.00,5.61,5.61
7311,224,23.00,3.09,3.09
7313,224,23.00,4.52,4.52
7314,224,23.00,5.30,5.30
7315,224,23.00,4.48,4.48
7316,224,23.00,4.35,4.35
7317,224,23.00,4.04,4.04
7318,224,23.00,4.43,4.43
7319,224,23.00,7.00,7.00
732,4,26.00,7.15,7.15
7320,224,23.00,4.70,4.70
7321,224,23.00,2.22,2.22
7322,224,23.00,5.70,5.70
7323,224,23.00,4.48,4.48
7324,224,23.00,5.57,5.57
7325,224,23.00,4.96,4.96
7326,224,23.00,4.00,4.00
7327,224,23.00,5.04,5.04
7328,224,23.00,4.57,4.57
7329,224,23.00,5.91,5.91
733,4,26.00,5.50,5.50
7330,224,23.00,4.39,4.39
7331,224,23.00,4.39,4.39
7332,224,23.00,3.39,3.39
7333,224,23.00,3.74,3.74
7334,224,23.00,4.17,4.17
7335,224,23.00,5.43,5.43
7336,224,23.00,6.43,6.43
7337,224,23.00,6.35,6.35
7338,224,23.00,4.26,4.26
7339,224,23.00,6.09,6.09
734,4,26.00,8.00,8.00
7340,224,23.00,4.00,4.00
7341,224,23.00,5.87,5.87
7342,224,23.00,6.39,6.39
7343,224,23.00,5.70,5.70
7344,224,23.00,5.48,5.48
7345,224,23.00,5.17,5.17
7346,224,23.00,4.61,4.61
7347,224,23.00,3.78,3.78
7348,224,23.00,3.61,3.61
7349,224,23.00,5.43,5.43
735,4,26.00,3.54,3.54
7350,224,23.00,3.57,3.57
7351,224,23.00,3.61,3.61
7352,224,23.00,3.30,3.30
7353,224,23.00,5.52,5.52
7354,224,23.00,4.96,4.96
7355,224,23.00,4.70,4.70
7356,224,23.00,5.48,5.48
7357,224,23.00,5.09,5.09
7358,224,23.00,6.83,6.83
7359,224,23.00,4.96,4.96
736,4,26.00,7.81,7.81
7360,224,23.00,4.22,4.22
7361,224,23.00,5.52,5.52
7362,224,23.00,4.87,4.87
7363,224,23.00,5.00,5.00
7364,224,23.00,5.30,5.30
7365,224,23.00,5.26,5.26
7366,224,23.00,6.39,6.39
7367,224,23.00,5.26,5.26
7368,224,23.00,5.52,5.52
7369,224,23.00,4.48,4.48
737,4,26.00,7.77,7.77
7370,224,23.00,3.04,3.04
7371,224,23.00,5.43,5.43
7372,224,23.00,3.52,3.52
7373,224,23.00,4.04,4.04
7374,224,23.00,6.87,6.87
7375,224,23.00,4.61,4.61
7376,224,23.00,2.78,2.78
7377,224,23.00,3.52,3.52
7378,224,23.00,4.35,4.35
7379,224,23.00,5.39,5.39
738,4,26.00,6.92,6.92
7380,224,23.00,5.09,5.09
7381,224,23.00,4.35,4.35
7382,224,23.00,5.57,5.57
7383,224,23.00,5.43,5.43
7384,224,23.00,6.26,6.26
7385,224,23.00,5.74,5.74
7386,224,23.00,6.48,6.48
7387,224,23.00,5.96,5.96
7388,224,23.00,5.39,5.39
7389,224,23.00,3.83,3.83
739,4,26.00,8.12,8.12
7390,224,23.00,6.65,6.65
7391,224,23.00,5.96,5.96
7392,224,23.00,5.00,5.00
7393,224,23.00,4.65,4.65
7394,224,23.00,4.87,4.87
7395,224,23.00,5.43,5.43
7396,224,23.00,1.52,1.52
7397,224,23.00,6.35,6.35
7398,224,23.00,6.09,6.09
7399,224,23.00,5.43,5.43
74,2,26.00,7.54,7.54
740,4,26.00,8.58,8.58
7400,224,23.00,4.91,4.91
7401,224,23.00,6.13,6.13
7402,224,23.00,6.22,6.22
7403,224,23.00,4.35,4.35
7404,224,23.00,4.65,4.65
7405,224,23.00,5.57,5.57
7406,224,23.00,3.26,3.26
7407,224,23.00,4.61,4.61
7408,224,23.00,4.87,4.87
7409,224,23.00,6.57,6.57
741,4,26.00,7.12,7.12
7410,224,23.00,3.83,3.83
7411,224,23.00,6.17,6.17
7412,224,23.00,2.48,2.48
7413,224,23.00,3.52,3.52
7414,224,23.00,7.13,7.13
7415,224,23.00,4.39,4.39
7416,224,23.00,5.61,5.61
7417,224,23.00,3.57,3.57
7418,224,23.00,5.17,5.17
7419,224,23.00,6.78,6.78
742,4,26.00,5.38,5.38
7420,224,23.00,5.22,5.22
7421,224,23.00,4.48,4.48
7423,224,23.00,5.70,5.70
7424,224,23.00,3.74,3.74
7425,224,23.00,4.83,4.83
7427,224,23.00,4.09,4.09
7428,224,23.00,3.57,3.57
7429,224,23.00,7.26,7.26
743,4,26.00,7.04,7.04
7430,224,23.00,2.61,2.61
7431,224,23.00,5.26,5.26
7432,224,23.00,4.39,4.39
7433,224,23.00,7.30,7.30
7434,224,23.00,4.61,4.61
7435,224,23.00,3.78,3.78
7436,224,23.00,4.91,4.91
7437,224,23.00,5.74,5.74
7438,224,23.00,4.09,4.09
7439,224,23.00,4.65,4.65
744,4,26.00,5.81,5.81
7441,224,23.00,5.57,5.57
7442,224,23.00,4.17,4.17
7443,224,23.00,4.91,4.91
7445,224,23.00,5.39,5.39
7446,224,23.00,3.61,3.61
7447,224,23.00,6.09,6.09
7448,224,23.00,5.74,5.74
7449,224,23.00,4.09,4.09
745,4,26.00,7.73,7.73
7450,224,23.00,6.35,6.35
7451,224,23.00,4.74,4.74
7452,224,23.00,4.83,4.83
7453,224,23.00,5.48,5.48
7454,224,23.00,6.43,6.43
7455,224,23.00,5.04,5.04
7456,224,23.00,4.04,4.04
7457,224,23.00,4.39,4.39
7458,224,23.00,4.13,4.13
7459,224,23.00,6.26,6.26
746,4,26.00,5.88,5.88
747,4,26.00,7.35,7.35
748,4,26.00,4.85,4.85
749,4,26.00,5.81,5.81
75,2,26.00,7.38,7.38
750,4,26.00,4.85,4.85
751,4,26.00,6.00,6.00
752,4,26.00,8.23,8.23
753,4,26.00,7.19,7.19
754,4,26.00,7.12,7.12
755,4,26.00,7.38,7.38
756,4,26.00,7.88,7.88
757,4,26.00,7.38,7.38
758,4,26.00,7.42,7.42
759,4,26.00,7.19,7.19
76,2,26.00,8.15,8.15
760,4,26.00,7.81,7.81
761,4,26.00,7.88,7.88
762,4,26.00,8.12,8.12
763,4,26.00,4.88,4.88
764,4,26.00,7.62,7.62
765,4,26.00,7.23,7.23
766,4,26.00,8.46,8.46
767,4,26.00,5.69,5.69
768,4,26.00,5.46,5.46
769,4,26.00,7.23,7.23
77,2,26.00,4.19,4.19
770,4,26.00,5.19,5.19
771,4,26.00,4.92,4.92
772,4,26.00,6.81,6.81
773,4,26.00,7.50,7.50
774,4,26.00,6.31,6.31
775,4,26.00,6.27,6.27
776,4,26.00,5.88,5.88
7768,177,22.00,6.73,6.73
7769,177,22.00,5.14,5.14
777,4,26.00,4.00,4.00
7770,177,22.00,6.77,6.77
7771,177,22.00,6.73,6.73
7772,177,22.00,5.50,5.50
7773,177,22.00,7.59,7.59
7774,177,22.00,4.18,4.18
7775,177,22.00,8.00,8.00
7776,177,22.00,6.55,6.55
7777,177,22.00,5.68,5.68
7778,177,22.00,5.41,5.41
7779,177,22.00,8.18,8.18
778,4,26.00,5.50,5.50
7780,177,22.00,6.32,6.32
7781,177,22.00,6.82,6.82
7782,177,22.00,6.95,6.95
7783,177,22.00,8.77,8.77
7784,177,22.00,6.59,6.59
7785,177,22.00,5.14,5.14
7786,177,22.00,6.64,6.64
7787,177,22.00,7.27,7.27
7788,177,22.00,6.68,6.68
7789,177,22.00,8.41,8.41
779,4,26.00,6.04,6.04
7790,177,22.00,5.18,5.18
7791,177,22.00,4.36,4.36
7792,177,22.00,6.73,6.73
7793,177,22.00,6.68,6.68
7794,177,22.00,8.41,8.41
7795,177,22.00,5.18,5.18
7796,177,22.00,5.86,5.86
7797,177,22.00,7.18,7.18
7798,177,22.00,7.36,7.36
7799,177,22.00,4.77,4.77
78,2,26.00,4.54,4.54
780,4,26.00,8.12,8.12
7801,177,22.00,6.50,6.50
7802,177,22.00,4.00,4.00
7803,177,22.00,7.50,7.50
7804,177,22.00,6.18,6.18
7805,177,22.00,5.64,5.64
7806,177,22.00,8.45,8.45
7807,177,22.00,7.73,7.73
7808,177,22.00,8.45,8.45
7809,177,22.00,7.14,7.14
781,4,26.00,7.62,7.62
7811,177,22.00,6.45,6.45
7812,177,22.00,7.18,7.18
7813,177,22.00,5.77,5.77
7814,177,22.00,6.86,6.86
7815,177,22.00,2.09,2.09
7816,177,22.00,6.36,6.36
7817,177,22.00,6.86,6.86
7818,177,22.00,7.14,7.14
7819,177,22.00,6.45,6.45
782,4,26.00,7.19,7.19
7820,177,22.00,7.05,7.05
7821,177,22.00,7.14,7.14
7822,177,22.00,6.09,6.09
7823,177,22.00,5.18,5.18
7824,177,22.00,4.64,4.64
7825,177,22.00,5.23,5.23
7826,177,22.00,8.09,8.09
7827,177,22.00,5.77,5.77
7828,177,22.00,6.95,6.95
7829,177,22.00,5.73,5.73
783,4,26.00,6.23,6.23
7830,177,22.00,6.32,6.32
7831,177,22.00,7.36,7.36
7832,177,22.00,7.32,7.32
7833,177,22.00,8.55,8.55
7834,177,22.00,4.41,4.41
7835,177,22.00,7.05,7.05
7836,177,22.00,6.77,6.77
7837,177,22.00,8.36,8.36
7838,177,22.00,7.18,7.18
7839,177,22.00,7.91,7.91
784,4,26.00,4.35,4.35
7840,177,22.00,7.00,7.00
7841,177,22.00,6.82,6.82
7842,177,22.00,5.55,5.55
7843,177,22.00,5.73,5.73
7844,177,16.00,6.75,6.75
7845,178,23.00,6.22,6.22
7846,178,23.00,6.87,6.87
7847,178,23.00,7.17,7.17
7848,178,23.00,3.65,3.65
7849,178,23.00,7.78,7.78
785,4,26.00,7.46,7.46
7850,178,23.00,7.26,7.26
7851,178,23.00,6.57,6.57
7852,178,23.00,8.17,8.17
7853,178,23.00,6.57,6.57
7854,178,23.00,7.30,7.30
7855,178,23.00,7.39,7.39
7856,178,23.00,5.35,5.35
7857,178,23.00,7.09,7.09
7858,178,23.00,8.78,8.78
7859,178,23.00,5.57,5.57
786,4,26.00,6.65,6.65
7860,178,23.00,6.26,6.26
7861,178,23.00,6.48,6.48
7862,178,23.00,7.22,7.22
7863,178,23.00,7.17,7.17
7864,178,23.00,6.30,6.30
7865,178,23.00,5.96,5.96
7866,178,23.00,6.87,6.87
7867,178,23.00,6.78,6.78
7868,178,23.00,9.13,9.13
7869,178,23.00,5.74,5.74
787,4,26.00,6.12,6.12
7870,178,23.00,6.48,6.48
7871,178,23.00,6.09,6.09
7872,178,23.00,7.17,7.17
7873,178,23.00,5.96,5.96
7874,178,23.00,6.39,6.39
7875,178,23.00,6.17,6.17
7876,178,23.00,6.96,6.96
7877,178,23.00,8.74,8.74
7878,178,23.00,7.70,7.70
7879,178,23.00,8.13,8.13
788,4,26.00,7.42,7.42
7880,178,23.00,7.39,7.39
7881,178,23.00,5.17,5.17
7882,178,23.00,6.87,6.87
7883,178,23.00,4.61,4.61
7884,178,23.00,4.48,4.48
7885,178,23.00,6.22,6.22
7886,178,23.00,6.52,6.52
7887,178,23.00,2.87,2.87
7888,178,23.00,5.43,5.43
7889,178,23.00,5.57,5.57
789,4,26.00,6.54,6.54
7890,178,23.00,5.35,5.35
7891,178,23.00,4.61,4.61
7892,178,23.00,5.61,5.61
7893,178,23.00,6.39,6.39
7894,178,23.00,5.30,5.30
7895,178,23.00,6.61,6.61
7896,178,23.00,7.00,7.00
7897,178,23.00,6.70,6.70
7898,178,23.00,4.39,4.39
7899,178,23.00,5.83,5.83
79,2,26.00,6.35,6.35
790,4,26.00,5.58,5.58
7900,178,23.00,5.65,5.65
7901,178,23.00,7.91,7.91
7902,178,23.00,6.09,6.09
7903,178,23.00,6.13,6.13
7904,178,23.00,7.78,7.78
7905,178,23.00,7.43,7.43
7906,178,23.00,5.39,5.39
7907,178,23.00,7.13,7.13
7908,178,23.00,8.48,8.48
7909,178,23.00,6.83,6.83
791,4,26.00,7.42,7.42
7910,178,23.00,6.04,6.04
7911,178,23.00,7.91,7.91
7912,178,23.00,6.65,6.65
7913,178,23.00,6.65,6.65
7914,178,23.00,5.78,5.78
7915,178,23.00,8.39,8.39
7916,178,23.00,8.87,8.87
7917,178,23.00,8.26,8.26
7918,178,23.00,7.65,7.65
7919,178,23.00,7.30,7.30
792,4,26.00,6.88,6.88
7920,178,23.00,7.22,7.22
7921,178,23.00,7.83,7.83
7922,178,23.00,6.30,6.30
7923,178,23.00,7.87,7.87
7924,178,23.00,7.04,7.04
7925,178,23.00,5.57,5.57
7926,178,23.00,7.26,7.26
7927,178,23.00,8.43,8.43
7928,178,23.00,6.96,6.96
7929,178,23.00,7.04,7.04
793,4,26.00,7.54,7.54
7930,178,23.00,6.70,6.70
794,4,26.00,7.69,7.69
795,4,26.00,4.50,4.50
796,4,26.00,6.50,6.50
797,4,26.00,7.08,7.08
798,4,26.00,6.27,6.27
799,4,26.00,6.73,6.73
8,2,26.00,6.35,6.35
80,2,26.00,5.15,5.15
800,4,26.00,8.27,8.27
801,4,26.00,6.73,6.73
802,4,26.00,8.85,8.85
803,4,26.00,8.46,8.46
804,4,26.00,3.23,3.23
805,4,26.00,5.62,5.62
806,4,26.00,7.31,7.31
807,4,26.00,5.96,5.96
808,4,26.00,8.31,8.31
809,4,26.00,6.31,6.31
81,2,26.00,7.08,7.08
810,4,26.00,5.23,5.23
8170,201,26.00,6.81,6.81
8171,201,26.00,8.85,8.85
8172,201,26.00,8.12,8.12
8173,201,26.00,8.46,8.46
8174,201,26.00,5.62,5.62
8175,201,26.00,6.92,6.92
8176,201,26.00,6.85,6.85
8177,201,26.00,6.12,6.12
8178,201,26.00,6.73,6.73
8179,201,26.00,4.81,4.81
8180,201,26.00,7.23,7.23
8181,201,26.00,7.04,7.04
8182,201,26.00,6.23,6.23
8183,201,26.00,4.65,4.65
8184,201,26.00,6.23,6.23
8185,201,26.00,8.19,8.19
8186,201,26.00,5.04,5.04
8187,201,26.00,7.69,7.69
8188,201,26.00,7.69,7.69
8189,201,26.00,6.77,6.77
8190,201,26.00,6.73,6.73
8191,201,26.00,4.46,4.46
8192,201,26.00,7.81,7.81
8193,201,26.00,6.23,6.23
8194,201,26.00,7.81,7.81
8195,201,26.00,7.38,7.38
8196,201,26.00,6.08,6.08
8197,201,26.00,6.46,6.46
8198,201,26.00,7.62,7.62
8199,201,26.00,6.69,6.69
82,2,26.00,6.54,6.54
8200,201,26.00,6.35,6.35
8201,201,26.00,7.23,7.23
8202,201,26.00,7.15,7.15
8203,201,26.00,7.69,7.69
8204,201,26.00,5.69,5.69
8205,201,26.00,7.85,7.85
8206,201,26.00,4.69,4.69
8207,201,26.00,5.62,5.62
8208,201,26.00,6.19,6.19
8209,201,26.00,6.38,6.38
8210,201,26.00,5.38,5.38
8211,201,26.00,4.54,4.54
8212,201,26.00,6.58,6.58
8213,201,26.00,7.54,7.54
8214,201,26.00,5.88,5.88
8215,201,26.00,6.77,6.77
8216,201,26.00,7.15,7.15
8217,201,26.00,6.85,6.85
8218,201,26.00,7.23,7.23
8219,201,26.00,8.15,8.15
8220,201,26.00,5.69,5.69
8221,201,26.00,7.08,7.08
8222,201,26.00,8.15,8.15
8223,201,26.00,7.15,7.15
8224,201,26.00,6.54,6.54
8225,201,26.00,5.31,5.31
8226,201,26.00,7.46,7.46
8227,201,26.00,5.92,5.92
8228,201,26.00,4.23,4.23
8229,201,26.00,5.19,5.19
8230,201,26.00,5.23,5.23
8231,201,26.00,6.08,6.08
8232,201,26.00,8.38,8.38
8233,201,26.00,6.08,6.08
8234,201,26.00,7.38,7.38
8235,201,26.00,6.31,6.31
8236,201,26.00,6.50,6.50
8237,201,26.00,3.38,3.38
8238,201,26.00,7.73,7.73
8239,202,24.00,5.46,5.46
8240,202,24.00,4.71,4.71
8241,202,24.00,6.58,6.58
8242,202,24.00,7.46,7.46
8243,202,24.00,6.25,6.25
8244,202,24.00,4.96,4.96
8245,202,24.00,6.79,6.79
8246,202,24.00,7.38,7.38
8247,202,24.00,8.25,8.25
8248,202,24.00,5.67,5.67
8249,202,24.00,7.54,7.54
8250,202,24.00,7.33,7.33
8251,202,24.00,5.42,5.42
8252,202,24.00,7.33,7.33
8253,202,24.00,7.00,7.00
8254,202,24.00,6.38,6.38
8255,202,24.00,7.33,7.33
8256,202,24.00,6.88,6.88
8257,202,24.00,8.08,8.08
8258,202,24.00,6.13,6.13
8259,202,24.00,7.17,7.17
8260,202,24.00,6.92,6.92
8261,202,24.00,5.92,5.92
8262,202,24.00,7.00,7.00
8263,202,24.00,4.71,4.71
8264,202,24.00,7.79,7.79
8265,202,24.00,5.79,5.79
8266,202,24.00,7.46,7.46
8267,202,24.00,6.21,6.21
8268,202,24.00,7.63,7.63
8269,202,24.00,6.04,6.04
8270,202,24.00,7.04,7.04
8271,202,24.00,7.33,7.33
8272,202,24.00,5.96,5.96
8273,202,24.00,8.67,8.67
8274,202,24.00,8.21,8.21
8275,202,24.00,5.75,5.75
8276,202,24.00,6.46,6.46
8277,202,24.00,5.00,5.00
8278,202,24.00,7.00,7.00
8279,202,24.00,3.67,3.67
8280,202,24.00,6.46,6.46
8281,202,24.00,4.38,4.38
8282,202,24.00,6.21,6.21
8283,202,24.00,8.58,8.58
8284,202,24.00,5.83,5.83
8285,202,24.00,7.71,7.71
8286,202,24.00,6.75,6.75
8287,202,24.00,7.79,7.79
8288,202,24.00,4.83,4.83
8289,202,24.00,6.42,6.42
8290,202,24.00,7.17,7.17
8291,202,24.00,8.71,8.71
8292,202,24.00,5.79,5.79
8293,202,24.00,3.50,3.50
8294,202,24.00,5.17,5.17
8295,202,24.00,6.46,6.46
8296,202,24.00,6.96,6.96
8297,202,24.00,5.17,5.17
8298,202,24.00,7.29,7.29
8299,202,24.00,6.38,6.38
83,2,26.00,6.19,6.19
8300,202,24.00,6.67,6.67
8301,202,24.00,6.38,6.38
8302,202,24.00,7.46,7.46
8303,202,24.00,8.13,8.13
8304,202,24.00,6.21,6.21
8305,202,24.00,7.29,7.29
8306,202,24.00,5.58,5.58
8307,202,24.00,8.00,8.00
8308,202,24.00,7.50,7.50
8309,202,24.00,4.17,4.17
8310,202,24.00,7.79,7.79
8311,202,24.00,6.46,6.46
8312,202,24.00,8.04,8.04
8313,202,24.00,7.54,7.54
8314,202,24.00,4.50,4.50
8315,202,24.00,6.25,6.25
8316,202,24.00,5.13,5.13
8317,202,24.00,5.96,5.96
8318,202,24.00,8.63,8.63
8319,202,24.00,8.13,8.13
8320,202,24.00,5.88,5.88
8321,202,24.00,7.79,7.79
8322,202,24.00,5.92,5.92
8323,202,24.00,4.96,4.96
8324,202,21.00,4.90,4.90
8325,202,24.00,4.88,4.88
84,2,26.00,6.27,6.27
85,2,26.00,5.54,5.54
8549,209,20.00,4.20,4.20
8550,209,20.00,6.20,6.20
8551,209,20.00,4.65,4.65
8552,209,20.00,8.80,8.80
8553,209,20.00,5.70,5.70
8554,209,20.00,9.30,9.30
8555,209,20.00,5.35,5.35
8556,209,20.00,7.95,7.95
8557,209,20.00,6.85,6.85
8558,209,20.00,6.60,6.60
8559,209,20.00,7.60,7.60
8560,209,20.00,8.50,8.50
8561,209,20.00,7.90,7.90
8562,209,20.00,6.80,6.80
8563,209,20.00,6.85,6.85
8564,209,20.00,3.85,3.85
8565,209,20.00,6.75,6.75
8566,209,20.00,6.10,6.10
8567,209,20.00,5.90,5.90
8568,209,20.00,7.30,7.30
8569,209,20.00,5.50,5.50
8570,209,20.00,5.35,5.35
8571,209,20.00,7.40,7.40
8572,209,20.00,5.85,5.85
8573,209,20.00,6.50,6.50
8574,209,20.00,5.85,5.85
8575,209,20.00,6.80,6.80
8576,209,20.00,7.60,7.60
8577,209,20.00,6.50,6.50
8578,209,20.00,4.70,4.70
8579,209,20.00,5.55,5.55
8580,209,20.00,6.95,6.95
8581,209,20.00,6.00,6.00
8582,209,20.00,5.05,5.05
8583,209,20.00,7.40,7.40
8584,209,20.00,6.25,6.25
8585,209,20.00,7.50,7.50
8586,209,20.00,8.50,8.50
8587,209,20.00,8.00,8.00
8588,209,20.00,6.90,6.90
8589,209,20.00,7.45,7.45
8590,209,20.00,8.10,8.10
8591,209,20.00,5.00,5.00
8592,209,20.00,4.40,4.40
8593,209,20.00,7.90,7.90
8594,209,20.00,7.05,7.05
8595,209,20.00,8.30,8.30
8596,209,20.00,8.05,8.05
8597,209,20.00,8.75,8.75
8598,209,20.00,5.60,5.60
8599,209,20.00,4.30,4.30
86,2,26.00,6.15,6.15
8600,209,20.00,8.50,8.50
8601,209,20.00,7.85,7.85
8602,209,20.00,7.00,7.00
8603,209,20.00,6.50,6.50
8604,209,20.00,5.90,5.90
8605,209,20.00,7.90,7.90
8606,209,20.00,7.65,7.65
8607,209,20.00,5.85,5.85
8608,209,20.00,6.05,6.05
8609,209,20.00,6.80,6.80
8610,209,20.00,6.20,6.20
8611,209,20.00,6.25,6.25
8612,209,20.00,7.40,7.40
8613,209,20.00,4.80,4.80
8614,209,20.00,4.60,4.60
8615,209,20.00,6.85,6.85
8616,209,20.00,7.15,7.15
8617,209,20.00,6.35,6.35
8618,209,20.00,5.80,5.80
8619,209,20.00,7.10,7.10
8620,209,20.00,5.65,5.65
8621,209,20.00,8.25,8.25
8622,209,20.00,5.65,5.65
8623,210,19.00,6.68,6.68
8624,210,19.00,7.00,7.00
8625,210,19.00,5.58,5.58
8626,210,19.00,5.63,5.63
8627,210,19.00,5.53,5.53
8628,210,19.00,8.47,8.47
8629,210,19.00,6.47,6.47
8630,210,19.00,6.11,6.11
8631,210,19.00,6.00,6.00
8632,210,19.00,8.68,8.68
8633,210,19.00,5.32,5.32
8634,210,19.00,6.74,6.74
8635,210,19.00,5.63,5.63
8636,210,19.00,3.42,3.42
8637,210,19.00,0.37,0.37
8638,210,19.00,7.74,7.74
8639,210,19.00,7.74,7.74
8640,210,19.00,6.16,6.16
8641,210,16.00,7.50,7.50
8642,210,19.00,7.16,7.16
8643,210,19.00,6.37,6.37
8644,210,19.00,5.89,5.89
8645,210,19.00,5.95,5.95
8646,210,19.00,5.47,5.47
8647,210,19.00,7.16,7.16
8648,210,19.00,5.53,5.53
8649,210,19.00,7.89,7.89
8650,210,19.00,6.32,6.32
8651,210,19.00,8.58,8.58
8652,210,19.00,6.26,6.26
8653,210,19.00,6.89,6.89
8654,210,19.00,5.89,5.89
8655,210,19.00,7.16,7.16
8656,210,19.00,7.63,7.63
8657,210,19.00,6.95,6.95
8658,210,19.00,5.74,5.74
8659,210,19.00,5.79,5.79
8660,210,19.00,5.42,5.42
8661,210,19.00,5.11,5.11
8662,210,19.00,7.21,7.21
8663,210,19.00,6.79,6.79
8664,210,19.00,7.32,7.32
8665,210,19.00,8.05,8.05
8666,210,19.00,7.16,7.16
8667,210,19.00,7.37,7.37
8668,210,19.00,8.84,8.84
8669,210,19.00,8.79,8.79
8670,210,19.00,6.32,6.32
8671,210,19.00,5.79,5.79
8672,210,19.00,8.79,8.79
8673,210,19.00,6.37,6.37
8674,210,19.00,6.53,6.53
8675,210,19.00,4.53,4.53
8676,210,19.00,8.37,8.37
8677,210,19.00,5.84,5.84
8678,210,19.00,7.11,7.11
8679,210,19.00,7.11,7.11
8680,210,19.00,6.79,6.79
8681,210,19.00,6.42,6.42
8682,210,19.00,6.74,6.74
8683,210,19.00,4.95,4.95
8684,210,19.00,6.21,6.21
8685,210,19.00,6.32,6.32
8686,210,19.00,5.84,5.84
8687,210,19.00,8.11,8.11
8688,210,19.00,4.58,4.58
8689,210,19.00,6.79,6.79
8690,210,19.00,7.95,7.95
8691,210,19.00,5.11,5.11
8692,210,19.00,4.95,4.95
8693,210,19.00,6.21,6.21
8694,210,19.00,5.74,5.74
8695,210,19.00,6.00,6.00
8696,210,19.00,4.79,4.79
8697,210,19.00,7.11,7.11
8698,210,19.00,7.16,7.16
8699,210,19.00,5.58,5.58
87,2,26.00,7.85,7.85
8700,210,19.00,6.58,6.58
8770,225,23.00,5.17,5.17
8771,225,23.00,6.43,6.43
8772,225,23.00,4.52,4.52
8773,225,23.00,7.00,7.00
8774,225,23.00,4.52,4.52
8775,225,23.00,5.91,5.91
8776,225,23.00,5.83,5.83
8777,225,23.00,5.13,5.13
8778,225,23.00,4.74,4.74
8779,225,23.00,6.22,6.22
8780,225,23.00,6.04,6.04
8781,225,23.00,3.61,3.61
8782,225,23.00,6.43,6.43
8783,225,23.00,5.65,5.65
8784,225,23.00,4.96,4.96
8785,225,23.00,4.74,4.74
8786,225,23.00,4.83,4.83
8787,225,23.00,5.09,5.09
8788,225,23.00,4.22,4.22
8789,225,23.00,5.78,5.78
8790,225,23.00,3.57,3.57
8791,225,23.00,3.65,3.65
8792,225,23.00,6.22,6.22
8793,225,23.00,6.26,6.26
8794,225,23.00,6.17,6.17
8795,225,23.00,5.35,5.35
8796,225,23.00,5.30,5.30
8797,225,23.00,5.39,5.39
8798,225,23.00,4.17,4.17
8799,225,23.00,6.22,6.22
88,2,26.00,7.19,7.19
8800,225,23.00,6.09,6.09
8801,225,23.00,4.61,4.61
8802,225,23.00,3.39,3.39
8803,225,23.00,5.91,5.91
8804,225,23.00,3.70,3.70
8805,225,23.00,5.52,5.52
8806,225,23.00,6.74,6.74
8807,225,23.00,4.70,4.70
8808,225,23.00,4.13,4.13
8809,225,23.00,5.04,5.04
8810,225,23.00,4.70,4.70
8811,225,23.00,5.26,5.26
8812,225,23.00,6.17,6.17
8813,225,23.00,6.04,6.04
8814,225,23.00,2.91,2.91
8815,225,23.00,4.09,4.09
8816,225,23.00,5.30,5.30
8817,225,23.00,4.52,4.52
8818,225,23.00,4.65,4.65
8819,225,23.00,3.91,3.91
8820,225,23.00,3.39,3.39
8821,225,23.00,4.39,4.39
8822,225,23.00,6.22,6.22
8823,225,23.00,5.09,5.09
8824,225,23.00,3.22,3.22
8825,225,23.00,5.74,5.74
8827,225,23.00,5.30,5.30
8829,225,23.00,5.26,5.26
8830,225,23.00,6.57,6.57
8831,225,23.00,3.57,3.57
8832,225,23.00,6.35,6.35
8833,225,23.00,4.52,4.52
8834,225,23.00,6.30,6.30
8835,225,23.00,4.04,4.04
8836,225,23.00,4.83,4.83
8837,225,23.00,4.43,4.43
8838,225,23.00,5.87,5.87
8839,225,23.00,3.39,3.39
8840,225,23.00,5.00,5.00
8841,225,23.00,5.83,5.83
8842,225,23.00,5.04,5.04
8843,225,23.00,6.52,6.52
8844,225,23.00,4.00,4.00
8845,225,23.00,5.74,5.74
8846,225,23.00,4.78,4.78
8847,225,23.00,5.09,5.09
8848,225,23.00,2.26,2.26
8849,225,23.00,6.04,6.04
8850,225,23.00,5.61,5.61
8851,225,23.00,6.91,6.91
8852,225,23.00,4.61,4.61
8853,225,23.00,5.91,5.91
8854,225,23.00,3.91,3.91
8855,225,23.00,5.74,5.74
8856,225,23.00,4.52,4.52
8857,225,23.00,4.30,4.30
8858,225,23.00,4.57,4.57
8859,225,23.00,2.96,2.96
8860,225,23.00,4.30,4.30
8861,225,23.00,5.70,5.70
8862,225,23.00,3.57,3.57
8863,225,23.00,5.83,5.83
8864,225,23.00,5.00,5.00
8865,225,23.00,5.09,5.09
8866,225,23.00,4.78,4.78
8867,225,23.00,6.17,6.17
8868,225,23.00,5.83,5.83
8869,225,23.00,4.43,4.43
8870,225,23.00,5.09,5.09
8871,225,23.00,3.65,3.65
8872,225,23.00,5.13,5.13
8873,225,23.00,7.00,7.00
8874,225,23.00,6.04,6.04
8875,225,23.00,4.70,4.70
8876,225,23.00,3.74,3.74
8877,225,23.00,6.78,6.78
8878,225,23.00,2.96,2.96
8879,225,23.00,2.78,2.78
8880,225,23.00,4.09,4.09
8881,225,23.00,4.04,4.04
8882,225,23.00,5.13,5.13
8883,225,23.00,5.70,5.70
8886,225,23.00,5.00,5.00
8887,225,23.00,4.70,4.70
8888,225,23.00,4.09,4.09
8889,225,23.00,6.70,6.70
8890,225,23.00,7.13,7.13
8891,225,23.00,4.87,4.87
8892,225,23.00,4.52,4.52
8893,225,23.00,3.35,3.35
8894,225,23.00,5.09,5.09
8895,225,23.00,5.91,5.91
8896,225,23.00,4.35,4.35
8897,225,23.00,4.78,4.78
8898,225,23.00,3.57,3.57
8899,225,23.00,5.17,5.17
89,2,26.00,3.92,3.92
8900,225,23.00,3.91,3.91
8901,225,23.00,5.30,5.30
8902,225,23.00,6.78,6.78
8903,225,23.00,5.43,5.43
8904,225,23.00,5.26,5.26
8905,225,23.00,5.78,5.78
8906,225,23.00,4.04,4.04
8907,225,23.00,4.00,4.00
8908,225,23.00,5.52,5.52
8909,225,23.00,6.87,6.87
8910,225,23.00,4.96,4.96
8911,225,23.00,4.30,4.30
8912,225,23.00,4.83,4.83
8913,225,23.00,6.48,6.48
8914,225,23.00,2.43,2.43
8915,225,23.00,5.57,5.57
8916,225,23.00,5.52,5.52
8917,225,23.00,4.35,4.35
8918,225,23.00,5.26,5.26
8919,225,23.00,3.57,3.57
8920,225,23.00,4.52,4.52
8921,225,23.00,4.91,4.91
8922,225,23.00,5.17,5.17
8923,225,23.00,5.52,5.52
8924,225,23.00,6.48,6.48
8925,225,23.00,4.22,4.22
8926,225,23.00,4.57,4.57
8927,225,23.00,6.39,6.39
8928,225,23.00,6.91,6.91
8930,225,23.00,5.26,5.26
8931,225,23.00,6.57,6.57
8932,225,23.00,4.57,4.57
8933,225,23.00,5.17,5.17
8934,225,23.00,4.70,4.70
8935,225,23.00,3.74,3.74
8936,225,23.00,3.17,3.17
8937,225,23.00,4.74,4.74
8938,225,23.00,5.78,5.78
8939,225,23.00,4.83,4.83
8940,225,23.00,3.91,3.91
8942,225,23.00,5.39,5.39
8943,225,23.00,5.78,5.78
8944,225,23.00,3.83,3.83
8945,225,23.00,4.87,4.87
8946,225,23.00,4.96,4.96
8947,225,23.00,3.57,3.57
8948,225,23.00,4.78,4.78
8949,225,23.00,5.74,5.74
8950,225,23.00,5.04,5.04
8951,225,23.00,3.78,3.78
8952,225,23.00,6.17,6.17
8953,225,23.00,5.70,5.70
8954,225,23.00,5.78,5.78
8955,225,23.00,4.91,4.91
8956,225,23.00,4.13,4.13
8957,225,23.00,4.52,4.52
8958,225,23.00,6.17,6.17
8959,225,23.00,6.04,6.04
8960,225,23.00,2.26,2.26
8961,225,23.00,5.43,5.43
8962,225,23.00,5.22,5.22
8963,225,23.00,4.48,4.48
8964,225,23.00,5.65,5.65
8965,225,23.00,6.52,6.52
8966,225,23.00,5.09,5.09
8967,225,23.00,6.13,6.13
8968,225,23.00,4.87,4.87
8969,225,23.00,3.52,3.52
8970,225,23.00,4.09,4.09
8971,225,23.00,4.91,4.91
8972,225,23.00,4.48,4.48
8973,225,23.00,5.65,5.65
8974,225,23.00,5.09,5.09
8975,225,23.00,5.61,5.61
8976,225,23.00,5.09,5.09
8977,225,23.00,5.74,5.74
8978,225,23.00,4.91,4.91
8979,225,23.00,6.39,6.39
8980,225,23.00,2.48,2.48
8981,225,23.00,4.83,4.83
8982,225,23.00,4.30,4.30
8983,225,23.00,6.74,6.74
8984,225,23.00,6.04,6.04
8985,225,23.00,5.17,5.17
8986,225,23.00,3.17,3.17
8988,225,23.00,4.87,4.87
8989,225,23.00,6.22,6.22
8990,225,23.00,6.13,6.13
8991,225,23.00,3.52,3.52
8992,225,23.00,7.17,7.17
8993,225,23.00,4.70,4.70
8994,225,23.00,4.26,4.26
8995,225,23.00,4.87,4.87
8996,225,23.00,4.04,4.04
8997,225,23.00,6.70,6.70
8998,225,23.00,5.17,5.17
8999,225,23.00,6.70,6.70
9,2,26.00,5.42,5.42
90,2,26.00,7.73,7.73
9000,225,23.00,6.61,6.61
9001,226,23.00,3.52,3.52
9002,226,23.00,7.09,7.09
9003,226,23.00,3.65,3.65
9004,226,23.00,2.96,2.96
9005,226,23.00,3.00,3.00
9006,226,23.00,5.00,5.00
9007,226,23.00,5.43,5.43
9008,226,23.00,4.13,4.13
9009,226,23.00,2.22,2.22
9010,226,23.00,3.26,3.26
9011,226,23.00,3.39,3.39
9012,226,23.00,2.43,2.43
9013,226,23.00,3.22,3.22
9014,226,23.00,5.00,5.00
9015,226,23.00,4.57,4.57
9016,226,23.00,2.78,2.78
9017,226,23.00,4.22,4.22
9018,226,23.00,6.83,6.83
9019,226,23.00,6.65,6.65
9021,226,23.00,5.78,5.78
9022,226,23.00,4.57,4.57
9023,226,23.00,5.61,5.61
9024,226,23.00,4.04,4.04
9025,226,23.00,5.35,5.35
9026,226,23.00,5.74,5.74
9027,226,23.00,2.87,2.87
9028,226,23.00,7.91,7.91
9029,226,23.00,3.78,3.78
9030,226,23.00,5.65,5.65
9031,226,23.00,3.83,3.83
9032,226,23.00,7.48,7.48
9033,226,23.00,4.35,4.35
9034,226,23.00,4.78,4.78
9035,226,23.00,5.57,5.57
9036,226,23.00,5.13,5.13
9037,226,23.00,6.04,6.04
9038,226,23.00,4.30,4.30
9039,226,23.00,6.30,6.30
9040,226,23.00,4.57,4.57
9041,226,23.00,4.74,4.74
9042,226,23.00,2.65,2.65
9043,226,23.00,4.00,4.00
9044,226,23.00,4.00,4.00
9045,226,23.00,5.43,5.43
9046,226,23.00,3.52,3.52
9047,226,23.00,5.13,5.13
9048,226,23.00,4.61,4.61
9049,226,23.00,5.04,5.04
9050,226,23.00,5.61,5.61
9051,226,23.00,7.17,7.17
9052,226,23.00,5.13,5.13
9053,226,23.00,5.57,5.57
9054,226,23.00,5.87,5.87
9055,226,23.00,6.04,6.04
9056,226,23.00,4.39,4.39
9057,226,23.00,5.43,5.43
9058,226,23.00,5.30,5.30
9059,226,23.00,5.43,5.43
9060,226,23.00,3.52,3.52
9061,226,23.00,4.87,4.87
9062,226,23.00,5.22,5.22
9063,226,23.00,4.57,4.57
9065,226,23.00,7.17,7.17
9066,226,23.00,5.52,5.52
9067,226,23.00,3.91,3.91
9068,226,23.00,4.39,4.39
9069,226,23.00,7.22,7.22
9070,226,23.00,4.87,4.87
9071,226,23.00,4.57,4.57
9072,226,23.00,4.39,4.39
9073,226,23.00,5.39,5.39
9074,226,23.00,4.78,4.78
9075,226,23.00,5.96,5.96
9076,226,23.00,4.65,4.65
9077,226,23.00,5.43,5.43
9078,226,23.00,3.09,3.09
9079,226,23.00,5.74,5.74
9080,226,23.00,4.48,4.48
9081,226,23.00,4.61,4.61
9082,226,23.00,5.30,5.30
9083,226,23.00,4.65,4.65
9084,226,23.00,4.13,4.13
9085,226,23.00,4.30,4.30
9086,226,23.00,6.17,6.17
9087,226,23.00,1.96,1.96
9088,226,23.00,4.48,4.48
9090,226,23.00,6.04,6.04
9091,226,23.00,3.70,3.70
9092,226,23.00,5.48,5.48
9093,226,23.00,3.65,3.65
9094,226,23.00,5.13,5.13
9095,226,23.00,5.52,5.52
9096,226,23.00,5.70,5.70
9097,226,23.00,5.57,5.57
9098,226,23.00,4.91,4.91
9099,226,23.00,5.39,5.39
91,2,26.00,7.85,7.85
9100,226,23.00,5.74,5.74
9101,226,23.00,4.43,4.43
9102,226,23.00,6.96,6.96
9103,226,23.00,4.91,4.91
9104,226,23.00,4.00,4.00
9105,226,23.00,4.70,4.70
9106,226,23.00,5.09,5.09
9107,226,23.00,4.35,4.35
9108,226,23.00,4.35,4.35
9109,226,23.00,3.39,3.39
9110,226,23.00,3.91,3.91
9111,226,23.00,5.48,5.48
9112,226,23.00,3.39,3.39
9113,226,23.00,5.22,5.22
9114,226,23.00,2.04,2.04
9115,226,23.00,5.39,5.39
9116,226,23.00,5.52,5.52
9117,226,23.00,6.04,6.04
9118,226,23.00,3.57,3.57
9119,226,23.00,7.30,7.30
9120,226,23.00,3.91,3.91
9121,226,23.00,5.22,5.22
9122,226,23.00,5.30,5.30
9123,226,23.00,2.70,2.70
9124,226,23.00,5.04,5.04
9125,226,23.00,5.30,5.30
9126,226,23.00,5.22,5.22
9127,226,23.00,5.22,5.22
9128,226,23.00,3.04,3.04
9129,226,23.00,7.09,7.09
9130,226,23.00,5.74,5.74
9131,226,23.00,2.91,2.91
9132,226,23.00,5.22,5.22
9133,226,23.00,5.65,5.65
9134,226,23.00,5.35,5.35
9135,226,23.00,5.96,5.96
9136,226,23.00,5.17,5.17
9137,226,23.00,6.35,6.35
9138,226,23.00,2.39,2.39
9139,226,23.00,4.43,4.43
9140,226,23.00,4.91,4.91
9141,226,23.00,4.83,4.83
9142,226,23.00,5.09,5.09
9143,226,23.00,5.87,5.87
9144,226,23.00,5.70,5.70
9145,226,23.00,4.96,4.96
9146,226,23.00,5.22,5.22
9147,226,23.00,4.43,4.43
9148,226,23.00,5.22,5.22
9149,226,23.00,3.78,3.78
9150,226,23.00,5.43,5.43
9151,226,23.00,5.00,5.00
9152,226,23.00,5.35,5.35
9153,226,23.00,5.17,5.17
9154,226,23.00,4.74,4.74
9155,226,23.00,6.65,6.65
9156,226,23.00,4.00,4.00
9157,226,23.00,2.61,2.61
9158,226,23.00,5.57,5.57
9159,226,23.00,5.78,5.78
9160,226,23.00,6.00,6.00
9161,226,23.00,4.83,4.83
9162,226,23.00,3.91,3.91
9163,226,23.00,6.04,6.04
9164,226,23.00,3.39,3.39
9165,226,23.00,5.83,5.83
9166,226,23.00,6.17,6.17
9167,226,23.00,4.65,4.65
9168,226,23.00,3.87,3.87
9169,226,23.00,4.43,4.43
9170,226,23.00,5.13,5.13
9171,226,23.00,4.22,4.22
9172,226,23.00,6.17,6.17
9173,226,23.00,5.09,5.09
9174,226,23.00,4.52,4.52
9175,226,23.00,5.61,5.61
9176,226,23.00,2.96,2.96
9177,226,23.00,5.65,5.65
9178,226,23.00,5.00,5.00
9179,226,23.00,5.78,5.78
9180,226,23.00,6.87,6.87
9181,226,23.00,4.65,4.65
9182,226,23.00,5.13,5.13
9183,226,23.00,5.13,5.13
9184,226,23.00,3.43,3.43
9185,226,23.00,5.09,5.09
9186,226,23.00,7.26,7.26
9187,226,23.00,6.87,6.87
9188,226,23.00,5.04,5.04
9189,226,23.00,5.30,5.30
9190,226,23.00,6.13,6.13
9191,226,23.00,5.52,5.52
9192,226,23.00,4.96,4.96
9193,226,23.00,5.70,5.70
9194,226,23.00,6.30,6.30
9195,226,23.00,5.65,5.65
9196,226,23.00,4.00,4.00
9197,226,23.00,6.04,6.04
9198,226,23.00,7.04,7.04
92,2,26.00,7.15,7.15
9200,226,23.00,5.57,5.57
9201,226,23.00,6.09,6.09
9202,226,23.00,5.30,5.30
9204,226,23.00,5.39,5.39
9205,226,23.00,4.61,4.61
9206,226,23.00,5.39,5.39
9207,226,23.00,5.78,5.78
9208,226,23.00,3.52,3.52
9209,226,23.00,6.39,6.39
9210,226,23.00,3.70,3.70
9211,226,23.00,3.74,3.74
9212,226,23.00,2.74,2.74
9213,226,23.00,6.22,6.22
9214,226,23.00,5.91,5.91
9215,226,23.00,6.65,6.65
9216,226,23.00,5.70,5.70
9218,226,23.00,5.22,5.22
9219,226,23.00,4.83,4.83
9220,226,23.00,2.87,2.87
9222,226,23.00,5.22,5.22
9223,226,23.00,5.13,5.13
9224,226,23.00,3.30,3.30
9225,226,23.00,4.87,4.87
9226,226,23.00,4.48,4.48
9227,226,23.00,5.09,5.09
9228,226,23.00,6.57,6.57
9229,226,23.00,4.83,4.83
9230,226,23.00,6.35,6.35
9231,226,23.00,4.22,4.22
9232,226,23.00,5.83,5.83
9233,226,23.00,7.13,7.13
9234,226,23.00,4.52,4.52
9235,226,23.00,5.70,5.70
9236,226,23.00,3.30,3.30
924,9,26.00,6.50,6.50
925,9,26.00,7.54,7.54
926,9,26.00,7.04,7.04
927,9,26.00,5.58,5.58
928,9,26.00,7.65,7.65
929,9,26.00,6.88,6.88
93,2,26.00,4.77,4.77
930,9,26.00,7.19,7.19
931,9,26.00,6.69,6.69
932,9,26.00,5.77,5.77
933,9,26.00,6.00,6.00
934,9,26.00,4.62,4.62
935,9,26.00,5.96,5.96
936,9,26.00,8.19,8.19
937,9,26.00,5.42,5.42
938,9,26.00,8.08,8.08
939,9,26.00,7.04,7.04
94,2,26.00,7.00,7.00
940,9,26.00,6.23,6.23
941,9,26.00,7.04,7.04
942,9,26.00,7.54,7.54
943,9,26.00,8.00,8.00
944,9,26.00,6.50,6.50
945,9,26.00,6.77,6.77
946,9,26.00,6.50,6.50
947,9,26.00,6.73,6.73
948,9,26.00,8.15,8.15
949,9,26.00,4.77,4.77
95,2,26.00,6.88,6.88
950,9,26.00,5.81,5.81
951,9,26.00,6.69,6.69
952,9,26.00,7.31,7.31
953,9,26.00,7.65,7.65
954,9,26.00,6.73,6.73
955,9,26.00,8.08,8.08
956,9,26.00,5.85,5.85
957,9,26.00,6.15,6.15
958,9,26.00,6.31,6.31
959,9,26.00,7.38,7.38
96,2,26.00,7.54,7.54
960,9,26.00,6.77,6.77
961,9,26.00,7.35,7.35
962,9,26.00,8.23,8.23
963,9,26.00,4.85,4.85
964,9,26.00,5.31,5.31
965,9,26.00,3.77,3.77
966,9,26.00,7.12,7.12
967,9,26.00,6.96,6.96
968,9,26.00,7.23,7.23
969,9,26.00,6.62,6.62
97,2,26.00,7.04,7.04
970,9,26.00,5.31,5.31
971,9,26.00,6.38,6.38
972,9,26.00,5.31,5.31
973,9,26.00,5.77,5.77
974,9,26.00,5.27,5.27
975,9,26.00,7.58,7.58
976,9,26.00,8.08,8.08
977,9,26.00,6.08,6.08
978,9,26.00,7.85,7.85
979,9,26.00,6.38,6.38
98,2,26.00,7.38,7.38
980,9,26.00,7.62,7.62
981,9,26.00,5.54,5.54
982,9,26.00,5.31,5.31
983,9,26.00,5.04,5.04
984,9,26.00,6.69,6.69
985,9,26.00,5.69,5.69
986,9,26.00,6.35,6.35
987,9,26.00,5.81,5.81
988,9,26.00,7.12,7.12
989,9,26.00,6.42,6.42
99,2,26.00,4.42,4.42
990,9,26.00,7.38,7.38
991,9,26.00,6.15,6.15
992,9,26.00,4.85,4.85
993,9,26.00,8.12,8.12
994,9,26.00,7.81,7.81
995,9,26.00,7.35,7.35
996,9,26.00,8.96,8.96
997,9,26.00,6.92,6.92
998,9,26.00,6.54,6.54
999,9,26.00,6.35,6.35
