"id","AYear","ASem","BYear","BSem","Dept","Regulation","Mode","SubId","SubCode","SubName","Credits","OfferedBy","Type","Category","DistributionRatio","Distribution","DistributionNames","PromoteThreshold","RegEventId"
"2",2015,1,1,1,10,"1","R","5","EC101","Basic Electronics Engineering",3,6,"THEORY","ESC","1","100+100+100+100","M1+MD+M2+E","0+0+0+15","2"
"3",2015,1,1,1,10,"1","R","6","HS101","English for Communication",4,12,"THEORY","HSC","1","100+100+100+100","M1+MD+M2+E","0+0+0+15","2"
"4",2015,1,1,1,10,"1","R","7","MA101","Mathematics - I",4,11,"THEORY","BSC","1","100+100+100+100","M1+MD+M2+E","0+0+0+15","2"
"5",2015,1,1,1,10,"1","R","8","PH101","Physics",4,11,"THEORY","BSC","1","100+100+100+100","M1+MD+M2+E","0+0+0+15","2"
"6",2015,1,1,1,9,"1","R","10","CE101","Engineering Mechanics",4,3,"THEORY","ESC","1","100+100+100+100","M1+MD+M2+E","0+0+0+15","1"
"7",2015,1,1,1,9,"1","R","11","CY101","Chemistry",4,11,"THEORY","BSC","1","100+100+100+100","M1+MD+M2+E","0+0+0+15","1"
"8",2015,1,1,1,9,"1","R","12","CY102","Chemistry Lab",2,11,"LAB","BSC","1","100+100+100+100","M1+MD+M2+E","0+0+0+15","1"
"9",2015,1,1,1,9,"1","R","13","EA101","EAA: Games and Sports - I",0,12,"OTHER","MDC","1","100","End","30","1"
"10",2015,1,1,1,9,"1","R","15","MA101","Mathematics - I",4,11,"THEORY","BSC","1","100+100+100+100","M1+MD+M2+E","0+0+0+15","1"
"11",2015,1,1,1,9,"1","R","17","ME102","Engineering Graphics",4,7,"THEORY","ESC","1","100+100+100+100","M1+MD+M2+E","0+0+0+15","1"
"12",2015,1,1,1,9,"1","R","18","ME103","Workshop Practice",2,7,"THEORY","ESC","1","100","End","30","1"
"13",2015,2,1,2,9,"1","R","19","CE102","Environmental Studies",3,3,"THEORY","ESC","1","100+100+100+100","M1+MD+M2+E","0+0+0+15","3"
"14",2015,2,1,2,9,"1","R","21","CS102","Problem Solving and Computer Programming Lab",2,4,"LAB","ESC","1","100+100+100+100","M1+MD+M2+E","0+0+0+15","3"
"15",2015,2,1,2,9,"1","R","22","EA151","EAA: Games and Sports - II",0,12,"OTHER","MDC","1","100","End","30","3"
"16",2015,2,1,2,9,"1","R","23","EC101","Basic Electronics Engineering",3,6,"THEORY","ESC","1","100+100+100+100","M1+MD+M2+E","0+0+0+15","3"
"17",2015,2,1,2,9,"1","R","24","HS101","English for Communication",4,12,"THEORY","HSC","1","100+100+100+100","M1+MD+M2+E","0+0+0+15","3"
"18",2015,2,1,2,9,"1","R","26","PH101","Physics",4,11,"THEORY","BSC","1","100+100+100+100","M1+MD+M2+E","0+0+0+15","3"
"19",2015,2,1,2,9,"1","R","27","PH102","Physics Lab",2,11,"LAB","BSC","1","100+100+100+100","M1+MD+M2+E","0+0+0+12","3"
"20",2015,2,1,2,10,"1","R","28","CE101","Engineering Mechanics",4,3,"THEORY","ESC","1","100+100+100+100","M1+MD+M2+E","0+0+0+15","4"
"21",2015,2,1,2,10,"1","R","30","CY102","Chemistry Lab",2,11,"LAB","BSC","1","100+100+100+100","M1+MD+M2+E","0+0+0+15","4"
"22",2015,2,1,2,10,"1","R","32","EE101","Basic Electrical Engineering",3,5,"THEORY","ESC","1","100+100+100+100","M1+MD+M2+E","0+0+0+15","4"
"23",2015,2,1,2,10,"1","R","33","MA151","Mathematics - II",4,11,"THEORY","BSC","1","100+100+100+100","M1+MD+M2+E","0+0+0+15","4"
"24",2015,2,1,2,10,"1","R","34","ME101","Basic Mechanical Engineering",3,7,"THEORY","ESC","1","100+100+100+100","M1+MD+M2+E","0+0+0+15","4"
"25",2015,2,1,2,10,"1","R","35","ME102","Engineering Graphics",4,7,"THEORY","ESC","1","100+100+100+100","M1+MD+M2+E","0+0+0+15","4"
"26",2016,1,1,1,9,"1","R","37","CE101","Engineering Mechanics",4,3,"THEORY","ESC","1","100+100+100+100","M1+MD+M2+E","0+0+0+15","9"
"27",2016,1,1,1,9,"1","R","38","CY101","Chemistry",4,11,"THEORY","BSC","1","100+100+100+100","M1+MD+M2+E","0+0+0+15","9"
"28",2016,1,1,1,9,"1","R","39","CY102","Chemistry Lab",2,11,"LAB","BSC","1","100+100+100+100","M1+MD+M2+E","0+0+0+15","9"
"29",2016,1,1,1,9,"1","R","40","EA101","EAA: Games and Sports - I",0,12,"OTHER","MDC","1","100","End","30","9"
"30",2016,1,1,1,9,"1","R","43","ME101","Basic Mechanical Engineering",3,7,"THEORY","ESC","1","100+100+100+100","M1+MD+M2+E","0+0+0+15","9"
"31",2016,1,1,1,9,"1","R","44","ME102","Engineering Graphics",4,7,"THEORY","ESC","1","100+100+100+100","M1+MD+M2+E","0+0+0+15","9"
"32",2016,1,1,1,9,"1","R","45","ME103","Workshop Practice",2,7,"THEORY","ESC","1","100","End","30","9"
"33",2016,2,1,2,9,"1","R","46","CE102","Environmental Studies",3,3,"THEORY","ESC","1","100+100+100+100","M1+MD+M2+E","0+0+0+15","11"
"34",2016,2,1,2,9,"1","R","48","CS102","Problem Solving and Computer Programming Lab",2,4,"LAB","ESC","1","100+100+100+100","M1+MD+M2+E","0+0+0+15","11"
"35",2016,2,1,2,9,"1","R","49","EA151","EAA: Games and Sports - II",0,12,"OTHER","MDC","1","100","End","30","11"
"36",2016,2,1,2,9,"1","R","50","EC101","Basic Electronics Engineering",3,6,"THEORY","ESC","1","100+100+100+100","M1+MD+M2+E","0+0+0+15","11"
"37",2016,2,1,2,9,"1","R","51","HS101","English for Communication",4,12,"THEORY","HSC","1","100+100+100+100","M1+MD+M2+E","0+0+0+15","11"
"38",2016,2,1,2,9,"1","R","53","PH101","Physics",4,11,"THEORY","BSC","1","100+100+100+100","M1+MD+M2+E","0+0+0+15","11"
"39",2016,2,1,2,9,"1","R","54","PH102","Physics Lab",2,11,"LAB","BSC","1","100+100+100+100","M1+MD+M2+E","0+0+0+12","11"
"40",2016,1,1,1,10,"1","R","57","CS101","Problem Solving and Computer Programming",4,4,"THEORY","ESC","1","100+100+100+100","M1+MD+M2+E","0+0+0+15","10"
"41",2016,1,1,1,10,"1","R","58","CS102","Problem Solving and Computer Programming Lab",2,4,"LAB","ESC","1","100+100+100+100","M1+MD+M2+E","0+0+0+15","10"
"42",2016,1,1,1,10,"1","R","60","EC101","Basic Electronics Engineering",3,6,"THEORY","ESC","1","100+100+100+100","M1+MD+M2+E","0+0+0+15","10"
"43",2016,1,1,1,10,"1","R","61","HS101","English for Communication",4,12,"THEORY","HSC","1","100+100+100+100","M1+MD+M2+E","0+0+0+15","10"
"44",2016,1,1,1,10,"1","R","62","MA101","Mathematics - I",4,11,"THEORY","BSC","1","100+100+100+100","M1+MD+M2+E","0+0+0+15","10"
"45",2016,1,1,1,10,"1","R","63","PH101","Physics",4,11,"THEORY","BSC","1","100+100+100+100","M1+MD+M2+E","0+0+0+15","10"
"46",2016,2,1,2,10,"1","R","65","CE101","Engineering Mechanics",4,3,"THEORY","ESC","1","100+100+100+100","M1+MD+M2+E","0+0+0+15","12"
"47",2016,2,1,2,10,"1","R","66","CY101","Chemistry",4,11,"THEORY","BSC","1","100+100+100+100","M1+MD+M2+E","0+0+0+15","12"
"48",2016,2,1,2,10,"1","R","67","CY102","Chemistry Lab",2,11,"LAB","BSC","1","100+100+100+100","M1+MD+M2+E","0+0+0+15","12"
"49",2016,2,1,2,10,"1","R","68","EA151","EAA: Games and Sports - II",0,12,"OTHER","MDC","1","100","End","30","12"
"50",2016,2,1,2,10,"1","R","71","ME101","Basic Mechanical Engineering",3,7,"THEORY","ESC","1","100+100+100+100","M1+MD+M2+E","0+0+0+15","12"
"51",2016,2,1,2,10,"1","R","72","ME102","Engineering Graphics",4,7,"THEORY","ESC","1","100+100+100+100","M1+MD+M2+E","0+0+0+15","12"
"52",2016,2,1,2,10,"1","R","73","ME103","Workshop Practice",2,7,"THEORY","ESC","1","100","End","30","12"
"100",2016,1,2,1,5,"1","R","138","CS235","Data Structures",3,4,"THEORY","ESC","1","100+100+100+100","M1+MD+M2+E","0+0+0+15","25"
"101",2016,1,2,1,5,"1","R","139","CS236","Data Structures Lab",2,4,"LAB","ESC","1","100+100+100+100","M1+MD+M2+E","0+0+0+15","25"
"102",2016,1,2,1,5,"1","R","141","EC236","Analog Electronics Lab",2,6,"LAB","ESC","1","100+100+100+100","M1+MD+M2+E","0+0+0+15","25"
"103",2016,1,2,1,5,"1","R","142","EE201","Electrical Measurements and Instrumentation",4,5,"THEORY","PCC","1","100+100+100+100","M1+MD+M2+E","0+0+0+15","25"
"104",2016,1,2,1,5,"1","R","143","EE202","Circuit Theory - I",3,5,"THEORY","PCC","1","100+100+100+100","M1+MD+M2+E","0+0+0+15","25"
"105",2016,1,2,1,5,"1","R","144","EE203","Electric and Magnetic Fields",4,5,"THEORY","PCC","1","100+100+100+100","M1+MD+M2+E","0+0+0+15","25"
"106",2016,2,2,2,5,"1","R","146","EC290","Digital Electronics",4,6,"THEORY","PCC","1","100+100+100+100","M1+MD+M2+E","0+0+0+15","33"
"107",2016,2,2,2,5,"1","R","148","EE251","Circuit Theory - II",4,5,"THEORY","PCC","1","100+100+100+100","M1+MD+M2+E","0+0+0+15","33"
"108",2016,1,2,1,6,"1","R","160","MA213","Complex Variables and Special functions",4,11,"THEORY","BSC","1","100+100+100+100","M1+MD+M2+E","0+0+0+15","26"
"109",2016,2,2,2,6,"1","R","162","CS236","Data Structures Lab",2,4,"LAB","ESC","1","100+100+100+100","M1+MD+M2+E","0+0+0+15","34"
"110",2016,2,2,2,6,"1","R","164","EC252","Electromagnetic Fields and Waves",3,6,"THEORY","PCC","1","100+100+100+100","M1+MD+M2+E","0+0+0+15","34"
"111",2016,2,2,2,6,"1","R","165","EC253","Digital System Design - II",4,6,"THEORY","PCC","1","100+100+100+100","M1+MD+M2+E","0+0+0+15","34"
"112",2016,2,2,2,6,"1","R","166","EC254","Probability Theory and Stochastic Processes",3,6,"THEORY","PCC","1","100+100+100+100","M1+MD+M2+E","0+0+0+15","34"
"113",2016,2,2,2,6,"1","R","167","EC255","Electronic Devices and Circuits - II Lab",3,6,"LAB","PCC","1","100+100+100+100","M1+MD+M2+E","0+0+0+15","34"
"137",2017,1,1,1,10,"2","R","201","CE102","Environmental Science and Engineering",2,3,"THEORY","ESC","1","100+100+100+100","M1+MD+M2+E","0+0+0+17.5","65"
"138",2017,1,1,1,10,"2","R","202","CS101","Problem Solving and Computer Programming",3,4,"THEORY","ESC","1","100+100+100+100","M1+MD+M2+E","0+0+0+17.5","65"
"139",2017,1,1,1,10,"2","R","204","EA101","EAA: Games and Sports",0,12,"OTHER","MDC","1","100","End","30","65"
"140",2017,1,1,1,10,"2","R","205","EC101","Basic Electronics Engineering",3,6,"THEORY","ESC","1","100+100+100+100","M1+MD+M2+E","0+0+0+17.5","65"
"141",2017,1,1,1,10,"2","R","206","HS101","English for Technical Communication",3,12,"THEORY","HSC","1","100+100+100+100","M1+MD+M2+E","0+0+0+17.5","65"
"142",2017,1,1,1,10,"2","R","207","MA101","Mathematics - I",3,11,"THEORY","BSC","1","100+100+100+100","M1+MD+M2+E","0+0+0+17.5","65"
"143",2017,1,1,1,10,"2","R","209","PH101","Engineering Physics",3,11,"THEORY","BSC","1","100+100+100+100","M1+MD+M2+E","0+0+0+17.5","65"
"144",2017,1,1,1,10,"2","R","210","PH102","Physics Lab",2,11,"LAB","BSC","1","100+100+100+100","M1+MD+M2+E","0+0+0+14","65"
"145",2017,1,1,1,9,"2","R","211","BT101","Engineering Biology",2,1,"THEORY","ESC","1","100+100+100+100","M1+MD+M2+E","0+0+0+17.5","66"
"146",2017,1,1,1,9,"2","R","212","CE101","Engineering Mechanics",3,3,"THEORY","ESC","1","100+100+100+100","M1+MD+M2+E","0+0+0+17.5","66"
"147",2017,1,1,1,9,"2","R","215","EA101","EAA: Games and Sports",0,12,"OTHER","MDC","1","100","End","30","66"
"148",2017,1,1,1,9,"2","R","216","EE101","Basic Electrical Engineering",3,5,"THEORY","ESC","1","100+100+100+100","M1+MD+M2+E","0+0+0+17.5","66"
"149",2017,1,1,1,9,"2","R","217","MA101","Mathematics - I",3,11,"THEORY","BSC","1","100+100+100+100","M1+MD+M2+E","0+0+0+17.5","66"
"150",2017,1,1,1,9,"2","R","218","ME102","Engineering Graphics",4,7,"THEORY","ESC","1","100+100+100+100","M1+MD+M2+E","0+0+0+17.5","66"
"163",2017,2,1,2,10,"2","R","248","BT101","Engineering Biology",2,1,"THEORY","ESC","1","100+100+100+100","M1+MD+M2+E","0+0+0+17.5","83"
"164",2017,2,1,2,10,"2","R","249","CE101","Engineering Mechanics",3,3,"THEORY","ESC","1","100+100+100+100","M1+MD+M2+E","0+0+0+17.5","83"
"165",2017,2,1,2,10,"2","R","250","CY101","Chemistry-Theory",3,11,"THEORY","BSC","1","100+100+100+100","M1+MD+M2+E","0+0+0+17.5","83"
"166",2017,2,1,2,10,"2","R","252","EA151","EAA:Games and Sports",0,12,"OTHER","MDC","1","100","End","30","83"
"167",2017,2,1,2,10,"2","R","254","MA151","Mathematics - II",3,11,"THEORY","BSC","1","100+100+100+100","M1+MD+M2+E","0+0+0+17.5","83"
"168",2017,2,1,2,10,"2","R","255","ME102","Engineering Graphics",4,7,"THEORY","ESC","1","100+100+100+100","M1+MD+M2+E","0+0+0+17.5","83"
"169",2017,2,1,2,10,"2","R","256","ME103","Workshop Practice",2,7,"THEORY","ESC","1","100+100+100+100","M1+MD+M2+E","0+0+0+14","83"
"170",2017,2,1,2,9,"2","R","257","CE102","Environmental Science and Engineering",2,3,"THEORY","ESC","1","100+100+100+100","M1+MD+M2+E","0+0+0+17.5","84"
"171",2017,2,1,2,9,"2","R","259","CS102","Problem Solving and Computer Programming Lab",2,4,"LAB","ESC","1","100+100+100+100","M1+MD+M2+E","0+0+0+14","84"
"172",2017,2,1,2,9,"2","R","260","EA151","EAA:Games and Sports",0,12,"OTHER","MDC","1","100","End","30","84"
"173",2017,2,1,2,9,"2","R","261","EC101","Basic Electronics Engineering",3,6,"THEORY","ESC","1","100+100+100+100","M1+MD+M2+E","0+0+0+17.5","84"
"174",2017,2,1,2,9,"2","R","262","HS101","English for Technical Communication",3,12,"THEORY","HSC","1","100+100+100+100","M1+MD+M2+E","0+0+0+17.5","84"
"175",2017,2,1,2,9,"2","R","265","PH101","Engineering Physics",3,11,"THEORY","BSC","1","100+100+100+100","M1+MD+M2+E","0+0+0+17.5","84"
"176",2017,2,1,2,9,"2","R","266","PH102","Physics Lab",2,11,"LAB","BSC","1","100+100+100+100","M1+MD+M2+E","0+0+0+14","84"
"189",2017,1,2,1,5,"1","R","285","CS235","Data Structures",3,4,"THEORY","ESC","1","100+100+100+100","M1+MD+M2+E","0+0+0+15","71"
"190",2017,1,2,1,5,"1","R","286","CS236","Data Structures Lab",2,4,"LAB","ESC","1","100+100+100+100","M1+MD+M2+E","0+0+0+15","71"
"191",2017,1,2,1,5,"1","R","289","EE201","Electrical Measurements and Instrumentation",4,5,"THEORY","PCC","1","100+100+100+100","M1+MD+M2+E","0+0+0+15","71"
"192",2017,1,2,1,5,"1","R","290","EE202","Circuit Theory - I",3,5,"THEORY","PCC","1","100+100+100+100","M1+MD+M2+E","0+0+0+15","71"
"193",2017,1,2,1,5,"1","R","291","EE203","Electric and Magnetic Fields",4,5,"THEORY","PCC","1","100+100+100+100","M1+MD+M2+E","0+0+0+15","71"
"194",2017,1,2,1,5,"1","R","292","MA201","Mathematics - III",4,11,"THEORY","BSC","1","100+100+100+100","M1+MD+M2+E","0+0+0+15","71"
"206",2017,1,2,1,6,"1","R","309","EC201","Electronic Devices and Circuits - I",4,6,"THEORY","PCC","1","100+100+100+100","M1+MD+M2+E","0+0+0+15","72"
"207",2017,1,2,1,6,"1","R","311","EC203","Digital System Design - I",4,6,"THEORY","PCC","1","100+100+100+100","M1+MD+M2+E","0+0+0+15","72"
"208",2017,1,2,1,6,"1","R","312","EC204","Signals and Systems",3,6,"THEORY","PCC","1","100+100+100+100","M1+MD+M2+E","0+0+0+15","72"
"209",2017,1,2,1,6,"1","R","313","EC205","Electronic Devices and Circuits - I Lab",2,6,"LAB","PCC","1","100+100+100+100","M1+MD+M2+E","0+0+0+15","72"
"210",2017,1,2,1,6,"1","R","314","EC206","Electronic Design Automation Lab",2,6,"LAB","PCC","1","100+100+100+100","M1+MD+M2+E","0+0+0+15","72"
"211",2017,1,2,1,6,"1","R","316","MA213","Complex Variables and Special functions",4,11,"THEORY","BSC","1","100+100+100+100","M1+MD+M2+E","0+0+0+15","72"
"245",2017,2,2,2,6,"1","R","380","CS235","Data structures",3,4,"THEORY","ESC","1","100+100+100+100","M1+MD+M2+E","0+0+0+15","98"
"246",2017,2,2,2,6,"1","R","381","CS236","Data Structures Lab",2,4,"LAB","ESC","1","100+100+100+100","M1+MD+M2+E","0+0+0+15","98"
"247",2017,2,2,2,6,"1","R","383","EC252","Electromagnetic Fields and Waves",3,6,"THEORY","PCC","1","100+100+100+100","M1+MD+M2+E","0+0+0+15","98"
"248",2017,2,2,2,6,"1","R","384","EC253","Digital System Design - II",4,6,"THEORY","PCC","1","100+100+100+100","M1+MD+M2+E","0+0+0+15","98"
"249",2017,2,2,2,6,"1","R","385","EC254","Probability Theory and Stochastic Processes",3,6,"THEORY","PCC","1","100+100+100+100","M1+MD+M2+E","0+0+0+15","98"
"250",2017,2,2,2,6,"1","R","386","EC255","Electronic Devices and Circuits - II Lab",3,6,"LAB","PCC","1","100+100+100+100","M1+MD+M2+E","0+0+0+15","98"
"252",2017,2,2,2,5,"1","R","392","EE251","Circuit Theory - II",4,5,"THEORY","PCC","1","100+100+100+100","M1+MD+M2+E","0+0+0+15","97"
"253",2017,2,2,2,5,"1","R","394","EE253","Power Systems",4,5,"THEORY","PCC","1","100+100+100+100","M1+MD+M2+E","0+0+0+15","97"
"254",2017,2,2,2,5,"1","R","395","EE254","Electrical Measurements Lab",2,5,"LAB","PCC","1","100+100+100+100","M1+MD+M2+E","0+0+0+15","97"
"255",2017,2,2,2,5,"1","R","396","MA251","Mathematics - IV",4,11,"THEORY","BSC","1","100+100+100+100","M1+MD+M2+E","0+0+0+15","97"
"273",2017,1,3,1,5,"1","R","424","EE301","Control Systems",4,5,"THEORY","PCC","1","100+100+100+100","M1+MD+M2+E","0+0+0+15","79"
"274",2017,1,3,1,5,"1","R","425","EE302","Electrical Machines - II",4,5,"THEORY","PCC","1","100+100+100+100","M1+MD+M2+E","0+0+0+15","79"
"275",2017,1,3,1,5,"1","R","426","EE303","Power Systems - II",4,5,"THEORY","PCC","1","100+100+100+100","M1+MD+M2+E","0+0+0+15","79"
"276",2017,1,3,1,5,"1","R","428","EE305","Circuits Lab",2,5,"LAB","PCC","1","100+100+100+100","M1+MD+M2+E","0+0+0+15","79"
"277",2017,1,3,1,5,"1","R","429","EE306","Electrical Simulation Lab",2,5,"LAB","PCC","1","100+100+100+100","M1+MD+M2+E","0+0+0+15","79"
"278",2017,1,3,1,5,"1","R","430","EE313","Digital Signal Processing",3,5,"THEORY","DEC","1","100+100+100+100","M1+MD+M2+E","0+0+0+15","79"
"279",2017,1,3,1,5,"1","R","431","EE316","Utilization of Electrical Energy",3,5,"THEORY","DEC","1","100+100+100+100","M1+MD+M2+E","0+0+0+15","79"
"280",2017,1,3,1,6,"1","R","433","EC302","Communication Theory",3,6,"THEORY","PCC","1","100+100+100+100","M1+MD+M2+E","0+0+0+15","80"
"281",2017,1,3,1,6,"1","R","434","EC303","Linear IC Applications",4,6,"THEORY","PCC","1","100+100+100+100","M1+MD+M2+E","0+0+0+15","80"
"282",2017,1,3,1,6,"1","R","436","EC305","Computer Architecture and Organization",3,6,"THEORY","PCC","1","100+100+100+100","M1+MD+M2+E","0+0+0+15","80"
"283",2017,1,3,1,6,"1","R","437","EC306","Pulse Circuits Lab",2,6,"LAB","PCC","1","100+100+100+100","M1+MD+M2+E","0+0+0+15","80"
"284",2017,1,3,1,6,"1","R","439","SM335","Engineering Economics and Accountancy",3,12,"THEORY","HSC","1","100+100+100+100","M1+MD+M2+E","0+0+0+15","80"
"321",2017,2,3,2,6,"1","R","520","CS390","Object Oriented Programming",3,4,"THEORY","OPC","1","100+100+100+100","M1+MD+M2+E","0+0+0+15","106"
"322",2017,2,3,2,6,"1","R","521","EE390","Linear Control Systems",3,5,"THEORY","OPC","1","100+100+100+100","M1+MD+M2+E","0+0+0+15","106"
"323",2017,2,3,2,6,"1","R","522","HS390","Soft Skills",3,12,"THEORY","OPC","1","100+100+100+100","M1+MD+M2+E","0+0+0+15","106"
"324",2017,2,3,2,6,"1","R","524","SM390","Marketing Mangement",3,12,"THEORY","OPC","1","100+100+100+100","M1+MD+M2+E","0+0+0+15","106"
"325",2017,2,3,2,6,"1","R","527","EC353","Microprocessors and Microcontrollers",4,6,"THEORY","PCC","1","100+100+100+100","M1+MD+M2+E","0+0+0+15","106"
"326",2017,2,3,2,6,"1","R","528","EC354","Computer Networks",4,6,"THEORY","PCC","1","100+100+100+100","M1+MD+M2+E","0+0+0+15","106"
"327",2017,2,3,2,6,"1","R","529","EC355","Communication Systems Lab",2,6,"LAB","PCC","1","100+100+100+100","M1+MD+M2+E","0+0+0+12","106"
"328",2017,2,3,2,6,"1","R","531","EC361","VLSI Design",3,6,"THEORY","DEC","1","100+100+100+100","M1+MD+M2+E","0+0+0+15","106"
"367",2018,1,2,1,5,"2","R","585","EC235","Analog Electronics",3,6,"THEORY","PCC","1","100+100+100+100","M1+MD+M2+E","0+0+0+17.5","169"
"368",2018,1,2,1,5,"2","R","588","EE202","Electric and Magnetic Fields",3,5,"THEORY","PCC","1","100+100+100+100","M1+MD+M2+E","0+0+0+17.5","169"
"369",2018,1,2,1,5,"2","R","589","EE203","Electrical Measurements and Instrumentation",3,5,"THEORY","PCC","1","100+100+100+100","M1+MD+M2+E","0+0+0+17.5","169"
"370",2018,1,2,1,6,"2","R","593","EC201","Digital System Design - I",3,6,"THEORY","PCC","1","100+100+100+100","M1+MD+M2+E","0+0+0+17.5","170"
"371",2018,1,2,1,6,"2","R","594","EC202","Signals and Systems",3,6,"THEORY","PCC","1","100+100+100+100","M1+MD+M2+E","0+0+0+17.5","170"
"392",2017,2,3,2,5,"1","R","510","EE352","Power Electronics",4,5,"THEORY","PCC","1","100+100+100+100","M1+MD+M2+E","0+0+0+15","105"
"393",2017,2,3,2,5,"1","R","512","EE354","Electrical Machines - III",4,5,"THEORY","PCC","1","100+100+100+100","M1+MD+M2+E","0+0+0+15","105"
"394",2017,2,3,2,5,"1","R","513","EE355","Control Systems Lab",2,5,"LAB","PCC","1","100+100+100+100","M1+MD+M2+E","0+0+0+15","105"
"395",2017,2,3,2,5,"1","R","514","EE356","Electrical Machines Lab - II",2,5,"LAB","PCC","1","100+100+100+100","M1+MD+M2+E","0+0+0+15","105"
"396",2017,2,3,2,5,"1","R","515","SM335","Engineering Economics and Accountancy",3,12,"THEORY","HSC","1","100+100+100+100","M1+MD+M2+E","0+0+0+15","105"
"397",2017,2,3,2,5,"1","R","517","HS390","Soft Skills",3,12,"THEORY","OPC","1","100+100+100+100","M1+MD+M2+E","0+0+0+15","105"
"398",2017,2,3,2,5,"1","R","518","MA390","Numerical Solution of Differential Equations",3,11,"THEORY","OPC","1","100+100+100+100","M1+MD+M2+E","0+0+0+15","105"
"399",2017,2,3,2,5,"1","R","519","SM390","Marketing Mangement",3,12,"THEORY","OPC","1","100+100+100+100","M1+MD+M2+E","0+0+0+15","105"
"400",2017,2,3,2,6,"1","R","525","EC351","Digital Communications",3,6,"THEORY","PCC","1","100+100+100+100","M1+MD+M2+E","0+0+0+15","106"
"401",2018,1,2,1,5,"2","R","583","CS235","Data Structures",3,4,"THEORY","ESC","1","100+100+100+100","M1+MD+M2+E","0+0+0+17.5","169"
"402",2018,1,2,1,5,"2","R","584","CS236","Data Structures Lab",2,4,"LAB","ESC","1","100+100+100+100","M1+MD+M2+E","0+0+0+14","169"
"403",2018,1,2,1,5,"2","R","586","EC236","Analog Electronics Lab",2,6,"LAB","PCC","1","100+100+100+100","M1+MD+M2+E","0+0+0+14","169"
"404",2018,1,2,1,5,"2","R","590","MA201","Mathematics - III",3,11,"THEORY","BSC","1","100+100+100+100","M1+MD+M2+E","0+0+0+17.5","169"
"405",2018,1,2,1,6,"2","R","592","CS236","Data Structures Lab",2,4,"LAB","ESC","1","100+100+100+100","M1+MD+M2+E","0+0+0+14","170"
"406",2018,1,2,1,6,"2","R","595","EC203","Electronic Devices and Circuits - I",4,6,"THEORY","PCC","1","100+100+100+100","M1+MD+M2+E","0+0+0+17.5","170"
"407",2018,1,2,1,6,"2","R","596","EC204","Electronic Devices and Circuits - I Lab",2,6,"LAB","PCC","1","100+100+100+100","M1+MD+M2+E","0+0+0+17.5","170"
"408",2018,1,2,1,6,"2","R","598","MA213","Complex Variables and Special functions",3,11,"THEORY","BSC","1","100+100+100+100","M1+MD+M2+E","0+0+0+17.5","170"
"431",2018,1,3,1,5,"1","R","654","EE301","Control Systems",4,5,"THEORY","PCC","1","100+100+100+100","M1+MD+M2+E","0+0+0+15","193"
"432",2018,1,3,1,5,"1","R","655","EE302","Electrical Machines - II",4,5,"THEORY","PCC","1","100+100+100+100","M1+MD+M2+E","0+0+0+15","193"
"433",2018,1,3,1,5,"1","R","657","EE313","Digital Signal Processing",3,5,"THEORY","DEC","1","100+100+100+100","M1+MD+M2+E","0+0+0+15","193"
"434",2018,1,3,1,5,"1","R","658","EE316","Utilization of Electrical Energy",3,5,"THEORY","DEC","1","100+100+100+100","M1+MD+M2+E","0+0+0+15","193"
"435",2018,1,3,1,5,"1","R","659","EE304","Electrical Machines Lab - I",2,5,"LAB","PCC","1","100+100+100+100","M1+MD+M2+E","0+0+0+15","193"
"436",2018,1,3,1,5,"1","R","660","EE305","Circuits Lab",2,5,"LAB","PCC","1","100+100+100+100","M1+MD+M2+E","0+0+0+15","193"
"437",2018,1,3,1,6,"1","R","662","EC301","Pulse Circuits",4,6,"THEORY","PCC","1","100+100+100+100","M1+MD+M2+E","0+0+0+15","194"
"438",2018,1,3,1,6,"1","R","663","EC303","Linear IC Applications",4,6,"THEORY","PCC","1","100+100+100+100","M1+MD+M2+E","0+0+0+15","194"
"439",2018,1,3,1,6,"1","R","664","EC302","Communication Theory",3,6,"THEORY","PCC","1","100+100+100+100","M1+MD+M2+E","0+0+0+15","194"
"440",2018,1,3,1,6,"1","R","666","EC305","Computer Architecture and Organization",3,6,"THEORY","PCC","1","100+100+100+100","M1+MD+M2+E","0+0+0+15","194"
"468",2018,1,4,1,5,"1","R","721","EE401","Solid State Drives",4,5,"THEORY","PCC","1","100+100+100+100","M1+MD+M2+E","0+0+0+15","217"
"470",2018,1,4,1,5,"1","R","722","EE402","HVDC and FACTS",4,5,"THEORY","PCC","1","100+100+100+100","M1+MD+M2+E","0+0+0+15","217"
"471",2018,1,4,1,5,"1","R","723","EE412","Computer Methods in Power Systems",3,5,"THEORY","DEC","1","100+100+100+100","M1+MD+M2+E","0+0+0+15","217"
"472",2018,1,4,1,5,"1","R","724","EE449","Project Work Part - A",2,5,"OTHER","PRC","1","100+100+100+100","M1+MD+M2+E","0+0+0+15","217"
"473",2018,1,4,1,6,"1","R","726","EC401","Electronic Instrumentation",3,6,"THEORY","PCC","1","100+100+100+100","M1+MD+M2+E","0+0+0+15","218"
"474",2018,1,4,1,6,"1","R","727","EC402","Microwave Engineering",3,6,"THEORY","PCC","1","100+100+100+100","M1+MD+M2+E","0+0+0+15","218"
"475",2018,1,4,1,6,"1","R","728","EC411","Modern Radio Communications",3,6,"THEORY","DEC","1","100+100+100+100","M1+MD+M2+E","0+0+0+15","218"
"476",2018,1,4,1,6,"1","R","729","EC414","Image Processing",3,6,"THEORY","DEC","1","100+100+100+100","M1+MD+M2+E","0+0+0+15","218"
"477",2018,1,4,1,6,"1","R","731","EC420","Low Power VLSI",3,6,"THEORY","DEC","1","100+100+100+100","M1+MD+M2+E","0+0+0+15","218"
"478",2018,1,4,1,6,"1","R","732","EC403","Electronic Instrumentation and DSP Lab",2,6,"LAB","PCC","1","100+100+100+100","M1+MD+M2+E","0+0+0+15","218"
"479",2018,1,4,1,6,"1","R","733","EC449","Project Work Part - A",2,6,"OTHER","PRC","1","100+100+100+100","M1+MD+M2+E","0+0+0+15","218"
"489",2018,1,4,1,5,"1","R","748","CS440","Management Information Systems",3,4,"THEORY","OPC","1","100+100+100+100","M1+MD+M2+E","0+0+0+15","217"
"490",2018,1,4,1,6,"1","R","749","CS440","Management Information Systems",3,4,"THEORY","OPC","1","100+100+100+100","M1+MD+M2+E","0+0+0+15","218"
"493",2018,1,4,1,5,"1","R","754","EC440","Electronic Measurement and Instrumentation",3,6,"THEORY","OPC","1","100+100+100+100","M1+MD+M2+E","0+0+0+15","217"
"497",2018,1,4,1,6,"1","R","760","HS440","Corporate Communication",3,12,"THEORY","OPC","1","100+100+100+100","M1+MD+M2+E","0+0+0+15","218"
"505",2018,1,4,1,5,"1","R","772","ME440","Alternative Sources of Energy",3,7,"THEORY","OPC","1","100+100+100+100","M1+MD+M2+E","0+0+0+15","217"
"509",2018,1,4,1,5,"1","R","778","SM440","Human Resource Management",3,12,"THEORY","OPC","1","100+100+100+100","M1+MD+M2+E","0+0+0+15","217"
"512",2018,1,4,1,5,"1","R","782","ME435","Industrial Management",3,7,"THEORY","ESC","1","100+100+100+100","M1+MD+M2+E","0+0+0+15","217"
"514",2018,1,1,1,9,"3","R","785","CE101","Engineering Mechanics",3,3,"THEORY","ESC","1","100+100+100+100","M1+MD+M2+E","0+0+0+17.5","223"
"515",2018,1,1,1,9,"3","R","786","CY101","Chemistry-Theory",3,11,"THEORY","BSC","1","100+100+100+100","M1+MD+M2+E","0+0+0+17.5","223"
"516",2018,1,1,1,9,"3","R","787","EE101","Basic Electrical Engineering",3,5,"THEORY","ESC","1","100+100+100+100","M1+MD+M2+E","0+0+0+17.5","223"
"517",2018,1,1,1,10,"3","R","788","MA101","Mathematics - I",3,11,"THEORY","BSC","1","100+100+100+100","M1+MD+M2+E","0+0+0+17.5","224"
"518",2018,1,1,1,9,"3","R","790","CY102","Chemistry-Lab",2,11,"LAB","BSC","1","100+100+100+100","M1+MD+M2+E","0+0+0+14","223"
"519",2018,1,1,1,9,"3","R","791","ME103","Workshop Practice",2,7,"THEORY","ESC","1","100+100+100+100","M1+MD+M2+E","0+0+0+14","223"
"520",2018,1,1,1,10,"3","R","792","EA101","EAA: Games and Sports",0,12,"OTHER","MDC","1","100+100+100+100","M1+MD+M2+E","0+0+0+30","224"
"521",2018,1,1,1,10,"3","R","793","CS101","Problem Solving and Computer Programming",3,4,"THEORY","ESC","1","100+100+100+100","M1+MD+M2+E","0+0+0+17.5","224"
"522",2018,1,1,1,10,"3","R","795","HS101","English for Technical Communication",3,12,"THEORY","HSC","1","100+100+100+100","M1+MD+M2+E","0+0+0+17.5","224"
"523",2018,1,1,1,10,"3","R","796","PH101","Engineering Physics",3,11,"THEORY","BSC","1","100+100+100+100","M1+MD+M2+E","0+0+0+17.5","224"
"524",2018,1,1,1,10,"3","R","797","BT101","Engineering Biology",2,1,"THEORY","ESC","1","100+100+100+100","M1+MD+M2+E","0+0+0+17.5","224"
"525",2018,1,1,1,10,"3","R","798","CE102","Environmental Science and Engineering",2,3,"THEORY","ESC","1","100+100+100+100","M1+MD+M2+E","0+0+0+17.5","224"
"526",2018,1,1,1,10,"3","R","800","PH102","Physics Lab",2,11,"LAB","BSC","1","100+100+100+100","M1+MD+M2+E","0+0+0+14","224"
"527",2018,1,1,1,9,"3","R","801","MA101","Mathematics - I",3,11,"THEORY","BSC","1","100+100+100+100","M1+MD+M2+E","0+0+0+17.5","223"
"528",2018,1,1,1,9,"3","R","802","EA101","EAA: Games and Sports",0,12,"OTHER","MDC","1","100+100+100+100","M1+MD+M2+E","0+0+0+30","223"
"556",2018,1,3,1,6,"1","R","685","SM335","Engineering Economics and Accountancy",3,12,"THEORY","HSC","1","100+100+100+100","M1+MD+M2+E","0+0+0+15","194"
"572",2018,2,2,2,5,"2","R","835","EE251","Circuit Theory - II",4,5,"THEORY","PCC","1","100+100+100+100","M1+MD+M2+E","0+0+0+17.5","177"
"573",2018,2,2,2,5,"2","R","836","EC285","Digital Electronics",3,6,"THEORY","PCC","1","100+100+100+100","M1+MD+M2+E","0+0+0+17.5","177"
"574",2018,2,2,2,5,"2","R","838","EE253","Power Systems - I",3,5,"THEORY","PCC","1","100+100+100+100","M1+MD+M2+E","0+0+0+17.5","177"
"575",2018,2,2,2,5,"2","R","839","MA251","Mathematics - IV",3,11,"THEORY","BSC","1","100+100+100+100","M1+MD+M2+E","0+0+0+17.5","177"
"576",2018,2,2,2,5,"2","R","840","EC286","IC Application Lab",2,6,"LAB","PCC","1","100+100+100+100","M1+MD+M2+E","0+0+0+14","177"
"577",2018,2,2,2,5,"2","R","841","EE254","Electric Circuits Lab",2,5,"LAB","PCC","1","100+100+100+100","M1+MD+M2+E","0+0+0+14","177"
"578",2018,2,2,2,6,"2","R","843","EC252","Electronic Devices and Circuits - II",4,6,"THEORY","PCC","1","100+100+100+100","M1+MD+M2+E","0+0+0+17.5","178"
"579",2018,2,2,2,6,"2","R","844","EC251","Digital System Design - II",3,6,"THEORY","PCC","1","100+100+100+100","M1+MD+M2+E","0+0+0+17.5","178"
"580",2018,2,2,2,6,"2","R","845","EC253","Probability Theory and Stochastic Processe",3,6,"THEORY","PCC","1","100+100+100+100","M1+MD+M2+E","0+0+0+17.5","178"
"581",2018,2,2,2,6,"2","R","846","EC254","Control Systems Engineering",3,6,"THEORY","PCC","1","100+100+100+100","M1+MD+M2+E","0+0+0+17.5","178"
"582",2018,2,2,2,6,"2","R","848","SM224","Macro Economics and Accountancy",3,12,"THEORY","HSC","1","100+100+100+100","M1+MD+M2+E","0+0+0+17.5","178"
"583",2018,2,2,2,6,"2","R","849","EC256","Electronic Devices and Circuits - II Lab",2,6,"LAB","PCC","1","100+100+100+100","M1+MD+M2+E","0+0+0+14","178"
"584",2018,2,2,2,6,"2","R","850","EC257","Digital System Design Lab",2,6,"LAB","PCC","1","100+100+100+100","M1+MD+M2+E","0+0+0+14","178"
"602",2018,2,3,2,5,"1","R","919","CS390","Object Oriented Programming",3,4,"THEORY","OPC","1","100+100+100+100","M1+MD+M2+E","0+0+0+15","201"
"603",2018,2,3,2,5,"1","R","920","EC391","Micro Processor Systems",3,6,"THEORY","OPC","1","100+100+100+100","M1+MD+M2+E","0+0+0+15","201"
"604",2018,2,3,2,5,"1","R","921","HS390","Soft Skills",3,12,"THEORY","OPC","1","100+100+100+100","M1+MD+M2+E","0+0+0+15","201"
"605",2018,2,3,2,5,"1","R","922","MA390","Numerical Solution of Differential Equations",3,11,"THEORY","OPC","1","100+100+100+100","M1+MD+M2+E","0+0+0+15","201"
"606",2018,2,3,2,5,"1","R","924","SM390","Marketing Mangement",3,12,"THEORY","OPC","1","100+100+100+100","M1+MD+M2+E","0+0+0+15","201"
"607",2018,2,3,2,6,"1","R","932","EC362","CMOS VLSI Design",3,6,"THEORY","DEC","1","100+100+100+100","M1+MD+M2+E","0+0+0+15","202"
"655",2018,2,3,2,5,"1","R","916","EE352","Power Electronics",4,5,"THEORY","PCC","1","100+100+100+100","M1+MD+M2+E","0+0+0+15","201"
"656",2018,2,3,2,5,"1","R","917","EE353","Power System Protection",4,5,"THEORY","PCC","1","100+100+100+100","M1+MD+M2+E","0+0+0+15","201"
"657",2018,2,3,2,5,"1","R","918","EE354","Electrical Machines - III",4,5,"THEORY","PCC","1","100+100+100+100","M1+MD+M2+E","0+0+0+15","201"
"658",2018,2,3,2,5,"1","R","925","EE355","Control Systems Lab",2,5,"LAB","PCC","1","100+100+100+100","M1+MD+M2+E","0+0+0+15","201"
"659",2018,2,3,2,6,"1","R","927","EC353","Microprocessors and Microcontrollers",4,6,"THEORY","PCC","1","100+100+100+100","M1+MD+M2+E","0+0+0+15","202"
"660",2018,2,3,2,6,"1","R","928","EC354","Computer Networks",4,6,"THEORY","PCC","1","100+100+100+100","M1+MD+M2+E","0+0+0+15","202"
"661",2018,2,3,2,6,"1","R","929","CS390","Object Oriented Programming",3,4,"THEORY","OPC","1","100+100+100+100","M1+MD+M2+E","0+0+0+15","202"
"662",2018,2,3,2,6,"1","R","930","EC351","Digital Communications",3,6,"THEORY","PCC","1","100+100+100+100","M1+MD+M2+E","0+0+0+15","202"
"663",2018,2,3,2,6,"1","R","933","EE390","Linear Control Systems",3,5,"THEORY","OPC","1","100+100+100+100","M1+MD+M2+E","0+0+0+15","202"
"664",2018,2,3,2,6,"1","R","935","MA390","Numerical Solution of Differential Equations",3,11,"THEORY","OPC","1","100+100+100+100","M1+MD+M2+E","0+0+0+15","202"
"665",2018,2,3,2,6,"1","R","936","SM390","Marketing Mangement",3,12,"THEORY","OPC","1","100+100+100+100","M1+MD+M2+E","0+0+0+15","202"
"666",2018,2,3,2,6,"1","R","937","EC355","Communication Systems Lab",2,6,"LAB","PCC","1","100+100+100+100","M1+MD+M2+E","0+0+0+12","202"
"685",2018,2,4,2,5,"1","R","988","EE499","Project Work Part - B",4,5,"OTHER","PRC","1","100+100+100+100","M1+MD+M2+E","0+0+0+30","209"
"686",2018,2,4,2,5,"1","R","990","EE465","Power Quality",3,5,"THEORY","DEC","1","100+100+100+100","M1+MD+M2+E","0+0+0+15","209"
"687",2018,2,4,2,5,"1","R","992","EE468","Renewable Energy Systems",3,5,"THEORY","DEC","1","100+100+100+100","M1+MD+M2+E","0+0+0+15","209"
"688",2018,2,4,2,5,"1","R","993","EE469","Smart Electric Grid",3,5,"THEORY","DEC","1","100+100+100+100","M1+MD+M2+E","0+0+0+15","209"
"689",2018,2,4,2,5,"1","R","994","EE451","Power Systems Lab",2,5,"LAB","PCC","1","100+100+100+100","M1+MD+M2+E","0+0+0+15","209"
"690",2018,2,4,2,5,"1","R","995","EE452","Power Electronics and Drives Lab",2,5,"LAB","PCC","1","100+100+100+100","M1+MD+M2+E","0+0+0+15","209"
"692",2018,2,4,2,5,"1","R","989","EE464","Planning and Entrepreneurial Venture",3,5,"THEORY","DEC","1","100+100+100+100","M1+MD+M2+E","0+0+0+15","209"
"695",2018,2,4,2,6,"1","R","997","EC451","Optical Fiber Communication",3,6,"THEORY","PCC","1","100+100+100+100","M1+MD+M2+E","0+0+0+15","210"
"696",2018,2,4,2,6,"1","R","998","EC461","Cellular and Mobile Communications",3,6,"THEORY","DEC","1","100+100+100+100","M1+MD+M2+E","0+0+0+15","210"
"697",2018,2,4,2,6,"1","R","999","EC463","FPGA Design",3,6,"THEORY","DEC","1","100+100+100+100","M1+MD+M2+E","0+0+0+15","210"
"698",2018,2,4,2,6,"1","R","1000","ME435","Industrial management",3,7,"THEORY","ESC","1","100+100+100+100","M1+MD+M2+E","0+0+0+15","210"
"699",2018,2,4,2,6,"1","R","1002","EC491","Seminar",1,6,"OTHER","PCC","1","100+100+100+100","M1+MD+M2+E","0+0+0+30","210"
"707",2018,2,1,2,9,"3","R","1016","CS101","Problem Solving and Computer Programming",3,4,"THEORY","ESC","1","100+100+100+100","M1+MD+M2+E","0+0+0+17.5","225"
"708",2018,2,1,2,9,"3","R","1017","EC101","Basic Electronics Engineering",3,6,"THEORY","ESC","1","100+100+100+100","M1+MD+M2+E","0+0+0+17.5","225"
"709",2018,2,1,2,9,"3","R","1018","HS101","English for Technical Communication",3,12,"THEORY","HSC","1","100+100+100+100","M1+MD+M2+E","0+0+0+17.5","225"
"710",2018,2,1,2,9,"3","R","1019","MA151","Mathematics - II",3,11,"THEORY","BSC","1","100+100+100+100","M1+MD+M2+E","0+0+0+17.5","225"
"711",2018,2,1,2,9,"3","R","1021","BT101","Engineering Biology",2,1,"THEORY","ESC","1","100+100+100+100","M1+MD+M2+E","0+0+0+17.5","225"
"712",2018,2,1,2,9,"3","R","1022","CE102","Environmental Science and Engineering",2,3,"THEORY","ESC","1","100+100+100+100","M1+MD+M2+E","0+0+0+17.5","225"
"713",2018,2,1,2,9,"3","R","1023","CS102","Problem Solving and Computer Programming Lab",2,4,"LAB","ESC","1","100+100+100+100","M1+MD+M2+E","0+0+0+14","225"
"714",2018,2,1,2,9,"3","R","1024","PH102","Physics Lab",2,11,"LAB","BSC","1","100+100+100+100","M1+MD+M2+E","0+0+0+14","225"
"715",2018,2,1,2,10,"3","R","1026","ME102","Engineering Graphics",4,7,"THEORY","ESC","1","100+100+100+100","M1+MD+M2+E","0+0+0+17.5","226"
"716",2018,2,1,2,10,"3","R","1027","CE101","Engineering Mechanics",3,3,"THEORY","ESC","1","100+100+100+100","M1+MD+M2+E","0+0+0+17.5","226"
"717",2018,2,1,2,10,"3","R","1028","CY101","Chemistry-Theory",3,11,"THEORY","BSC","1","100+100+100+100","M1+MD+M2+E","0+0+0+17.5","226"
"718",2018,2,1,2,10,"3","R","1029","EE101","Basic Electrical Engineering",3,5,"THEORY","ESC","1","100+100+100+100","M1+MD+M2+E","0+0+0+17.5","226"
"719",2018,2,1,2,10,"3","R","1031","ME101","Basic Mechanical Engineering",3,7,"THEORY","ESC","1","100+100+100+100","M1+MD+M2+E","0+0+0+17.5","226"
"720",2018,2,1,2,10,"3","R","1032","CY102","Chemistry-Lab",2,11,"LAB","BSC","1","100+100+100+100","M1+MD+M2+E","0+0+0+14","226"
"721",2018,2,1,2,10,"3","R","1033","ME103","Workshop Practice",2,7,"THEORY","ESC","1","100+100+100+100","M1+MD+M2+E","0+0+0+14","226"
"722",2018,2,1,2,10,"3","R","1034","EA151","EAA: Games and Sports",0,12,"OTHER","MDC","1","100+100+100+100","M1+MD+M2+E","0+0+0+35","226"
"731",2015,1,1,1,10,"1","R","3","CS102","Problem Solving and Computer Programming Lab",2,4,"LAB","ESC","1","100+100+100+100","M1+MD+M2+E","0+0+0+15","2"
"732",2015,1,1,1,9,"1","R","16","ME101","Basic Mechanical Engineering",3,7,"THEORY","ESC","1","100+100+100+100","M1+MD+M2+E","0+0+0+15","1"
"733",2015,2,1,2,10,"1","R","29","CY101","Chemistry",4,11,"THEORY","BSC","1","100+100+100+100","M1+MD+M2+E","0+0+0+15","4"
"734",2016,1,1,1,9,"1","R","42","MA101","Mathematics - I",4,11,"THEORY","BSC","1","100+100+100+100","M1+MD+M2+E","0+0+0+15","9"
"735",2016,2,1,2,10,"1","R","69","EE101","Basic Electrical Engineering",3,5,"THEORY","ESC","1","100+100+100+100","M1+MD+M2+E","0+0+0+15","12"
"740",2016,2,2,2,5,"1","R","147","EC291","ICApplications Lab",2,6,"LAB","PCC","1","100+100+100+100","M1+MD+M2+E","0+0+0+15","33"
"741",2016,2,2,2,5,"1","R","149","EE252","Electrical Machines - I",4,5,"THEORY","PCC","1","100+100+100+100","M1+MD+M2+E","0+0+0+15","33"
"742",2016,2,2,2,5,"1","R","150","EE253","Power Systems",4,5,"THEORY","PCC","1","100+100+100+100","M1+MD+M2+E","0+0+0+15","33"
"743",2016,2,2,2,5,"1","R","152","MA251","Mathematics - IV",4,11,"THEORY","BSC","1","100+100+100+100","M1+MD+M2+E","0+0+0+15","33"
"744",2016,1,2,1,6,"1","R","153","EC201","Electronic Devices and Circuits - I",4,6,"THEORY","PCC","1","100+100+100+100","M1+MD+M2+E","0+0+0+15","26"
"745",2016,1,2,1,6,"1","R","154","EC202","Networks and Transmission Lines",3,6,"THEORY","PCC","1","100+100+100+100","M1+MD+M2+E","0+0+0+15","26"
"746",2016,1,2,1,6,"1","R","155","EC203","Digital System Design - I",4,6,"THEORY","PCC","1","100+100+100+100","M1+MD+M2+E","0+0+0+15","26"
"747",2016,1,2,1,6,"1","R","157","EC205","Electronic Devices and Circuits - I Lab",2,6,"LAB","PCC","1","100+100+100+100","M1+MD+M2+E","0+0+0+15","26"
"748",2016,1,2,1,6,"1","R","158","EC206","Electronic Design Automation Lab",2,6,"LAB","PCC","1","100+100+100+100","M1+MD+M2+E","0+0+0+15","26"
"749",2016,1,2,1,6,"1","R","159","EE236","Network Analysis",3,5,"THEORY","ESC","1","100+100+100+100","M1+MD+M2+E","0+0+0+15","26"
"750",2016,2,2,2,6,"1","R","161","CS235","Data structures",3,4,"THEORY","ESC","1","100+100+100+100","M1+MD+M2+E","0+0+0+15","34"
"752",2017,1,1,1,9,"2","R","213","CY101","Chemistry-Theory",3,11,"THEORY","BSC","1","100+100+100+100","M1+MD+M2+E","0+0+0+17.5","66"
"754",2017,2,1,2,10,"2","R","251","CY102","Chemistry Lab",2,11,"LAB","BSC","1","100+100+100+100","M1+MD+M2+E","0+0+0+14","83"
"755",2017,2,1,2,9,"2","R","264","ME101","Basic Mechanical Engineering",3,7,"THEORY","ESC","1","100+100+100+100","M1+MD+M2+E","0+0+0+17.5","84"
"756",2017,1,2,1,5,"1","R","288","EC236","Analog Electronics Lab",2,6,"LAB","ESC","1","100+100+100+100","M1+MD+M2+E","0+0+0+15","71"
"771",2017,2,2,2,5,"1","R","393","EE252","Electrical Machines - I",4,5,"THEORY","PCC","1","100+100+100+100","M1+MD+M2+E","0+0+0+15","97"
"773",2017,1,3,1,6,"1","R","435","EC304","Antennas and Wave propagation",3,6,"THEORY","PCC","1","100+100+100+100","M1+MD+M2+E","0+0+0+15","80"
"786",2017,2,3,2,5,"1","R","509","EE351","Power System Operations and Control",4,5,"THEORY","PCC","1","100+100+100+100","M1+MD+M2+E","0+0+0+15","105"
"790",2018,1,3,1,6,"1","R","665","EC304","Antennas and Wave propagation",3,6,"THEORY","PCC","1","100+100+100+100","M1+MD+M2+E","0+0+0+15","194"
"791",2018,1,3,1,6,"1","R","667","EC306","Pulse Circuits Lab",2,6,"LAB","PCC","1","100+100+100+100","M1+MD+M2+E","0+0+0+15","194"
"797",2018,2,3,2,6,"1","R","934","HS390","Soft Skills",3,12,"THEORY","OPC","1","100+100+100+100","M1+MD+M2+E","0+0+0+15","202"
"877",2019,1,2,1,5,"3","R","1140","EC236","Analog Electronics Lab",2,6,"LAB","PCC","1","100+100+100+100","M1+MD+M2+E","0+0+0+14","492"
"878",2019,1,2,1,5,"3","R","1141","EC235","Analog Electronics",3,6,"THEORY","PCC","1","100+100+100+100","M1+MD+M2+E","0+0+0+17.5","492"
"879",2019,1,2,1,5,"3","R","1142","EE201","Circuit Theory-I",3,5,"THEORY","PCC","1","100+100+100+100","M1+MD+M2+E","0+0+0+17.5","492"
"880",2019,1,2,1,5,"3","R","1143","EE202","Electric & Magnetic Fields",3,5,"THEORY","PCC","1","100+100+100+100","M1+MD+M2+E","0+0+0+17.5","492"
"881",2019,2,2,2,5,"3","R","1145","MA251","Mathematics-IV",3,11,"THEORY","BSC","1","100+100+100+100","M1+MD+M2+E","0+0+0+0","500"
"882",2019,2,2,2,5,"3","R","1146","EC286","IC Application Lab",2,6,"LAB","PCC","1","100+100+100+100","M1+MD+M2+E","0+0+0+0","500"
"883",2019,2,2,2,5,"3","R","1147","EE254","Electrical Circuits Lab",2,5,"LAB","PCC","1","100+100+100+100","M1+MD+M2+E","0+0+0+0","500"
"884",2019,2,2,2,5,"3","R","1148","EE255","Electrical Mesurements and Instrumentation Lab",2,5,"LAB","PCC","1","100+100+100+100","M1+MD+M2+E","0+0+0+0","500"
"885",2019,2,2,2,5,"3","R","1150","EE252","Electrical Machines - I",3,5,"THEORY","PCC","1","100+100+100+100","M1+MD+M2+E","0+0+0+0","500"
"886",2019,2,2,2,5,"3","R","1151","EE253","Power Systems - I",3,5,"THEORY","PCC","1","100+100+100+100","M1+MD+M2+E","0+0+0+0","500"
"887",2019,2,2,2,5,"3","R","1152","EE251","Circuit Theory -II",4,5,"THEORY","PCC","1","100+100+100+100","M1+MD+M2+E","0+0+0+0","500"
"888",2019,1,2,1,6,"3","R","1153","MA213","Complex Variables and Special functions",3,11,"THEORY","BSC","1","100+100+100+100","M1+MD+M2+E","0+0+0+17.5","493"
"889",2019,1,2,1,6,"3","R","1155","EC204","Electronic Devices and Circuits -I Lab",2,6,"LAB","PCC","1","100+100+100+100","M1+MD+M2+E","0+0+0+14","493"
"890",2019,1,2,1,6,"3","R","1156","EC201","Digital System Design - I",3,6,"THEORY","PCC","1","100+100+100+100","M1+MD+M2+E","0+0+0+17.5","493"
"891",2019,1,2,1,6,"3","R","1157","EC202","Signals and Systems",3,6,"THEORY","PCC","1","100+100+100+100","M1+MD+M2+E","0+0+0+17.5","493"
"892",2019,1,2,1,6,"3","R","1158","EE236","Network Analysis",3,5,"THEORY","PCC","1","100+100+100+100","M1+MD+M2+E","0+0+0+17.5","493"
"893",2019,1,2,1,6,"3","R","1160","CS236","Data Structures Lab",2,4,"LAB","ESC","1","100+100+100+100","M1+MD+M2+E","0+0+0+14","493"
"894",2019,2,2,2,6,"3","R","1161","SM224","Macro Economics and Accountancy",3,12,"THEORY","HSC","1","100+100+100+100","M1+MD+M2+E","0+0+0+0","501"
"895",2019,2,2,2,6,"3","R","1162","EC256","Electronic Devices and Circuits - II Lab",2,6,"LAB","PCC","1","100+100+100+100","M1+MD+M2+E","0+0+0+0","501"
"896",2019,2,2,2,6,"3","R","1163","EC257","Digital System Design 
Lab",2,6,"LAB","PCC","1","100+100+100+100","M1+MD+M2+E","0+0+0+0","501"
"897",2019,2,2,2,6,"3","R","1165","EC253","Probability Theory and Stochastic Processes
",3,6,"THEORY","PCC","1","100+100+100+100","M1+MD+M2+E","0+0+0+0","501"
"898",2019,2,2,2,6,"3","R","1166","EC254","Control Systems Engineering",3,6,"THEORY","PCC","1","100+100+100+100","M1+MD+M2+E","0+0+0+0","501"
"899",2019,2,2,2,6,"3","R","1167","EC255","Transmission lines & Electromagnetic Waves",3,6,"THEORY","PCC","1","100+100+100+100","M1+MD+M2+E","0+0+0+0","501"
"900",2019,2,2,2,6,"3","R","1168","EC252","Electronic Devices and Circuits - II
",4,6,"THEORY","PCC","1","100+100+100+100","M1+MD+M2+E","0+0+0+0","501"
"988",2019,1,3,1,5,"2","R","1278","EP349","EPICS",2,12,"OTHER","EPC","1","100+100+100+100","M1+MD+M2+E","0+0+0+35","581"
"989",2019,1,3,1,5,"2","R","1280","EE305","Electrical Machines-I Lab",2,5,"LAB","PCC","1","100+100+100+100","M1+MD+M2+E","0+0+0+14","581"
"990",2019,1,3,1,5,"2","R","1281","EE306","Electrical Simulation  Lab",2,5,"LAB","PCC","1","100+100+100+100","M1+MD+M2+E","0+0+0+14","581"
"991",2019,1,3,1,5,"2","R","1282","EE302","Electrical Machines-II",3,5,"THEORY","PCC","1","100+100+100+100","M1+MD+M2+E","0+0+0+17.5","581"
"992",2019,1,3,1,5,"2","R","1283","EE303","Power Systems-II",3,5,"THEORY","PCC","1","100+100+100+100","M1+MD+M2+E","0+0+0+17.5","581"
"993",2019,1,3,1,5,"2","R","1285","EE301","Control Systems",4,5,"THEORY","PCC","1","100+100+100+100","M1+MD+M2+E","0+0+0+17.5","581"
"994",2019,1,3,1,5,"2","R","1286","EE313","Utilization of Electrical Energy",3,5,"THEORY","DEC","1","100+100+100+100","M1+MD+M2+E","0+0+0+17.5","581"
"995",2019,2,3,2,5,"2","R","1287","EP399","EPICS",2,12,"OTHER","EPC","1","100+100+100+100","M1+MD+M2+E","0+0+0+0","589"
"996",2019,2,3,2,5,"2","R","1288","EE341","Seminar",1,5,"OTHER","PCC","1","100+100+100+100","M1+MD+M2+E","0+0+0+0","589"
"997",2019,2,3,2,5,"2","R","1290","EE353","Power System Protection",3,5,"THEORY","PCC","1","100+100+100+100","M1+MD+M2+E","0+0+0+0","589"
"998",2019,2,3,2,5,"2","R","1291","EE354","Electrical Machines - III",3,5,"THEORY","PCC","1","100+100+100+100","M1+MD+M2+E","0+0+0+0","589"
"999",2019,2,3,2,5,"2","R","1292","EE355","Digital Signal Processing",3,5,"THEORY","PCC","1","100+100+100+100","M1+MD+M2+E","0+0+0+0","589"
"1000",2019,2,3,2,5,"2","R","1293","EE351","Power System Operation and Control",4,5,"THEORY","PCC","1","100+100+100+100","M1+MD+M2+E","0+0+0+0","589"
"1002",2019,2,3,2,6,"2","R","1297","EC357","Communication Systems Lab",2,6,"LAB","PCC","1","100+100+100+100","M1+MD+M2+E","0+0+0+0","590"
"1003",2019,2,3,2,6,"2","R","1298","EC358","Data Networks Lab",2,6,"LAB","PCC","1","100+100+100+100","M1+MD+M2+E","0+0+0+0","590"
"1004",2019,2,3,2,6,"2","R","1299","EC351","Data Networks",3,6,"THEORY","PCC","1","100+100+100+100","M1+MD+M2+E","0+0+0+0","590"
"1005",2019,2,3,2,6,"2","R","1300","EC352","Digital Signal Processing",3,6,"THEORY","PCC","1","100+100+100+100","M1+MD+M2+E","0+0+0+0","590"
"1006",2019,2,3,2,6,"2","R","1302","EC354","Information Theory & Coding",3,6,"THEORY","PCC","1","100+100+100+100","M1+MD+M2+E","0+0+0+0","590"
"1007",2019,2,3,2,6,"2","R","1303","EC3561","Digital Switching & Multiplexing",3,6,"THEORY","DEC","1","100+100+100+100","M1+MD+M2+E","0+0+0+0","590"
"1008",2019,2,3,2,6,"2","R","1304","EC3562","Low Power VLSI ",3,6,"THEORY","DEC","1","100+100+100+100","M1+MD+M2+E","0+0+0+0","590"
"1036",2019,1,3,1,6,"2","R","1339","EC307","Microcontrollers Lab",2,6,"LAB","PCC","1","100+100+100+100","M1+MD+M2+E","0+0+0+14","582"
"1037",2019,1,3,1,6,"2","R","1340","EC308","IC Applications Lab",2,6,"LAB","PCC","1","100+100+100+100","M1+MD+M2+E","0+0+0+14","582"
"1038",2019,1,3,1,6,"2","R","1342","EC302","Analog & Digital Communications",3,6,"THEORY","PCC","1","100+100+100+100","M1+MD+M2+E","0+0+0+17.5","582"
"1039",2019,1,3,1,6,"2","R","1343","EC303","CMOS VLSI Design",3,6,"THEORY","PCC","1","100+100+100+100","M1+MD+M2+E","0+0+0+17.5","582"
"1040",2019,1,3,1,6,"2","R","1344","EC304","Antennas & propagation",3,6,"THEORY","PCC","1","100+100+100+100","M1+MD+M2+E","0+0+0+17.5","582"
"1041",2019,1,3,1,6,"2","R","1345","EC306","Microcontrollers",3,6,"THEORY","PCC","1","100+100+100+100","M1+MD+M2+E","0+0+0+17.5","582"
"1042",2019,1,3,1,6,"2","R","1347","EC305","Computer Architectures",3,6,"THEORY","DEC","1","100+100+100+100","M1+MD+M2+E","0+0+0+17.5","582"
"1065",2019,2,3,2,5,"2","R","1375","BT390","Green Technology",3,1,"THEORY","OPC","1","100+100+100+100","M1+MD+M2+E","0+0+0+0","589"
"1066",2019,2,3,2,5,"2","R","1377","EC390","Communication Systems",3,6,"THEORY","OPC","1","100+100+100+100","M1+MD+M2+E","0+0+0+0","589"
"1067",2019,2,3,2,5,"2","R","1378","HS390","Soft Skills",3,12,"THEORY","OPC","1","100+100+100+100","M1+MD+M2+E","0+0+0+0","589"
"1068",2019,2,3,2,5,"2","R","1379","MA390","Numerical Solution of Differential Equations",3,11,"THEORY","OPC","1","100+100+100+100","M1+MD+M2+E","0+0+0+0","589"
"1069",2019,2,3,2,5,"2","R","1380","ME391","New Venture Creation",3,7,"THEORY","OPC","1","100+100+100+100","M1+MD+M2+E","0+0+0+0","589"
"1070",2019,2,3,2,5,"2","R","1382","SM390","Marketing Management",3,12,"THEORY","OPC","1","100+100+100+100","M1+MD+M2+E","0+0+0+0","589"
"1071",2019,2,3,2,6,"2","R","1383","BT390","Green Technology",3,1,"THEORY","OPC","1","100+100+100+100","M1+MD+M2+E","0+0+0+0","590"
"1072",2019,2,3,2,6,"2","R","1384","CS390","Object Oriented Programming",3,4,"THEORY","OPC","1","100+100+100+100","M1+MD+M2+E","0+0+0+0","590"
"1073",2019,2,3,2,6,"2","R","1385","HS390","Soft Skills",3,12,"THEORY","OPC","1","100+100+100+100","M1+MD+M2+E","0+0+0+0","590"
"1074",2019,2,3,2,6,"2","R","1387","ME391","New Venture Creation",3,7,"THEORY","OPC","1","100+100+100+100","M1+MD+M2+E","0+0+0+0","590"
"1075",2019,2,3,2,6,"2","R","1388","PH391","Advanced Materials",3,11,"THEORY","OPC","1","100+100+100+100","M1+MD+M2+E","0+0+0+0","590"
"1076",2019,2,3,2,6,"2","R","1389","SM390","Marketing Management",3,12,"THEORY","OPC","1","100+100+100+100","M1+MD+M2+E","0+0+0+0","590"
"1093",2019,2,3,2,6,"1","B","1410","EC362","CMOS VLSI Design",3,6,"THEORY","DEC","1","100+100+100+100","M1+MD+M2+E","0+0+0+15","622"
"1136",2019,1,4,1,5,"1","R","1489","EE401","Solid State Drives",4,5,"THEORY","PCC","1","100+100+100+100","M1+MD+M2+E","0+0+0+15","633"
"1137",2019,1,4,1,5,"1","R","1490","EE402","HVDC and FACTS",4,5,"THEORY","PCC","1","100+100+100+100","M1+MD+M2+E","0+0+0+15","633"
"1138",2019,1,4,1,5,"1","R","1491","ME435","Industrial Management",3,7,"THEORY","ESC","1","100+100+100+100","M1+MD+M2+E","0+0+0+15","633"
"1139",2019,1,4,1,5,"1","R","1493","EE449","Project Work Part - A",2,5,"OTHER","PRC","1","100+100+100+100","M1+MD+M2+E","0+0+0+15","633"
"1140",2019,1,4,1,5,"1","R","1494","EE411","AI Techniques in Electrical Engineering",3,5,"THEORY","DEC","1","100+100+100+100","M1+MD+M2+E","0+0+0+15","633"
"1141",2019,2,4,2,5,"1","R","1495","EE451","Power Systems Lab",2,5,"LAB","PCC","1","100+100+100+100","M1+MD+M2+E","0+0+0+15","641"
"1142",2019,2,4,2,5,"1","R","1496","EE452","Power Electronics and Drives Lab",2,5,"LAB","PCC","1","100+100+100+100","M1+MD+M2+E","0+0+0+15","641"
"1143",2019,2,4,2,5,"1","R","1498","EE461","Distribution System Planning and Automation",3,5,"THEORY","DEC","1","100+100+100+100","M1+MD+M2+E","0+0+0+0","641"
"1144",2019,2,4,2,5,"1","R","1499","EE464","Planning an Entrepreneurial Venture",3,5,"THEORY","DEC","1","100+100+100+100","M1+MD+M2+E","0+0+0+0","641"
"1145",2019,2,4,2,5,"1","R","1500","EE465","Power Quality",3,5,"THEORY","DEC","1","100+100+100+100","M1+MD+M2+E","0+0+0+0","641"
"1146",2019,2,4,2,5,"1","R","1501","EE468","Renewable Energy  Systems",3,5,"THEORY","DEC","1","100+100+100+100","M1+MD+M2+E","0+0+0+0","641"
"1147",2019,1,4,1,6,"1","R","1503","EC414","Image Processing",3,6,"THEORY","DEC","1","100+100+100+100","M1+MD+M2+E","0+0+0+15","634"
"1148",2019,1,4,1,6,"1","R","1504","EC417","Satellite Communications",3,6,"THEORY","DEC","1","100+100+100+100","M1+MD+M2+E","0+0+0+15","634"
"1149",2019,1,4,1,6,"1","R","1505","EC420","Low Power VLSI",3,6,"THEORY","DEC","1","100+100+100+100","M1+MD+M2+E","0+0+0+15","634"
"1150",2019,1,4,1,6,"1","R","1506","EC411","Modern Radio Communications",3,6,"THEORY","DEC","1","100+100+100+100","M1+MD+M2+E","0+0+0+15","634"
"1151",2019,1,4,1,6,"1","R","1508","EC401","Electronic Instrumentation",3,6,"THEORY","PCC","1","100+100+100+100","M1+MD+M2+E","0+0+0+15","634"
"1152",2019,1,4,1,6,"1","R","1509","EC402","Microwave Engineering",3,6,"THEORY","PCC","1","100+100+100+100","M1+MD+M2+E","0+0+0+15","634"
"1153",2019,1,4,1,6,"1","R","1510","EC449","Project Work Part - A",2,6,"OTHER","PRC","1","100+100+100+100","M1+MD+M2+E","0+0+0+15","634"
"1154",2019,2,4,2,6,"1","R","1511","ME435","Industrial management",3,7,"THEORY","ESC","1","100+100+100+100","M1+MD+M2+E","0+0+0+15","642"
"1155",2019,2,4,2,6,"1","R","1513","EC491","Seminar",1,6,"OTHER","PCC","1","100+100+100+100","M1+MD+M2+E","0+0+0+30","642"
"1156",2019,2,4,2,6,"1","R","1514","EC451","Optical Fiber Communication",3,6,"THEORY","PCC","1","100+100+100+100","M1+MD+M2+E","0+0+0+15","642"
"1157",2019,2,4,2,6,"1","R","1515","EC499","Project Work Part - B",4,6,"OTHER","PRC","1","100+100+100+100","M1+MD+M2+E","0+0+0+30","642"
"1158",2019,2,4,2,6,"1","R","1516","EC461","Cellular and Mobile Communications",3,6,"THEORY","DEC","1","100+100+100+100","M1+MD+M2+E","0+0+0+0","642"
"1159",2019,2,4,2,6,"1","R","1518","EC465","Advanced Digital Signal Processing",3,6,"THEORY","DEC","1","100+100+100+100","M1+MD+M2+E","0+0+0+0","642"
"1160",2019,2,4,2,6,"1","R","1519","EC466","PC Based Instrumentation",3,6,"THEORY","DEC","1","100+100+100+100","M1+MD+M2+E","0+0+0+0","642"
"1203",2019,1,4,1,5,"1","R","1574","CS440","Management Information Systems",3,4,"THEORY","OPC","1","100+100+100+100","M1+MD+M2+E","0+0+0+15","633"
"1204",2019,1,4,1,5,"1","R","1575","EC440","Electronic Measurement and Instrumentation",3,6,"THEORY","OPC","1","100+100+100+100","M1+MD+M2+E","0+0+0+15","633"
"1205",2019,1,4,1,5,"1","R","1576","HS440","Corporate Communication",3,12,"THEORY","OPC","1","100+100+100+100","M1+MD+M2+E","0+0+0+15","633"
"1206",2019,1,4,1,5,"1","R","1577","MA440","Optimization Techniques",3,11,"THEORY","OPC","1","100+100+100+100","M1+MD+M2+E","0+0+0+15","633"
"1207",2019,1,4,1,5,"1","R","1579","SM440","Human Resource Management",3,12,"THEORY","OPC","1","100+100+100+100","M1+MD+M2+E","0+0+0+15","633"
"1208",2019,1,4,1,5,"1","R","1580","PH440","Nanomaterials and Technology",3,11,"THEORY","OPC","1","100+100+100+100","M1+MD+M2+E","0+0+0+15","633"
"1209",2019,1,4,1,6,"1","R","1581","HS440","Corporate Communication",3,12,"THEORY","OPC","1","100+100+100+100","M1+MD+M2+E","0+0+0+15","634"
"1210",2019,1,4,1,6,"1","R","1582","MA440","Optimization Techniques",3,11,"THEORY","OPC","1","100+100+100+100","M1+MD+M2+E","0+0+0+15","634"
"1211",2019,1,4,1,6,"1","R","1584","SM440","Human Resource Management",3,12,"THEORY","OPC","1","100+100+100+100","M1+MD+M2+E","0+0+0+15","634"
"1212",2019,1,4,1,6,"1","R","1585","CS440","Management Information Systems",3,4,"THEORY","OPC","1","100+100+100+100","M1+MD+M2+E","0+0+0+15","634"
"1213",2019,1,4,1,6,"1","R","1586","PH440","Nanomaterials and Technology",3,11,"THEORY","OPC","1","100+100+100+100","M1+MD+M2+E","0+0+0+15","634"
"1214",2019,1,4,1,6,"1","R","1587","EE440","New Venture Creation",3,5,"THEORY","OPC","1","100+100+100+100","M1+MD+M2+E","0+0+0+15","634"
"1372",2020,1,3,1,5,"3","R","1786","SM312","Engineering Economics & Accountancy",3,12,"THEORY","HSC","1","100+100+100+100","M1+MD+M2+E","0+0+0+17.5","670"
"1373",2020,1,3,1,5,"3","R","1787","EE302","Electrical Machines-II",3,5,"THEORY","PCC","1","100+100+100+100","M1+MD+M2+E","0+0+0+17.5","670"
"1374",2020,1,3,1,5,"3","R","1788","EE303","Power Systems-II",3,5,"THEORY","PCC","1","100+100+100+100","M1+MD+M2+E","0+0+0+17.5","670"
"1375",2020,1,3,1,5,"3","R","1789","EE304","Micro Processors & Microcontrollers",3,5,"THEORY","PCC","1","100+100+100+100","M1+MD+M2+E","0+0+0+17.5","670"
"1376",2021,1,4,1,5,"3","R","2553","CH440","Data driven Modelling",3,2,"THEORY","OPC","1","100+100+100+100","M1+MD+M2+E","0+0+0+17.5","763"
"1377",2020,1,3,1,5,"3","R","1793","EE313","Utilization of Electrical Energy",3,5,"THEORY","DEC","1","100+100+100+100","M1+MD+M2+E","0+0+0+17.5","670"
"1378",2020,2,3,2,5,"3","R","1794","EP399","EPICS ",2,12,"OTHER","EPC","1","100+100+100+100","M1+MD+M2+E","0+0+0+35","678"
"1379",2020,2,3,2,5,"3","R","1795","EE306","Electrical Simulation  Lab",2,5,"LAB","PCC","1","100+100+100+100","M1+MD+M2+E","0+0+0+14","678"
"1380",2020,2,3,2,5,"3","R","1796","EE356","Control Systems Lab",2,5,"LAB","PCC","1","100+100+100+100","M1+MD+M2+E","0+0+0+14","678"
"1381",2020,2,3,2,5,"3","R","1798","EE305","Electrical Machines-I Lab",2,5,"LAB","PCC","1","100+100+100+100","M1+MD+M2+E","0+0+0+14","678"
"1382",2020,2,3,2,5,"3","R","1799","EE341","Seminar",1,5,"OTHER","PCC","1","100+100+100+100","M1+MD+M2+E","0+0+0+35","678"
"1383",2020,2,3,2,5,"3","R","1800","EE353","Power System Protection ",3,5,"THEORY","PCC","1","100+100+100+100","M1+MD+M2+E","0+0+0+17.5","678"
"1384",2020,2,3,2,5,"3","R","1801","EE354","Electrical Machines-III ",3,5,"THEORY","PCC","1","100+100+100+100","M1+MD+M2+E","0+0+0+17.5","678"
"1385",2020,2,3,2,5,"3","R","1803","EE351","Power System Operation & Control",4,5,"THEORY","PCC","1","100+100+100+100","M1+MD+M2+E","0+0+0+17.5","678"
"1386",2020,1,3,1,6,"3","R","1804","EP349","EPICS",2,12,"OTHER","EPC","1","100+100+100+100","M1+MD+M2+E","0+0+0+35","671"
"1387",2020,1,3,1,6,"3","R","1805","EC301","Linear IC applications",3,6,"THEORY","PCC","1","100+100+100+100","M1+MD+M2+E","0+0+0+17.5","671"
"1388",2020,1,3,1,6,"3","R","1806","EC302","Analog & Digital Communications",3,6,"THEORY","PCC","1","100+100+100+100","M1+MD+M2+E","0+0+0+17.5","671"
"1389",2020,1,3,1,6,"3","R","1808","EC304","Antennas & propagation",3,6,"THEORY","PCC","1","100+100+100+100","M1+MD+M2+E","0+0+0+17.5","671"
"1390",2020,1,3,1,6,"3","R","1809","EC306","Microcontrollers",3,6,"THEORY","PCC","1","100+100+100+100","M1+MD+M2+E","0+0+0+17.5","671"
"1391",2020,1,3,1,6,"3","R","1810","EC351","Data Networks",3,6,"THEORY","PCC","1","100+100+100+100","M1+MD+M2+E","0+0+0+17.5","671"
"1392",2020,1,3,1,6,"3","R","1811","EC3051","Optimization Techniques",3,6,"THEORY","DEC","1","100+100+100+100","M1+MD+M2+E","0+0+0+17.5","671"
"1393",2020,2,3,2,6,"3","R","1813","EC307","Microcontrollers Lab",2,6,"LAB","PCC","1","100+100+100+100","M1+MD+M2+E","0+0+0+14","679"
"1394",2020,2,3,2,6,"3","R","1814","EC308","IC Applications Lab",2,6,"LAB","PCC","1","100+100+100+100","M1+MD+M2+E","0+0+0+14","679"
"1395",2020,2,3,2,6,"3","R","1815","EC357","Communication Systems Lab",2,6,"LAB","PCC","1","100+100+100+100","M1+MD+M2+E","0+0+0+14","679"
"1396",2020,2,3,2,6,"3","R","1816","EC358","Data Networks Lab",2,6,"LAB","PCC","1","100+100+100+100","M1+MD+M2+E","0+0+0+14","679"
"1397",2020,2,3,2,6,"3","R","1818","EC354","Information Theory & Coding",3,6,"THEORY","PCC","1","100+100+100+100","M1+MD+M2+E","0+0+0+17.5","679"
"1398",2020,2,3,2,6,"3","R","1819","EC352","Digital Signal Processing",3,6,"THEORY","PCC","1","100+100+100+100","M1+MD+M2+E","0+0+0+17.5","679"
"1399",2020,2,3,2,6,"3","R","1820","EC3562","Low Power VLSI",3,6,"THEORY","DEC","1","100+100+100+100","M1+MD+M2+E","0+0+0+17.5","679"
"1400",2020,2,3,2,6,"3","R","1821","EP399","EPICS ",2,12,"OTHER","EPC","1","100+100+100+100","M1+MD+M2+E","0+0+0+35","679"
"1452",2020,1,4,1,5,"2","R","1888","SM401","Industrial Management ",3,12,"THEORY","ESC","1","100+100+100+100","M1+MD+M2+E","0+0+0+17.5","686"
"1453",2020,1,4,1,5,"2","R","1890","EE402","HVDC & FACTS ",3,5,"THEORY","PCC","1","100+100+100+100","M1+MD+M2+E","0+0+0+17.5","686"
"1454",2020,1,4,1,5,"2","R","1891","EE449","Project Work -A",2,5,"OTHER","PRC","1","100+100+100+100","M1+MD+M2+E","0+0+0+17.5","686"
"1455",2020,1,4,1,5,"2","R","1892","EE5214","Smart Grid Technologies",3,5,"THEORY","DEC","1","100+100+100+100","M1+MD+M2+E","0+0+0+17.5","686"
"1456",2020,1,4,1,5,"2","R","1893","EE5163","Power Quality Improvement Techniques",3,5,"THEORY","DEC","1","100+100+100+100","M1+MD+M2+E","0+0+0+17.5","686"
"1457",2020,2,4,2,5,"2","R","1895","EE404","Embedded Systems Lab ",2,5,"LAB","PCC","1","100+100+100+100","M1+MD+M2+E","0+0+0+14","694"
"1458",2020,2,4,2,5,"2","R","1896","EE405","Power Systems Lab ",2,5,"LAB","PCC","1","100+100+100+100","M1+MD+M2+E","0+0+0+14","694"
"1459",2020,2,4,2,5,"2","R","1897","EE499","Project Work – Part B",4,5,"OTHER","PRC","1","100+100+100+100","M1+MD+M2+E","0+0+0+35","694"
"1460",2020,2,4,2,5,"2","R","1898","EE5164","Electric Vehicles ",3,5,"THEORY","DEC","1","100+100+100+100","M1+MD+M2+E","0+0+0+17.5","694"
"1461",2020,2,4,2,5,"2","R","1900","EE464","Planning an Entrepreneurial Venture",3,5,"THEORY","DEC","1","100+100+100+100","M1+MD+M2+E","0+0+0+17.5","694"
"1462",2020,1,4,1,6,"2","R","1901","EC401","Electronic Instrumentation ",3,6,"THEORY","PCC","1","100+100+100+100","M1+MD+M2+E","0+0+0+17.5","687"
"1463",2020,1,4,1,6,"2","R","1902","EC402","Cellular & Mobile Communication ",3,6,"THEORY","PCC","1","100+100+100+100","M1+MD+M2+E","0+0+0+17.5","687"
"1464",2020,1,4,1,6,"2","R","1903","EC403","Advanced Digital Signal processing ",3,6,"THEORY","PCC","1","100+100+100+100","M1+MD+M2+E","0+0+0+17.5","687"
"1465",2020,1,4,1,6,"2","R","1905","EC449","Project Work - Part A ",2,6,"OTHER","PRC","1","100+100+100+100","M1+MD+M2+E","0+0+0+17.5","687"
"1466",2020,1,4,1,6,"2","R","1906","EC4044","Digital Image Processing",3,6,"THEORY","DEC","1","100+100+100+100","M1+MD+M2+E","0+0+0+17.5","687"
"1467",2020,1,4,1,6,"2","R","1907","EC4041","Fuzzy and Neuralnetworks",3,6,"THEORY","DEC","1","100+100+100+100","M1+MD+M2+E","0+0+0+17.5","687"
"1468",2020,2,4,2,6,"2","R","1908","EC4531","Radar Engineering",3,6,"THEORY","DEC","1","100+100+100+100","M1+MD+M2+E","0+0+0+17.5","695"
"1469",2020,2,4,2,6,"2","R","1910","SM453","Industrial and Systems Management",3,12,"THEORY","HSC","1","100+100+100+100","M1+MD+M2+E","0+0+0+17.5","695"
"1470",2020,2,4,2,6,"2","R","1911","EC499","Project Work – Part B",4,6,"OTHER","PRC","1","100+100+100+100","M1+MD+M2+E","0+0+0+14","695"
"1471",2020,2,4,2,6,"2","R","1912","EC407","DSP & Instrumentation Lab ",2,6,"LAB","PCC","1","100+100+100+100","M1+MD+M2+E","0+0+0+14","695"
"1472",2020,2,4,2,6,"2","R","1913","EC455","Microwave & Light wave Technologies Lab",2,6,"LAB","PCC","1","100+100+100+100","M1+MD+M2+E","0+0+0+14","695"
"1501",2021,1,4,1,5,"3","R","2558","PH440","Nanomaterials and Technology",3,11,"THEORY","OPC","1","100+100+100+100","M1+MD+M2+E","0+0+0+17.5","763"
"1550",2020,2,4,2,5,"2","R","2012","NOC20-CS08","Programming in Java",0,5,"OTHER","MDC","1","100+100+100+100","M1+MD+M2+E","0+0+0+35","694"
"1551",2020,2,4,2,5,"2","R","2013","CE21-EE01","Solar Energy Basic",0,5,"OTHER","MDC","1","100+100+100+100","M1+MD+M2+E","0+0+0+35","694"
"1552",2020,2,4,2,5,"2","R","2014","NOC20-CE12","Electronic Waste Management- Issues and Challenges",0,5,"OTHER","MDC","1","100+100+100+100","M1+MD+M2+E","0+0+0+35","694"
"1553",2020,2,4,2,5,"2","R","2015","NOC20-CE13","Plastic Waste Management",0,5,"OTHER","MDC","1","100+100+100+100","M1+MD+M2+E","0+0+0+35","694"
"1554",2020,2,4,2,5,"2","R","2017","NOC20-CS17","Introduction to Soft Computing ",0,5,"OTHER","MDC","1","100+100+100+100","M1+MD+M2+E","0+0+0+35","694"
"1555",2020,2,4,2,5,"2","R","2018","NOC20-EE28","Advance Power Electronics and Control",0,5,"OTHER","MDC","1","100+100+100+100","M1+MD+M2+E","0+0+0+35","694"
"1556",2020,2,4,2,5,"2","R","2019","NOC20-CS28","Data Science for Engineers",0,5,"OTHER","MDC","1","100+100+100+100","M1+MD+M2+E","0+0+0+35","694"
"1557",2020,2,4,2,5,"2","R","2020","NOC20-CS53","An Introduction to Programming through C++",0,5,"OTHER","MDC","1","100+100+100+100","M1+MD+M2+E","0+0+0+35","694"
"1558",2020,2,4,2,5,"2","R","2022","NOC20-CS29","Introduction to Machine Learning",0,5,"OTHER","MDC","1","100+100+100+100","M1+MD+M2+E","0+0+0+35","694"
"1559",2020,2,4,2,5,"2","R","2023","NOC20-CS36","Python for Data Science",0,5,"OTHER","MDC","1","100+100+100+100","M1+MD+M2+E","0+0+0+35","694"
"1560",2020,2,4,2,5,"2","R","2024","NOC20-CS83","The Joy of Computing Using Python",0,5,"OTHER","MDC","1","100+100+100+100","M1+MD+M2+E","0+0+0+35","694"
"1561",2020,2,4,2,5,"2","R","2025","NOC20-EE03","Fuzzy Sets , Logic and Systems & Applications",0,5,"OTHER","MDC","1","100+100+100+100","M1+MD+M2+E","0+0+0+35","694"
"1562",2020,2,4,2,5,"2","R","2027","NOC20-EE15","Principles of Signals and Systems",0,5,"OTHER","MDC","1","100+100+100+100","M1+MD+M2+E","0+0+0+35","694"
"1563",2020,2,4,2,5,"2","R","2028","NOC20-EE18","Electric Vehicles -Part 1",0,5,"OTHER","MDC","1","100+100+100+100","M1+MD+M2+E","0+0+0+35","694"
"1564",2020,2,4,2,5,"2","R","2029","NOC20-EE20","Integrated Circuits ,Mosfets,Op-Amps and Their Applications",0,5,"OTHER","MDC","1","100+100+100+100","M1+MD+M2+E","0+0+0+35","694"
"1565",2020,2,4,2,5,"2","R","2030","NOC20-EE46","Network Analysis",0,5,"OTHER","MDC","1","100+100+100+100","M1+MD+M2+E","0+0+0+35","694"
"1566",2020,2,4,2,5,"2","R","2032","NOC20-EE84","DC Microgrid and Control System",0,5,"OTHER","MDC","1","100+100+100+100","M1+MD+M2+E","0+0+0+35","694"
"1567",2020,2,4,2,5,"2","R","2033","NOC20-EE97","Power Electronics",0,5,"OTHER","MDC","1","100+100+100+100","M1+MD+M2+E","0+0+0+35","694"
"1568",2020,2,4,2,5,"2","R","2034","NOC20-GE08","Entrepreneurship Essentials",0,5,"OTHER","MDC","1","100+100+100+100","M1+MD+M2+E","0+0+0+35","694"
"1569",2020,2,4,2,5,"2","R","2035","NOC20-HS06","Effective Writing",0,5,"OTHER","MDC","1","100+100+100+100","M1+MD+M2+E","0+0+0+35","694"
"1570",2020,2,4,2,5,"2","R","2037","NOC20-HS16","Soft Skill Development ",0,5,"OTHER","MDC","1","100+100+100+100","M1+MD+M2+E","0+0+0+35","694"
"1571",2020,2,4,2,5,"2","R","2038","NOC20-MG13","Sales and Distribution Management",0,5,"OTHER","MDC","1","100+100+100+100","M1+MD+M2+E","0+0+0+35","694"
"1572",2020,2,4,2,5,"2","R","2039","NOC21-CE03","Electronic Waste Management- Issues and Challenges",0,5,"OTHER","MDC","1","100+100+100+100","M1+MD+M2+E","0+0+0+35","694"
"1573",2020,2,4,2,5,"2","R","2040","NOC21-CS22","Design and Analysis of Algorithms",0,5,"OTHER","MDC","1","100+100+100+100","M1+MD+M2+E","0+0+0+35","694"
"1574",2020,2,4,2,5,"2","R","2042","NOC21-EE06","Image and Video Processing",0,5,"OTHER","MDC","1","100+100+100+100","M1+MD+M2+E","0+0+0+35","694"
"1575",2020,2,4,2,5,"2","R","2043","NOC21-EE26","A Brief Introduction to Microsensors",0,5,"OTHER","MDC","1","100+100+100+100","M1+MD+M2+E","0+0+0+35","694"
"1576",2020,2,4,2,5,"2","R","2044","NOC21-EE33","Introduction to Embedded system design",0,5,"OTHER","MDC","1","100+100+100+100","M1+MD+M2+E","0+0+0+35","694"
"1577",2020,2,4,2,5,"2","R","2045","NOC21-MG20","Consumer Behaviour",0,5,"OTHER","MDC","1","100+100+100+100","M1+MD+M2+E","0+0+0+35","694"
"1578",2020,2,4,2,5,"2","R","2047","NOC20-HS71","Body Language:Key to Professional Success",0,5,"OTHER","MDC","1","100+100+100+100","M1+MD+M2+E","0+0+0+35","694"
"1579",2020,2,4,2,5,"2","R","2048","NOC21-CS03","Programming in Java",0,5,"OTHER","MDC","1","100+100+100+100","M1+MD+M2+E","0+0+0+35","694"
"1580",2020,2,4,2,6,"2","R","2049","NOC20-CS20","Cloud Computing",0,6,"OTHER","MDC","1","100+100+100+100","M1+MD+M2+E","0+0+0+35","695"
"1581",2020,2,4,2,6,"2","R","2050","CE20-CS22","Introduction to The Internet of Things and Embedded Systems",0,6,"OTHER","MDC","1","100+100+100+100","M1+MD+M2+E","0+0+0+35","695"
"1582",2020,2,4,2,6,"2","R","2052","CE20-CS46","Neural Networks and Deep Learning",0,6,"OTHER","MDC","1","100+100+100+100","M1+MD+M2+E","0+0+0+35","695"
"1583",2020,2,4,2,6,"2","R","2053","CE20-CS47","Object Oriented Programming with Java",0,6,"OTHER","MDC","1","100+100+100+100","M1+MD+M2+E","0+0+0+35","695"
"1584",2020,2,4,2,6,"2","R","2054","CE20-EC01","Wireless Communications For Everybody",0,6,"OTHER","MDC","1","100+100+100+100","M1+MD+M2+E","0+0+0+35","695"
"1585",2020,2,4,2,6,"2","R","2055","CE20-ME02","Wind Energy",0,6,"OTHER","MDC","1","100+100+100+100","M1+MD+M2+E","0+0+0+35","695"
"1586",2020,2,4,2,6,"2","R","2057","NOC20-CS08","Programming in Java",0,6,"OTHER","MDC","1","100+100+100+100","M1+MD+M2+E","0+0+0+35","695"
"1587",2020,2,4,2,6,"2","R","2058","NOC20-CS09","Data Base Management System",0,6,"OTHER","MDC","1","100+100+100+100","M1+MD+M2+E","0+0+0+35","695"
"1588",2020,2,4,2,6,"2","R","2059","NOC20-CS12","Data Mining",0,6,"OTHER","MDC","1","100+100+100+100","M1+MD+M2+E","0+0+0+35","695"
"1589",2020,2,4,2,6,"2","R","2060","NOC20-CS15","Embedded System Design with Arm",0,6,"OTHER","MDC","1","100+100+100+100","M1+MD+M2+E","0+0+0+35","695"
"1590",2020,2,4,2,6,"2","R","2062","NOC20-CS18","VLSI Physical Design",0,6,"OTHER","MDC","1","100+100+100+100","M1+MD+M2+E","0+0+0+35","695"
"1591",2020,2,4,2,6,"2","R","2063","NOC20-CS19","Software Testing",0,6,"OTHER","MDC","1","100+100+100+100","M1+MD+M2+E","0+0+0+35","695"
"1592",2020,2,4,2,6,"2","R","2064","CE19-CS45","Tools For Data Science",0,6,"OTHER","MDC","1","100+100+100+100","M1+MD+M2+E","0+0+0+35","695"
"1593",2020,2,4,2,6,"2","R","2065","NOC20-EE29","CMOS Digital VLSI Design",0,6,"OTHER","MDC","1","100+100+100+100","M1+MD+M2+E","0+0+0+35","695"
"1594",2020,2,4,2,6,"2","R","2067","CE21-MA11","Matrix Algebra for Engineers",0,6,"OTHER","MDC","1","100+100+100+100","M1+MD+M2+E","0+0+0+35","695"
"1595",2020,2,4,2,6,"2","R","2068","MS-ME451","VLSI Design Methodologies",0,6,"OTHER","MDC","1","100+100+100+100","M1+MD+M2+E","0+0+0+35","695"
"1596",2020,2,4,2,6,"2","R","2069","NOC20-CS22","Introduction to Internet of Things",0,6,"OTHER","MDC","1","100+100+100+100","M1+MD+M2+E","0+0+0+35","695"
"1597",2020,2,4,2,6,"2","R","2070","NOC20-CS35","The Joy of Computing Using Python",0,6,"OTHER","MDC","1","100+100+100+100","M1+MD+M2+E","0+0+0+35","695"
"1598",2020,2,4,2,6,"2","R","2072","NOC20-CS46","Data Analytics with Python",0,6,"OTHER","MDC","1","100+100+100+100","M1+MD+M2+E","0+0+0+35","695"
"1599",2020,2,4,2,6,"2","R","2073","NOC20-CS55","Google Cloud Computing Foundation Course",0,6,"OTHER","MDC","1","100+100+100+100","M1+MD+M2+E","0+0+0+35","695"
"1600",2020,2,4,2,6,"2","R","2074","NOC20-EE15","Principles of Signals and Systems",0,6,"OTHER","MDC","1","100+100+100+100","M1+MD+M2+E","0+0+0+35","695"
"1601",2020,2,4,2,6,"2","R","2075","NOC20-EE31","Discrete Time Signal Processing",0,6,"OTHER","MDC","1","100+100+100+100","M1+MD+M2+E","0+0+0+35","695"
"1602",2020,2,4,2,6,"2","R","2077","NOC20-GE05","Matlab Programming for Numarical Computation",0,6,"OTHER","MDC","1","100+100+100+100","M1+MD+M2+E","0+0+0+35","695"
"1603",2020,2,4,2,6,"2","R","2078","NOC20-HS06","Effective Writing",0,6,"OTHER","MDC","1","100+100+100+100","M1+MD+M2+E","0+0+0+35","695"
"1604",2020,2,4,2,6,"2","R","2079","NOC20-HS13","Emotional Intelligence",0,6,"OTHER","MDC","1","100+100+100+100","M1+MD+M2+E","0+0+0+35","695"
"1605",2020,2,4,2,6,"2","R","2080","NOC20-HS16","Soft Skill Development",0,6,"OTHER","MDC","1","100+100+100+100","M1+MD+M2+E","0+0+0+35","695"
"1606",2020,2,4,2,6,"2","R","2082","NOC20-HS43","Developing Soft Skills and Personality",0,6,"OTHER","MDC","1","100+100+100+100","M1+MD+M2+E","0+0+0+35","695"
"1607",2020,2,4,2,6,"2","R","2083","NOC20-HS54","Patent Drafting for Beginners",0,6,"OTHER","MDC","1","100+100+100+100","M1+MD+M2+E","0+0+0+35","695"
"1608",2020,2,4,2,6,"2","R","2084","NOC20-MG25","Global Marketing Management",0,6,"OTHER","MDC","1","100+100+100+100","M1+MD+M2+E","0+0+0+35","695"
"1609",2020,2,4,2,6,"2","R","2085","NOC20-PH13","Optical Sensors",0,6,"OTHER","MDC","1","100+100+100+100","M1+MD+M2+E","0+0+0+35","695"
"1610",2020,2,4,2,6,"2","R","2087","NOC20-CS26","Programming, Data Structures and Algorithms using Python",0,6,"OTHER","MDC","1","100+100+100+100","M1+MD+M2+E","0+0+0+35","695"
"1626",2021,1,4,1,6,"3","R","2563","HS440","Corporate Communication",3,12,"THEORY","OPC","1","100+100+100+100","M1+MD+M2+E","0+0+0+17.5","764"
"1659",2020,2,3,2,5,"3","R","2149","CH392","Industrial Pollution Control",3,2,"THEORY","OPC","1","100+100+100+100","M1+MD+M2+E","0+0+0+17.5","678"
"1660",2020,2,3,2,5,"3","R","2150","CS390","Object Oriented Programming",3,4,"THEORY","OPC","1","100+100+100+100","M1+MD+M2+E","0+0+0+17.5","678"
"1661",2020,2,3,2,5,"3","R","2151","ME391","New Venture Creation",3,7,"THEORY","OPC","1","100+100+100+100","M1+MD+M2+E","0+0+0+17.5","678"
"1662",2020,2,3,2,5,"3","R","2152","HS390","Soft Skills",3,12,"THEORY","OPC","1","100+100+100+100","M1+MD+M2+E","0+0+0+17.5","678"
"1663",2020,2,3,2,5,"3","R","2154","PH391","Advanced Materials",3,11,"THEORY","OPC","1","100+100+100+100","M1+MD+M2+E","0+0+0+17.5","678"
"1664",2020,2,3,2,5,"3","R","2155","EC390","Communication Systems",3,6,"THEORY","OPC","1","100+100+100+100","M1+MD+M2+E","0+0+0+17.5","678"
"1665",2020,2,3,2,5,"3","R","2156","BT390","Green Technology",3,1,"THEORY","OPC","1","100+100+100+100","M1+MD+M2+E","0+0+0+17.5","678"
"1666",2020,2,3,2,5,"3","R","2157","MA390","Numerical Solution of Differential Equations",3,11,"THEORY","OPC","1","100+100+100+100","M1+MD+M2+E","0+0+0+17.5","678"
"1667",2020,2,3,2,6,"3","R","2159","CH392","Industrial Pollution Control",3,2,"THEORY","OPC","1","100+100+100+100","M1+MD+M2+E","0+0+0+17.5","679"
"1668",2020,2,3,2,6,"3","R","2160","CS390","Object Oriented Programming",3,4,"THEORY","OPC","1","100+100+100+100","M1+MD+M2+E","0+0+0+17.5","679"
"1669",2020,2,3,2,6,"3","R","2161","ME391","New Venture Creation",3,7,"THEORY","OPC","1","100+100+100+100","M1+MD+M2+E","0+0+0+17.5","679"
"1670",2020,2,3,2,6,"3","R","2162","HS390","Soft Skills",3,12,"THEORY","OPC","1","100+100+100+100","M1+MD+M2+E","0+0+0+17.5","679"
"1671",2020,2,3,2,6,"3","R","2164","MA390","Numerical Solution of Differential Equations",3,11,"THEORY","OPC","1","100+100+100+100","M1+MD+M2+E","0+0+0+17.5","679"
"1672",2020,2,3,2,6,"3","R","2165","SM390","Marketing Management",3,12,"THEORY","OPC","1","100+100+100+100","M1+MD+M2+E","0+0+0+17.5","679"
"1708",2020,1,4,1,5,"2","R","2210","MA440","Optimization Techniques",3,11,"THEORY","OPC","1","100+100+100+100","M1+MD+M2+E","0+0+0+17.5","686"
"1709",2020,1,4,1,5,"2","R","2211","HS440","Corporate Communication",3,12,"THEORY","OPC","1","100+100+100+100","M1+MD+M2+E","0+0+0+17.5","686"
"1710",2020,1,4,1,5,"2","R","2212","CE440","Building Technology",3,3,"THEORY","OPC","1","100+100+100+100","M1+MD+M2+E","0+0+0+17.5","686"
"1711",2020,1,4,1,5,"2","R","2214","SM440","Human Resource Management",3,12,"THEORY","OPC","1","100+100+100+100","M1+MD+M2+E","0+0+0+17.5","686"
"1712",2020,1,4,1,5,"2","R","2215","MM440","Metallurgy for Non-Metallurgists",3,8,"THEORY","OPC","1","100+100+100+100","M1+MD+M2+E","0+0+0+17.5","686"
"1713",2020,1,4,1,5,"2","R","2216","CS440","Management Information Systems",3,4,"THEORY","OPC","1","100+100+100+100","M1+MD+M2+E","0+0+0+17.5","686"
"1714",2020,1,4,1,6,"2","R","2217","MA440","Optimization Techniques",3,11,"THEORY","OPC","1","100+100+100+100","M1+MD+M2+E","0+0+0+17.5","687"
"1715",2020,1,4,1,6,"2","R","2219","CS440","Management Information Systems",3,4,"THEORY","OPC","1","100+100+100+100","M1+MD+M2+E","0+0+0+17.5","687"
"1716",2020,1,4,1,6,"2","R","2220","EE440","New Venture Creation",3,5,"THEORY","OPC","1","100+100+100+100","M1+MD+M2+E","0+0+0+17.5","687"
"1717",2020,1,4,1,6,"2","R","2221","MM440","Metallurgy for Non-Metallurgists",3,8,"THEORY","OPC","1","100+100+100+100","M1+MD+M2+E","0+0+0+17.5","687"
"1718",2020,1,4,1,6,"2","R","2222","PH440","Nanomaterials and Technology",3,11,"THEORY","OPC","1","100+100+100+100","M1+MD+M2+E","0+0+0+17.5","687"
"1719",2020,1,4,1,6,"2","R","2224","HS440","Corporate Communication",3,12,"THEORY","OPC","1","100+100+100+100","M1+MD+M2+E","0+0+0+17.5","687"
"1832",2021,1,4,1,5,"3","R","2371","EE403","Power Electronics Lab",2,5,"LAB","PCC","1","100+100+100+100","M1+MD+M2+E","0+0+0+14","763"
"1833",2021,1,4,1,5,"3","R","2372","EE404","Embedded Systems Lab",2,5,"LAB","PCC","1","100+100+100+100","M1+MD+M2+E","0+0+0+14","763"
"1834",2021,1,4,1,5,"3","R","2373","EE405","Power Systems Lab",2,5,"LAB","PCC","1","100+100+100+100","M1+MD+M2+E","0+0+0+14","763"
"1835",2021,1,4,1,5,"3","R","2374","EE449","Project Work- Part A",2,5,"OTHER","PCC","1","100+100+100+100","M1+MD+M2+E","0+0+0+35","763"
"1836",2021,1,4,1,5,"3","R","2376","EE402","HVDC & FACTS",3,5,"THEORY","PCC","1","100+100+100+100","M1+MD+M2+E","0+0+0+17.5","763"
"1837",2021,2,4,2,5,"3","R","2377","EE463","Advanced Electrical Drive Systems",3,5,"THEORY","DEC","1","100+100+100+100","M1+MD+M2+E","0+0+0+17.5","771"
"1838",2021,2,4,2,5,"3","R","2378","EE464","Planning an Entrepreneurial Venture",3,5,"THEORY","DEC","1","100+100+100+100","M1+MD+M2+E","0+0+0+17.5","771"
"1839",2021,2,4,2,5,"3","R","2379","EE5163","Power Quality Improvement Techniques",3,5,"THEORY","DEC","1","100+100+100+100","M1+MD+M2+E","0+0+0+17.5","771"
"1840",2021,2,4,2,5,"3","R","2381","EE499","Project Work -Part B",4,5,"OTHER","PRC","1","100+100+100+100","M1+MD+M2+E","0+0+0+17.5","771"
"1849",2021,1,4,1,6,"3","R","2392","EC407","DSP & Instrumentation Lab",2,6,"LAB","PCC","1","100+100+100+100","M1+MD+M2+E","0+0+0+14","764"
"1850",2021,1,4,1,6,"3","R","2393","EC401","Electronic Instrumentation",3,6,"THEORY","PCC","1","100+100+100+100","M1+MD+M2+E","0+0+0+17.5","764"
"1851",2021,1,4,1,6,"3","R","2394","EC402","Cellular & Mobile Communication",3,6,"THEORY","PCC","1","100+100+100+100","M1+MD+M2+E","0+0+0+17.5","764"
"1852",2021,1,4,1,6,"3","R","2396","EC449","Project Work Part - A",2,6,"OTHER","PRC","1","100+100+100+100","M1+MD+M2+E","0+0+0+14","764"
"1853",2021,1,4,1,6,"3","R","2397","EC4044","Digital Image Processing",3,6,"THEORY","DEC","1","100+100+100+100","M1+MD+M2+E","0+0+0+17.5","764"
"1854",2021,1,4,1,6,"3","R","2398","EC4051","Speech Processing",3,6,"THEORY","DEC","1","100+100+100+100","M1+MD+M2+E","0+0+0+17.5","764"
"1855",2021,2,4,2,6,"3","R","2399","SM453","Industrial and System Managemant",3,12,"THEORY","ESC","1","100+100+100+100","M1+MD+M2+E","0+0+0+17.5","772"
"1856",2021,2,4,2,6,"3","R","2401","EC451","Microwave and Lightwave Technologies",3,6,"THEORY","PCC","1","100+100+100+100","M1+MD+M2+E","0+0+0+17.5","772"
"1857",2021,2,4,2,6,"3","R","2402","EC499","Project Work -Part B",4,6,"OTHER","PRC","1","100+100+100+100","M1+MD+M2+E","0+0+0+14","772"
"1858",2021,2,4,2,6,"3","R","2403","EC4533","5G Communication",3,6,"THEORY","DEC","1","100+100+100+100","M1+MD+M2+E","0+0+0+17.5","772"
"1859",2021,2,4,2,6,"3","R","2404","EC4543","Optical Communications",3,6,"THEORY","DEC","1","100+100+100+100","M1+MD+M2+E","0+0+0+17.5","772"
"1975",2021,1,4,1,5,"3","R","2552","BT440","Biosensors",3,1,"THEORY","OPC","1","100+100+100+100","M1+MD+M2+E","0+0+0+17.5","763"
"1976",2021,1,4,1,5,"3","R","2554","CS440","Management Information Systems",3,4,"THEORY","OPC","1","100+100+100+100","M1+MD+M2+E","0+0+0+17.5","763"
"1977",2021,1,4,1,5,"3","R","2555","ME440","Alternate Sources of Energy",3,7,"THEORY","OPC","1","100+100+100+100","M1+MD+M2+E","0+0+0+17.5","763"
"1978",2021,1,4,1,5,"3","R","2556","HS440","Corporate Communication",3,12,"THEORY","OPC","1","100+100+100+100","M1+MD+M2+E","0+0+0+17.5","763"
"1979",2021,1,4,1,5,"3","R","2557","SM440","Human Resource Management",3,12,"THEORY","OPC","1","100+100+100+100","M1+MD+M2+E","0+0+0+17.5","763"
"1980",2021,1,4,1,5,"3","R","2559","MM440","Matallurgy for Non Metallurgists",3,8,"THEORY","OPC","1","100+100+100+100","M1+MD+M2+E","0+0+0+17.5","763"
"1981",2021,1,4,1,6,"3","R","2560","BT440","Biosensors",3,1,"THEORY","OPC","1","100+100+100+100","M1+MD+M2+E","0+0+0+17.5","764"
"1982",2021,1,4,1,6,"3","R","2561","ME440","Alternate Sources of Energy",3,7,"THEORY","OPC","1","100+100+100+100","M1+MD+M2+E","0+0+0+17.5","764"
"1983",2021,1,4,1,6,"3","R","2562","MM440","Matallurgy for Non Metallurgists",3,8,"THEORY","OPC","1","100+100+100+100","M1+MD+M2+E","0+0+0+17.5","764"
"1984",2021,1,4,1,6,"3","R","2564","SM440","Human Resource Management",3,12,"THEORY","OPC","1","100+100+100+100","M1+MD+M2+E","0+0+0+17.5","764"
"1985",2021,1,4,1,6,"3","R","2565","PH440","Nanomaterials and Technology",3,11,"THEORY","OPC","1","100+100+100+100","M1+MD+M2+E","0+0+0+17.5","764"
"1986",2021,1,4,1,6,"3","R","2566","CH440","Data driven Modelling",3,2,"THEORY","OPC","1","100+100+100+100","M1+MD+M2+E","0+0+0+17.5","764"
"1987",2021,1,4,1,6,"3","R","2567","CS440","Management Information Systems",3,4,"THEORY","OPC","1","100+100+100+100","M1+MD+M2+E","0+0+0+17.5","764"
"1996",2021,2,4,2,6,"3","R","2579","CE21-CH02","Nanotechnology and Nanosensors Part 1",0,6,"OTHER","MDC","1","100+100+100+100","M1+MD+M2+E","0+0+0+35","772"
"1997",2021,2,4,2,6,"3","R","2580","CE21-CS01","Programming for Everybody (Getting Started With Python)",0,6,"OTHER","MDC","1","100+100+100+100","M1+MD+M2+E","0+0+0+35","772"
"1998",2021,2,4,2,6,"3","R","2581","CE21-CS02","Crash Course on Python",0,6,"OTHER","MDC","1","100+100+100+100","M1+MD+M2+E","0+0+0+35","772"
"1999",2021,2,4,2,6,"3","R","2582","CE21-CS05","SQL for Data Science",0,6,"OTHER","MDC","1","100+100+100+100","M1+MD+M2+E","0+0+0+35","772"
"2000",2021,2,4,2,6,"3","R","2584","CE21-CS07","AWS Cloud Practitioner Essentials",0,6,"OTHER","MDC","1","100+100+100+100","M1+MD+M2+E","0+0+0+35","772"
"2001",2021,2,4,2,6,"3","R","2585","CE21-CS08","Basic Image Classification with Tensorflow",0,6,"OTHER","MDC","1","100+100+100+100","M1+MD+M2+E","0+0+0+35","772"
"2002",2021,2,4,2,6,"3","R","2586","CE21-CS09","Data Analytics with Python",0,6,"OTHER","MDC","1","100+100+100+100","M1+MD+M2+E","0+0+0+35","772"
"2003",2021,2,4,2,6,"3","R","2587","CE21-CS10","Data Structures",0,6,"OTHER","MDC","1","100+100+100+100","M1+MD+M2+E","0+0+0+35","772"
"2005",2021,2,4,2,6,"3","R","2590","CE21-CS14","Machine Learning",0,6,"OTHER","MDC","1","100+100+100+100","M1+MD+M2+E","0+0+0+35","772"
"2006",2021,2,4,2,6,"3","R","2591","CE21-CS15","Neural Networks and Deep Learning",0,6,"OTHER","MDC","1","100+100+100+100","M1+MD+M2+E","0+0+0+35","772"
"2007",2021,2,4,2,6,"3","R","2592","CE21-CS16","Ordered Data Structures",0,6,"OTHER","MDC","1","100+100+100+100","M1+MD+M2+E","0+0+0+35","772"
"2008",2021,2,4,2,6,"3","R","2593","CE21-CS17","Python for Data Science, AI and Development ",0,6,"OTHER","MDC","1","100+100+100+100","M1+MD+M2+E","0+0+0+35","772"
"2009",2021,2,4,2,6,"3","R","2595","CE21-CS19","Introduction to Web Development ",0,6,"OTHER","MDC","1","100+100+100+100","M1+MD+M2+E","0+0+0+35","772"
"2010",2021,2,4,2,6,"3","R","2596","CE21-EC01","Introduction to Power Electronics",0,6,"OTHER","MDC","1","100+100+100+100","M1+MD+M2+E","0+0+0+35","772"
"2011",2021,2,4,2,6,"3","R","2597","NOC21-CS03","Programming In Java",0,6,"OTHER","MDC","1","100+100+100+100","M1+MD+M2+E","0+0+0+35","772"
"2012",2021,2,4,2,6,"3","R","2598","NOC21-CS63","Introduction to the Internet of Things",0,6,"OTHER","MDC","1","100+100+100+100","M1+MD+M2+E","0+0+0+35","772"
"2013",2021,2,4,2,6,"3","R","2600","CE21-CS11","Introduction to Data Science In Python",0,6,"OTHER","MDC","1","100+100+100+100","M1+MD+M2+E","0+0+0+35","772"
"2014",2021,2,4,2,6,"3","R","2601","CE21-ME09","Spring MVC, Spring Boot and Rest Controllers",0,6,"OTHER","MDC","1","100+100+100+100","M1+MD+M2+E","0+0+0+35","772"
"2015",2021,2,4,2,6,"3","R","2602","NOC21-CS54","Problem Solving through Programming in C",0,6,"OTHER","MDC","1","100+100+100+100","M1+MD+M2+E","0+0+0+35","772"
"2016",2021,2,4,2,5,"3","R","2603","CE21-EE01","Introduction to Battery Management Systems",0,5,"OTHER","MDC","1","100+100+100+100","M1+MD+M2+E","0+0+0+35","771"
"2017",2021,2,4,2,5,"3","R","2605","NOC19-CS33","Big data computing ",0,5,"OTHER","MDC","1","100+100+100+100","M1+MD+M2+E","0+0+0+35","771"
"2018",2021,2,4,2,5,"3","R","2606","NOC21-HS88","Psychology of Everyday",0,5,"OTHER","MDC","1","100+100+100+100","M1+MD+M2+E","0+0+0+35","771"
"2019",2021,2,4,2,5,"3","R","2607","NOC21-MA77","Our Mathematical Senses",0,5,"OTHER","MDC","1","100+100+100+100","M1+MD+M2+E","0+0+0+35","771"
"2020",2021,2,4,2,5,"3","R","2608","NOC22-CS08","Data Analytics with Python",0,5,"OTHER","MDC","1","100+100+100+100","M1+MD+M2+E","0+0+0+35","771"
"2021",2021,2,4,2,5,"3","R","2610","NOC22-CS27","Design and analysis of Algorithms",0,5,"OTHER","MDC","1","100+100+100+100","M1+MD+M2+E","0+0+0+35","771"
"2022",2021,2,4,2,5,"3","R","2611","NOC22-CS32","The Joy of Computing using Python",0,5,"OTHER","MDC","1","100+100+100+100","M1+MD+M2+E","0+0+0+35","771"
"2023",2021,2,4,2,5,"3","R","2612","NOC22-DE01","Understanding Design",0,5,"OTHER","MDC","1","100+100+100+100","M1+MD+M2+E","0+0+0+35","771"
"2024",2021,2,4,2,5,"3","R","2613","NOC22-EE31","Control Engineering",0,5,"OTHER","MDC","1","100+100+100+100","M1+MD+M2+E","0+0+0+35","771"
"2025",2021,2,4,2,5,"3","R","2615","NOC22-MG62","Decision Making under Uncertainity",0,5,"OTHER","MDC","1","100+100+100+100","M1+MD+M2+E","0+0+0+35","771"
"2026",2021,2,4,2,5,"3","R","2616","NOC22-CS26","Programming, Algorithms and Data Structures Using Python",0,5,"OTHER","MDC","1","100+100+100+100","M1+MD+M2+E","0+0+0+35","771"
"2027",2021,2,4,2,5,"3","R","2617","NOC22-DE04","Innovation by Design",0,5,"OTHER","MDC","1","100+100+100+100","M1+MD+M2+E","0+0+0+35","771"
"2028",2021,2,4,2,5,"3","R","2618","NOC22-EE53","Electric Vehicles and Renewable Energy",0,5,"OTHER","MDC","1","100+100+100+100","M1+MD+M2+E","0+0+0+35","771"
"2087",2020,1,3,1,5,"2","B","2694","EE313","Utilization of Electrical Energy",3,5,"THEORY","DEC","1","100+100+100+100","M1+MD+M2+E","0+0+0+17.5","821"
"2105",2020,2,4,2,6,"1","R","2724","ME435","Industrial management",3,7,"THEORY","ESC","1","100+100+100+100","M1+MD+M2+E","0+0+0+15","908"
"2106",2020,2,4,2,6,"1","R","2725","EC452","Microwave and Optical communication Lab",2,6,"LAB","PCC","1","100+100+100+100","M1+MD+M2+E","0+0+0+15","908"
"2107",2020,2,4,2,6,"1","R","2726","EC491","Seminar",1,6,"OTHER","PCC","1","100+100+100+100","M1+MD+M2+E","0+0+0+30","908"
"2108",2020,2,4,2,6,"1","R","2727","EC451","Optical Fiber Communication",3,6,"THEORY","PCC","1","100+100+100+100","M1+MD+M2+E","0+0+0+15","908"
"2109",2020,2,4,2,6,"1","R","2729","EC462","Radar Engineering",3,6,"THEORY","DEC","1","100+100+100+100","M1+MD+M2+E","0+0+0+15","908"
"2110",2020,1,4,2,6,"1","R","2730","ME435","Industrial management",3,7,"THEORY","ESC","1","100+100+100+100","M1+MD+M2+E","0+0+0+15","906"
"2111",2020,1,4,2,6,"1","R","2731","EC452","Microwave and Optical communication Lab",2,6,"LAB","PCC","1","100+100+100+100","M1+MD+M2+E","0+0+0+15","906"
"2112",2020,1,4,2,6,"1","R","2732","EC491","Seminar",1,6,"OTHER","PCC","1","100+100+100+100","M1+MD+M2+E","0+0+0+30","906"
"2113",2020,1,4,2,6,"1","R","2734","EC499","Project Work Part - B",4,6,"OTHER","PRC","1","100+100+100+100","M1+MD+M2+E","0+0+0+30","906"
"2114",2020,1,4,2,6,"1","R","2735","EC465","Advanced Digital Signal Processing",3,6,"THEORY","DEC","1","100+100+100+100","M1+MD+M2+E","0+0+0+0","906"
"2115",2020,2,4,1,6,"1","R","2736","EC403","Electronic Instrumentation and DSP Lab",2,6,"LAB","PCC","1","100+100+100+100","M1+MD+M2+E","0+0+0+15","907"
"2116",2020,2,4,1,6,"1","R","2737","EC401","Electronic Instrumentation",3,6,"THEORY","PCC","1","100+100+100+100","M1+MD+M2+E","0+0+0+15","907"
"2117",2020,2,4,1,6,"1","R","2739","EC449","Project Work Part - A",2,6,"OTHER","PRC","1","100+100+100+100","M1+MD+M2+E","0+0+0+15","907"
"2118",2020,2,4,1,6,"1","R","2740","EC414","Image Processing",3,6,"THEORY","DEC","1","100+100+100+100","M1+MD+M2+E","0+0+0+15","907"
"2119",2020,2,4,1,6,"1","R","2741","EC417","Satellite Communications",3,6,"THEORY","DEC","1","100+100+100+100","M1+MD+M2+E","0+0+0+15","907"
"2120",2020,2,4,1,6,"1","R","2742","EC411","Modern Radio Communications",3,6,"THEORY","DEC","1","100+100+100+100","M1+MD+M2+E","0+0+0+15","907"
"2130",2020,1,4,1,6,"1","R","2756","EC449","Project Work Part - A",2,6,"OTHER","PRC","1","100+100+100+100","M1+MD+M2+E","0+0+0+15","905"
"2131",2020,1,4,1,6,"1","R","2757","EC414","Image Processing",3,6,"THEORY","DEC","1","100+100+100+100","M1+MD+M2+E","0+0+0+15","905"
"2132",2020,1,4,1,6,"1","R","2758","EC417","Satellite Communications",3,6,"THEORY","DEC","1","100+100+100+100","M1+MD+M2+E","0+0+0+15","905"
"2133",2020,1,4,1,6,"1","R","2759","EC411","Modern Radio Communications",3,6,"THEORY","DEC","1","100+100+100+100","M1+MD+M2+E","0+0+0+15","905"
"2507",2021,2,4,2,6,"3","R","2583","CE21-CS06","Using Python to Interact with The Operating System",0,6,"OTHER","MDC","1","100+100+100+100","M1+MD+M2+E","0+0+0+35","772"
"2508",2021,2,4,2,6,"3","R","2588","CE21-CS12","Introduction to Programming with MATLAB",0,6,"OTHER","MDC","1","100+100+100+100","M1+MD+M2+E","0+0+0+35","772"
"2509",2021,2,4,2,6,"3","R","2589","CE21-CS13","Introduction to The Internet of Things and Embedded Systems",0,6,"OTHER","MDC","1","100+100+100+100","M1+MD+M2+E","0+0+0+35","772"
"2510",2021,2,4,2,6,"3","R","2594","CE21-CS18","Server-Side Development with Nodejs, Express and Mongodb",0,6,"OTHER","MDC","1","100+100+100+100","M1+MD+M2+E","0+0+0+35","772"
"2511",2021,2,4,2,6,"3","R","2599","NOC21-EE97","System Design through VERILOG",0,6,"OTHER","MDC","1","100+100+100+100","M1+MD+M2+E","0+0+0+35","772"
"2512",2021,2,4,2,5,"3","R","2604","CE21-ME02","Wind Energy",0,5,"OTHER","MDC","1","100+100+100+100","M1+MD+M2+E","0+0+0+35","771"
"2513",2021,2,4,2,5,"3","R","2609","NOC22-CS20","Cloud Computing",0,5,"OTHER","MDC","1","100+100+100+100","M1+MD+M2+E","0+0+0+35","771"
"2514",2021,2,4,2,5,"3","R","2614","NOC22-MG39","Leadership ",0,5,"OTHER","MDC","1","100+100+100+100","M1+MD+M2+E","0+0+0+35","771"
"2598",2022,1,4,1,5,"3","B","3324","PH440","Nanomaterials and Technology",3,11,"THEORY","OPC","1","100+100+100+100","M1+MD+M2+E","0+0+0+17.5","1138"
"2643",2020,1,4,1,6,"1","R","2723","EE440","New Venture Creation",3,5,"THEORY","OPC","1","100+100+100+100","M1+MD+M2+E","0+0+0+15","905"
"2644",2020,2,4,2,6,"1","R","2728","EC499","Project Work Part - B",4,6,"OTHER","PRC","1","100+100+100+100","M1+MD+M2+E","0+0+0+30","908"
"2645",2020,1,4,2,6,"1","R","2733","EC451","Optical Fiber Communication",3,6,"THEORY","PCC","1","100+100+100+100","M1+MD+M2+E","0+0+0+15","906"
"2646",2020,2,4,1,6,"1","R","2738","EC402","Microwave Engineering",3,6,"THEORY","PCC","1","100+100+100+100","M1+MD+M2+E","0+0+0+15","907"
"2883",2020,2,4,1,6,"1","R","2743","EC461","Cellular and Mobile Communications",3,6,"THEORY","DEC","1","100+100+100+100","M1+MD+M2+E","0+0+0+15","907"
"2885",2020,1,4,1,6,"1","R","2753","EC403","Electronic Instrumentation and DSP Lab",2,6,"LAB","PCC","1","100+100+100+100","M1+MD+M2+E","0+0+0+15","905"
"2886",2020,1,4,1,6,"1","R","2754","EC401","Electronic Instrumentation",3,6,"THEORY","PCC","1","100+100+100+100","M1+MD+M2+E","0+0+0+15","905"
"2887",2020,1,4,1,6,"1","R","2755","EC402","Microwave Engineering",3,6,"THEORY","PCC","1","100+100+100+100","M1+MD+M2+E","0+0+0+15","905"
"2888",2020,1,4,1,6,"1","R","2760","EC461","Cellular and Mobile Communications",3,6,"THEORY","DEC","1","100+100+100+100","M1+MD+M2+E","0+0+0+15","905"
"4276",2015,1,1,1,10,"1","R","2","CS101","Problem Solving and Computer Programming",4,4,"THEORY","ESC","1","100+100+100+100","M1+MD+M2+E","0+0+0+15","2"
"4277",2015,1,1,1,10,"1","R","4","EA101","EAA: Games and Sports - I",0,12,"OTHER","MDC","1","100","End","30","2"
"4278",2015,1,1,1,10,"1","R","9","PH102","Physics Lab",2,11,"LAB","BSC","1","100+100+100+100","M1+MD+M2+E","0+0+0+15","2"
"4279",2015,1,1,1,9,"1","R","14","EE101","Basic Electrical Engineering",3,5,"THEORY","ESC","1","100+100+100+100","M1+MD+M2+E","0+0+0+15","1"
"4280",2015,2,1,2,9,"1","R","20","CS101","Problem Solving and Computer Programming",4,4,"THEORY","ESC","1","100+100+100+100","M1+MD+M2+E","0+0+0+15","3"
"4281",2015,2,1,2,9,"1","R","25","MA151","Mathematics - II",4,11,"THEORY","BSC","1","100+100+100+100","M1+MD+M2+E","0+0+0+15","3"
"4282",2015,2,1,2,10,"1","R","31","EA151","EAA: Games and Sports - II",0,12,"OTHER","MDC","1","100","End","30","4"
"4283",2015,2,1,2,10,"1","R","36","ME103","Workshop Practice",2,7,"THEORY","ESC","1","100","End","30","4"
"4284",2016,1,1,1,9,"1","R","41","EE101","Basic Electrical Engineering",3,5,"THEORY","ESC","1","100+100+100+100","M1+MD+M2+E","0+0+0+15","9"
"4285",2016,2,1,2,9,"1","R","47","CS101","Problem Solving and Computer Programming",4,4,"THEORY","ESC","1","100+100+100+100","M1+MD+M2+E","0+0+0+15","11"
"4286",2016,2,1,2,9,"1","R","52","MA151","Mathematics - II",4,11,"THEORY","BSC","1","100+100+100+100","M1+MD+M2+E","0+0+0+15","11"
"4287",2016,1,1,1,10,"1","R","59","EA101","EAA: Games and Sports - I",0,12,"OTHER","MDC","1","100","End","30","10"
"4288",2016,1,1,1,10,"1","R","64","PH102","Physics Lab",2,11,"LAB","BSC","1","100+100+100+100","M1+MD+M2+E","0+0+0+15","10"
"4289",2016,2,1,2,10,"1","R","70","MA151","Mathematics - II",4,11,"THEORY","BSC","1","100+100+100+100","M1+MD+M2+E","0+0+0+15","12"
"4302",2016,1,2,1,5,"1","R","140","EC235","Analog Electronics",4,6,"THEORY","PCC","1","100+100+100+100","M1+MD+M2+E","0+0+0+15","25"
"4303",2016,1,2,1,5,"1","R","145","MA201","Mathematics - III",4,11,"THEORY","BSC","1","100+100+100+100","M1+MD+M2+E","0+0+0+15","25"
"4304",2016,2,2,2,6,"1","R","163","EC251","Electronic Devices and Circuits - II",4,6,"THEORY","PCC","1","100+100+100+100","M1+MD+M2+E","0+0+0+15","34"
"4305",2016,2,2,2,6,"1","R","168","EC256","Digital System Design Lab",2,6,"LAB","PCC","1","100+100+100+100","M1+MD+M2+E","0+0+0+15","34"
"4313",2017,1,1,1,10,"2","R","203","CS102","Problem Solving and Computer Programming Lab",2,4,"LAB","ESC","1","100+100+100+100","M1+MD+M2+E","0+0+0+14","65"
"4314",2017,1,1,1,10,"2","R","208","ME101","Basic Mechanical Engineering",3,7,"THEORY","ESC","1","100+100+100+100","M1+MD+M2+E","0+0+0+17.5","65"
"4315",2017,1,1,1,9,"2","R","214","CY102","Chemistry-Lab",2,11,"LAB","BSC","1","100+100+100+100","M1+MD+M2+E","0+0+0+14","66"
"4316",2017,1,1,1,9,"2","R","219","ME103","Workshop Practice",2,7,"THEORY","ESC","1","100+100+100+100","M1+MD+M2+E","0+0+0+14","66"
"4320",2017,2,1,2,10,"2","R","253","EE101","Basic Electrical Engineering",3,5,"THEORY","ESC","1","100+100+100+100","M1+MD+M2+E","0+0+0+17.5","83"
"4321",2017,2,1,2,9,"2","R","258","CS101","Problem Solving and Computer Programming",3,4,"THEORY","ESC","1","100+100+100+100","M1+MD+M2+E","0+0+0+17.5","84"
"4322",2017,2,1,2,9,"2","R","263","MA151","Mathematics - II",3,11,"THEORY","BSC","1","100+100+100+100","M1+MD+M2+E","0+0+0+17.5","84"
"4326",2017,1,2,1,5,"1","R","287","EC235","Analog Electronics",4,6,"THEORY","PCC","1","100+100+100+100","M1+MD+M2+E","0+0+0+15","71"
"4330",2017,1,2,1,6,"1","R","310","EC202","Networks and Transmission Lines",3,6,"THEORY","PCC","1","100+100+100+100","M1+MD+M2+E","0+0+0+15","72"
"4331",2017,1,2,1,6,"1","R","315","EE236","Network Analysis",3,5,"THEORY","ESC","1","100+100+100+100","M1+MD+M2+E","0+0+0+15","72"
"4408",2017,2,2,2,6,"1","R","382","EC251","Electronic Devices and Circuits - II",4,6,"THEORY","PCC","1","100+100+100+100","M1+MD+M2+E","0+0+0+15","98"
"4409",2017,2,2,2,6,"1","R","387","EC256","Digital System Design Lab",2,6,"LAB","PCC","1","100+100+100+100","M1+MD+M2+E","0+0+0+15","98"
"4410",2017,2,2,2,5,"1","R","390","EC290","Digital Electronics",4,6,"THEORY","PCC","1","100+100+100+100","M1+MD+M2+E","0+0+0+15","97"
"4411",2017,2,2,2,5,"1","R","391","EC291","ICApplications Lab",2,6,"LAB","PCC","1","100+100+100+100","M1+MD+M2+E","0+0+0+15","97"
"4417",2017,1,3,1,5,"1","R","427","EE304","Electrical Machines Lab - I",2,5,"LAB","PCC","1","100+100+100+100","M1+MD+M2+E","0+0+0+15","79"
"4418",2017,1,3,1,6,"1","R","432","EC301","Pulse Circuits",4,6,"THEORY","PCC","1","100+100+100+100","M1+MD+M2+E","0+0+0+15","80"
"4419",2017,1,3,1,6,"1","R","438","EC307","IC Applications Lab",2,6,"LAB","PCC","1","100+100+100+100","M1+MD+M2+E","0+0+0+15","80"
"4429",2017,2,3,2,6,"1","R","523","MA390","Numerical Solution of Differential Equations",3,11,"THEORY","OPC","1","100+100+100+100","M1+MD+M2+E","0+0+0+15","106"
"4430",2017,2,3,2,6,"1","R","530","EC356","Microprocessors and Microcontrollers Lab",2,6,"LAB","PCC","1","100+100+100+100","M1+MD+M2+E","0+0+0+15","106"
"4440",2018,1,2,1,5,"2","R","587","EE201","Circuit Theory - I",3,5,"THEORY","PCC","1","100+100+100+100","M1+MD+M2+E","0+0+0+17.5","169"
"4441",2018,1,2,1,6,"2","R","597","EE236","Network Analysis",3,5,"THEORY","PCC","1","100+100+100+100","M1+MD+M2+E","0+0+0+17.5","170"
"4448",2017,2,3,2,5,"1","R","511","EE353","Power System Protection",4,5,"THEORY","PCC","1","100+100+100+100","M1+MD+M2+E","0+0+0+15","105"
"4449",2017,2,3,2,5,"1","R","516","CS390","Object Oriented Programming",3,4,"THEORY","OPC","1","100+100+100+100","M1+MD+M2+E","0+0+0+15","105"
"4450",2017,2,3,2,6,"1","R","526","EC352","Digital Signal Processing",3,6,"THEORY","PCC","1","100+100+100+100","M1+MD+M2+E","0+0+0+15","106"
"4451",2018,1,2,1,6,"2","R","591","CS235","Data Structures",3,4,"THEORY","ESC","1","100+100+100+100","M1+MD+M2+E","0+0+0+17.5","170"
"4458",2018,1,3,1,5,"1","R","656","EE303","Power Systems - II",4,5,"THEORY","PCC","1","100+100+100+100","M1+MD+M2+E","0+0+0+15","193"
"4459",2018,1,3,1,5,"1","R","661","EE306","Electrical Simulation Lab",2,5,"LAB","PCC","1","100+100+100+100","M1+MD+M2+E","0+0+0+15","193"
"4468",2018,1,4,1,5,"1","R","725","EE441","Seminar",1,5,"OTHER","PCC","1","100+100+100+100","M1+MD+M2+E","0+0+0+30","217"
"4469",2018,1,4,1,6,"1","R","730","EC417","Satellite Communications",3,6,"THEORY","DEC","1","100+100+100+100","M1+MD+M2+E","0+0+0+15","218"
"4474",2018,1,4,1,5,"1","R","759","HS440","Corporate Communication",3,12,"THEORY","OPC","1","100+100+100+100","M1+MD+M2+E","0+0+0+15","217"
"4475",2018,1,4,1,5,"1","R","765","MA440","Optimization Techniques",3,11,"THEORY","OPC","1","100+100+100+100","M1+MD+M2+E","0+0+0+15","217"
"4476",2018,1,4,1,6,"1","R","766","MA440","Optimization Techniques",3,11,"THEORY","OPC","1","100+100+100+100","M1+MD+M2+E","0+0+0+15","218"
"4478",2018,1,4,1,6,"1","R","773","ME440","Alternative Sources of Energy",3,7,"THEORY","OPC","1","100+100+100+100","M1+MD+M2+E","0+0+0+15","218"
"4479",2018,1,4,1,6,"1","R","779","SM440","Human Resource Management",3,12,"THEORY","OPC","1","100+100+100+100","M1+MD+M2+E","0+0+0+15","218"
"4480",2018,1,1,1,9,"3","R","784","ME102","Engineering Graphics",4,7,"THEORY","ESC","1","100+100+100+100","M1+MD+M2+E","0+0+0+17.5","223"
"4481",2018,1,1,1,9,"3","R","789","ME101","Basic Mechanical Engineering",3,7,"THEORY","ESC","1","100+100+100+100","M1+MD+M2+E","0+0+0+17.5","223"
"4482",2018,1,1,1,10,"3","R","794","EC101","Basic Electronics Engineering",3,6,"THEORY","ESC","1","100+100+100+100","M1+MD+M2+E","0+0+0+17.5","224"
"4483",2018,1,1,1,10,"3","R","799","CS102","Problem Solving and Computer Programming Lab",2,4,"LAB","ESC","1","100+100+100+100","M1+MD+M2+E","0+0+0+14","224"
"4488",2018,1,3,1,6,"1","R","668","EC307","IC Applications Lab",2,6,"LAB","PCC","1","100+100+100+100","M1+MD+M2+E","0+0+0+15","194"
"4495",2018,2,2,2,5,"2","R","837","EE252","Electrical Machines - I",3,5,"THEORY","PCC","1","100+100+100+100","M1+MD+M2+E","0+0+0+17.5","177"
"4496",2018,2,2,2,5,"2","R","842","EE255","Electrical Measurements and Instrumentation Lab",2,5,"LAB","PCC","1","100+100+100+100","M1+MD+M2+E","0+0+0+14","177"
"4497",2018,2,2,2,6,"2","R","847","EC255","Transmission lines and Electromagnetic Waves",3,6,"THEORY","PCC","1","100+100+100+100","M1+MD+M2+E","0+0+0+17.5","178"
"4503",2018,2,3,2,5,"1","R","923","SM335","Engineering Economics and Accountancy ",3,12,"THEORY","HSC","1","100+100+100+100","M1+MD+M2+E","0+0+0+15","201"
"4517",2018,2,3,2,5,"1","R","915","EE351","Power System Operations and Control",4,5,"THEORY","PCC","1","100+100+100+100","M1+MD+M2+E","0+0+0+15","201"
"4518",2018,2,3,2,5,"1","R","926","EE356","Electrical Machines Lab - II",2,5,"LAB","PCC","1","100+100+100+100","M1+MD+M2+E","0+0+0+15","201"
"4519",2018,2,3,2,6,"1","R","931","EC352","Digital Signal Processing",3,6,"THEORY","PCC","1","100+100+100+100","M1+MD+M2+E","0+0+0+15","202"
"4520",2018,2,3,2,6,"1","R","938","EC356","Microprocessors and Microcontrollers Lab",2,6,"LAB","PCC","1","100+100+100+100","M1+MD+M2+E","0+0+0+15","202"
"4525",2018,2,4,2,5,"1","R","991","EE466","Power System Deregulation",3,5,"THEORY","DEC","1","100+100+100+100","M1+MD+M2+E","0+0+0+15","209"
"4526",2018,2,4,2,6,"1","R","996","EC499","Project Work Part - B",4,6,"OTHER","PRC","1","100+100+100+100","M1+MD+M2+E","0+0+0+30","210"
"4528",2018,2,4,2,6,"1","R","1001","EC452","Microwave and Optical communication Lab",2,6,"LAB","PCC","1","100+100+100+100","M1+MD+M2+E","0+0+0+15","210"
"4531",2018,2,1,2,9,"3","R","1020","PH101","Engineering Physics",3,11,"THEORY","BSC","1","100+100+100+100","M1+MD+M2+E","0+0+0+17.5","225"
"4532",2018,2,1,2,9,"3","R","1025","EA151","EAA: Games and Sports",0,12,"OTHER","MDC","1","100+100+100+100","M1+MD+M2+E","0+0+0+35","225"
"4533",2018,2,1,2,10,"3","R","1030","MA151","Mathematics - II",3,11,"THEORY","BSC","1","100+100+100+100","M1+MD+M2+E","0+0+0+17.5","226"
"4536",2015,1,1,1,10,"1","R","1","CE102","Environmental Studies",3,3,"THEORY","ESC","1","100+100+100+100","M1+MD+M2+E","0+0+0+15","2"
"4537",2016,1,1,1,10,"1","R","56","CE102","Environmental Studies",3,3,"THEORY","ESC","1","100+100+100+100","M1+MD+M2+E","0+0+0+15","10"
"4539",2016,2,2,2,5,"1","R","151","EE254","Electrical Measurements Lab",2,5,"LAB","PCC","1","100+100+100+100","M1+MD+M2+E","0+0+0+15","33"
"4540",2016,1,2,1,6,"1","R","156","EC204","Signals and Systems",3,6,"THEORY","PCC","1","100+100+100+100","M1+MD+M2+E","0+0+0+15","26"
"4574",2019,1,2,1,5,"3","R","1137","MA201","Mathematics-III",3,11,"THEORY","BSC","1","100+100+100+100","M1+MD+M2+E","0+0+0+17.5","492"
"4575",2019,1,2,1,5,"3","R","1138","CS236","Data Structures Lab",2,4,"LAB","ESC","1","100+100+100+100","M1+MD+M2+E","0+0+0+14","492"
"4576",2019,1,2,1,5,"3","R","1139","CS235","Data Structures",3,4,"THEORY","ESC","1","100+100+100+100","M1+MD+M2+E","0+0+0+17.5","492"
"4577",2019,1,2,1,5,"3","R","1144","EE203","Electrical Measurements & Instrumentation",3,5,"THEORY","PCC","1","100+100+100+100","M1+MD+M2+E","0+0+0+17.5","492"
"4578",2019,2,2,2,5,"3","R","1149","EC285","Digital Electronics",3,6,"THEORY","PCC","1","100+100+100+100","M1+MD+M2+E","0+0+0+0","500"
"4579",2019,1,2,1,6,"3","R","1154","CS235","Data Structures",3,4,"THEORY","ESC","1","100+100+100+100","M1+MD+M2+E","0+0+0+17.5","493"
"4580",2019,1,2,1,6,"3","R","1159","EC203","Electronic Devices and Circuits - I",4,6,"THEORY","PCC","1","100+100+100+100","M1+MD+M2+E","0+0+0+17.5","493"
"4581",2019,2,2,2,6,"3","R","1164","EC251","Digital System Design - II",3,6,"THEORY","PCC","1","100+100+100+100","M1+MD+M2+E","0+0+0+0","501"
"4604",2019,1,3,1,5,"2","R","1279","SM312","Engineering Economics & Accountancy",3,12,"THEORY","HSC","1","100+100+100+100","M1+MD+M2+E","0+0+0+17.5","581"
"4605",2019,1,3,1,5,"2","R","1284","EE304","Micro Processors & Microcontrollers",3,5,"THEORY","PCC","1","100+100+100+100","M1+MD+M2+E","0+0+0+17.5","581"
"4606",2019,2,3,2,5,"2","R","1289","EE352","Power Electronics",3,5,"THEORY","PCC","1","100+100+100+100","M1+MD+M2+E","0+0+0+0","589"
"4607",2019,2,3,2,5,"2","R","1294","EE356","Control Systems Lab",2,5,"LAB","PCC","1","100+100+100+100","M1+MD+M2+E","0+0+0+0","589"
"4608",2019,2,3,2,5,"2","R","1295","EE357","Electrical Machines Lab - II",2,5,"LAB","PCC","1","100+100+100+100","M1+MD+M2+E","0+0+0+0","589"
"4609",2019,2,3,2,6,"2","R","1296","EP399","EPICS",2,12,"OTHER","EPC","1","100+100+100+100","M1+MD+M2+E","0+0+0+0","590"
"4610",2019,2,3,2,6,"2","R","1301","EC353","Embedded and Real Time Operating Systems",3,6,"THEORY","PCC","1","100+100+100+100","M1+MD+M2+E","0+0+0+0","590"
"4618",2019,1,3,1,6,"2","R","1341","EC301","Linear IC applications",3,6,"THEORY","PCC","1","100+100+100+100","M1+MD+M2+E","0+0+0+17.5","582"
"4619",2019,1,3,1,6,"2","R","1346","EP349","EPICS",2,12,"OTHER","EPC","1","100+100+100+100","M1+MD+M2+E","0+0+0+35","582"
"4625",2019,2,3,2,5,"2","R","1376","CS390","Object Oriented Programming",3,4,"THEORY","OPC","1","100+100+100+100","M1+MD+M2+E","0+0+0+0","589"
"4626",2019,2,3,2,5,"2","R","1381","PH391","Advanced Materials",3,11,"THEORY","OPC","1","100+100+100+100","M1+MD+M2+E","0+0+0+0","589"
"4627",2019,2,3,2,6,"2","R","1386","MA390","Numerical Solution of Differential Equations",3,11,"THEORY","OPC","1","100+100+100+100","M1+MD+M2+E","0+0+0+0","590"
"4645",2019,1,4,1,5,"1","R","1492","EE441","Seminar",1,5,"OTHER","PCC","1","100+100+100+100","M1+MD+M2+E","0+0+0+30","633"
"4646",2019,2,4,2,5,"1","R","1497","EE499","Project Work Part - B",4,5,"OTHER","PRC","1","100+100+100+100","M1+MD+M2+E","0+0+0+30","641"
"4647",2019,2,4,2,5,"1","R","1502","EE469","Smart Electric Grid",3,5,"THEORY","DEC","1","100+100+100+100","M1+MD+M2+E","0+0+0+0","641"
"4648",2019,1,4,1,6,"1","R","1507","EC403","Electronic Instrumentation and DSP Lab",2,6,"LAB","PCC","1","100+100+100+100","M1+MD+M2+E","0+0+0+15","634"
"4649",2019,2,4,2,6,"1","R","1512","EC452","Microwave and Optical communication Lab",2,6,"LAB","PCC","1","100+100+100+100","M1+MD+M2+E","0+0+0+15","642"
"4650",2019,2,4,2,6,"1","R","1517","EC463","FPGA Design",3,6,"THEORY","DEC","1","100+100+100+100","M1+MD+M2+E","0+0+0+0","642"
"4662",2019,1,4,1,5,"1","R","1578","ME440","Alternative Sources of Energy",3,7,"THEORY","OPC","1","100+100+100+100","M1+MD+M2+E","0+0+0+15","633"
"4663",2019,1,4,1,6,"1","R","1583","ME440","Alternative Sources of Energy",3,7,"THEORY","OPC","1","100+100+100+100","M1+MD+M2+E","0+0+0+15","634"
"4705",2020,1,3,1,5,"3","R","1785","EP349","EPICS",2,12,"OTHER","EPC","1","100+100+100+100","M1+MD+M2+E","0+0+0+35","670"
"4706",2020,1,3,1,5,"3","R","1790","EE352","Power Electronics",3,5,"THEORY","PCC","1","100+100+100+100","M1+MD+M2+E","0+0+0+17.5","670"
"4707",2020,1,3,1,5,"3","R","1791","EE301","Control Systems",4,5,"THEORY","PCC","1","100+100+100+100","M1+MD+M2+E","0+0+0+17.5","670"
"4708",2020,1,3,1,5,"3","R","1792","EE311","Computer Organization",3,5,"THEORY","DEC","1","100+100+100+100","M1+MD+M2+E","0+0+0+17.5","670"
"4709",2020,2,3,2,5,"3","R","1797","EE357","Electrical Machines Lab -II ",2,5,"LAB","PCC","1","100+100+100+100","M1+MD+M2+E","0+0+0+14","678"
"4710",2020,2,3,2,5,"3","R","1802","EE355","Digital Signal Processing",3,5,"THEORY","PCC","1","100+100+100+100","M1+MD+M2+E","0+0+0+17.5","678"
"4711",2020,1,3,1,6,"3","R","1807","EC303","CMOS VLSI Design",3,6,"THEORY","PCC","1","100+100+100+100","M1+MD+M2+E","0+0+0+17.5","671"
"4712",2020,1,3,1,6,"3","R","1812","EC3054","Computer Architecture",3,6,"THEORY","DEC","1","100+100+100+100","M1+MD+M2+E","0+0+0+17.5","671"
"4713",2020,2,3,2,6,"3","R","1817","EC353","Embedded and Real Time Operating Systems",3,6,"THEORY","PCC","1","100+100+100+100","M1+MD+M2+E","0+0+0+17.5","679"
"4727",2020,1,4,1,5,"2","R","1889","EE401","Electric Drives ",3,5,"THEORY","PCC","1","100+100+100+100","M1+MD+M2+E","0+0+0+17.5","686"
"4728",2020,2,4,2,5,"2","R","1894","EE403","Power Electronics Lab ",2,5,"LAB","PCC","1","100+100+100+100","M1+MD+M2+E","0+0+0+14","694"
"4729",2020,2,4,2,5,"2","R","1899","EE463","Advanced Electrical Drive Systems",3,5,"THEORY","DEC","1","100+100+100+100","M1+MD+M2+E","0+0+0+17.5","694"
"4730",2020,1,4,1,6,"2","R","1904","EC451","Microwave & Light wave
Technologies",3,6,"THEORY","PCC","1","100+100+100+100","M1+MD+M2+E","0+0+0+17.5","687"
"4731",2020,2,4,2,6,"2","R","1909","EC4543","Optical Communications",3,6,"THEORY","DEC","1","100+100+100+100","M1+MD+M2+E","0+0+0+17.5","695"
"4754",2020,2,4,2,5,"2","R","2016","NOC20-CS11","Deep Learning ",0,5,"OTHER","MDC","1","100+100+100+100","M1+MD+M2+E","0+0+0+35","694"
"4755",2020,2,4,2,5,"2","R","2021","NOC20-CS26","Programming, Data Structures and Algorithms using Python",0,5,"OTHER","MDC","1","100+100+100+100","M1+MD+M2+E","0+0+0+35","694"
"4756",2020,2,4,2,5,"2","R","2026","NOC20-EE06","Signal and System",0,5,"OTHER","MDC","1","100+100+100+100","M1+MD+M2+E","0+0+0+35","694"
"4757",2020,2,4,2,5,"2","R","2031","NOC20-EE64","Basic Electrical Circuits",0,5,"OTHER","MDC","1","100+100+100+100","M1+MD+M2+E","0+0+0+35","694"
"4758",2020,2,4,2,5,"2","R","2036","NOC20-HS10","Enhancing Soft Skills and Personality",0,5,"OTHER","MDC","1","100+100+100+100","M1+MD+M2+E","0+0+0+35","694"
"4759",2020,2,4,2,5,"2","R","2041","NOC21-CS33","Python for Data Science",0,5,"OTHER","MDC","1","100+100+100+100","M1+MD+M2+E","0+0+0+35","694"
"4760",2020,2,4,2,5,"2","R","2046","NOC20-EE33","Fundamentals of Mimo Wireless Communication",0,5,"OTHER","MDC","1","100+100+100+100","M1+MD+M2+E","0+0+0+35","694"
"4761",2020,2,4,2,6,"2","R","2051","CE20-CS04","Introduction to Programming with MATLAB",0,6,"OTHER","MDC","1","100+100+100+100","M1+MD+M2+E","0+0+0+35","695"
"4762",2020,2,4,2,6,"2","R","2056","CE21-EC45","Measuring and Maximizing Impact of COVID-19 Contact Tracing ",0,6,"OTHER","MDC","1","100+100+100+100","M1+MD+M2+E","0+0+0+35","695"
"4763",2020,2,4,2,6,"2","R","2061","NOC20-CS16","Real Time Operating System",0,6,"OTHER","MDC","1","100+100+100+100","M1+MD+M2+E","0+0+0+35","695"
"4764",2020,2,4,2,6,"2","R","2066","NOC20-CS27","Design and Analysis of Algorithms",0,6,"OTHER","MDC","1","100+100+100+100","M1+MD+M2+E","0+0+0+35","695"
"4765",2020,2,4,2,6,"2","R","2071","NOC20-CS36","Python for Data Science",0,6,"OTHER","MDC","1","100+100+100+100","M1+MD+M2+E","0+0+0+35","695"
"4766",2020,2,4,2,6,"2","R","2076","NOC20-EE33","Fundamentals of Mimo Wireless Communication",0,6,"OTHER","MDC","1","100+100+100+100","M1+MD+M2+E","0+0+0+35","695"
"4767",2020,2,4,2,6,"2","R","2081","NOC20-HS34","Introduction to Modern Indian Drama",0,6,"OTHER","MDC","1","100+100+100+100","M1+MD+M2+E","0+0+0+35","695"
"4768",2020,2,4,2,6,"2","R","2086","NOC20-AE01","Introduction to Airplane Performance",0,6,"OTHER","MDC","1","100+100+100+100","M1+MD+M2+E","0+0+0+35","695"
"4783",2020,2,3,2,5,"3","R","2153","SM390","Marketing Management",3,12,"THEORY","OPC","1","100+100+100+100","M1+MD+M2+E","0+0+0+17.5","678"
"4784",2020,2,3,2,6,"3","R","2158","BT390","Green Technology",3,1,"THEORY","OPC","1","100+100+100+100","M1+MD+M2+E","0+0+0+17.5","679"
"4785",2020,2,3,2,6,"3","R","2163","PH391","Advanced Materials",3,11,"THEORY","OPC","1","100+100+100+100","M1+MD+M2+E","0+0+0+17.5","679"
"4795",2020,1,4,1,5,"2","R","2213","PH440","Nanomaterials and Technology",3,11,"THEORY","OPC","1","100+100+100+100","M1+MD+M2+E","0+0+0+17.5","686"
"4796",2020,1,4,1,6,"2","R","2218","CE440","Building Technology",3,3,"THEORY","OPC","1","100+100+100+100","M1+MD+M2+E","0+0+0+17.5","687"
"4797",2020,1,4,1,6,"2","R","2223","SM440","Human Resource Management",3,12,"THEORY","OPC","1","100+100+100+100","M1+MD+M2+E","0+0+0+17.5","687"
"4827",2021,1,4,1,5,"3","R","2370","SM401","Industrial Management",3,12,"THEORY","ESC","1","100+100+100+100","M1+MD+M2+E","0+0+0+17.5","763"
"4828",2021,1,4,1,5,"3","R","2375","EE401","Electric Drives",3,5,"THEORY","PCC","1","100+100+100+100","M1+MD+M2+E","0+0+0+17.5","763"
"4829",2021,2,4,2,5,"3","R","2380","EE5164","Electric Vehicles",3,5,"THEORY","DEC","1","100+100+100+100","M1+MD+M2+E","0+0+0+17.5","771"
"4832",2021,1,4,1,6,"3","R","2395","EC403","Advanced Digital Signal Processing",3,6,"THEORY","PCC","1","100+100+100+100","M1+MD+M2+E","0+0+0+17.5","764"
"4833",2021,2,4,2,6,"3","R","2400","EC455","Microwave and Lightwave Technologies Lab",2,6,"LAB","PCC","1","100+100+100+100","M1+MD+M2+E","0+0+0+14","772"
